sample,fastq_1,fastq_2
AZ_A1,/home/koraop/nob_dir/sc_transcriptomics/fastq_out/AZ_A1.fastq.gz,
AZ_A10,/home/koraop/nob_dir/sc_transcriptomics/fastq_out/AZ_A10.fastq.gz,
AZ_A11,/home/koraop/nob_dir/sc_transcriptomics/fastq_out/AZ_A11.fastq.gz,
AZ_A12,/home/koraop/nob_dir/sc_transcriptomics/fastq_out/AZ_A12.fastq.gz,
AZ_A2,/home/koraop/nob_dir/sc_transcriptomics/fastq_out/AZ_A2.fastq.gz,
AZ_A3,/home/koraop/nob_dir/sc_transcriptomics/fastq_out/AZ_A3.fastq.gz,
AZ_A4,/home/koraop/nob_dir/sc_transcriptomics/fastq_out/AZ_A4.fastq.gz,
AZ_A5,/home/koraop/nob_dir/sc_transcriptomics/fastq_out/AZ_A5.fastq.gz,
AZ_A6,/home/koraop/nob_dir/sc_transcriptomics/fastq_out/AZ_A6.fastq.gz,
AZ_A7,/home/koraop/nob_dir/sc_transcriptomics/fastq_out/AZ_A7.fastq.gz,
AZ_A8,/home/koraop/nob_dir/sc_transcriptomics/fastq_out/AZ_A8.fastq.gz,
AZ_A9,/home/koraop/nob_dir/sc_transcriptomics/fastq_out/AZ_A9.fastq.gz,
AZ_B1,/home/koraop/nob_dir/sc_transcriptomics/fastq_out/AZ_B1.fastq.gz,
AZ_B10,/home/koraop/nob_dir/sc_transcriptomics/fastq_out/AZ_B10.fastq.gz,
AZ_B11,/home/koraop/nob_dir/sc_transcriptomics/fastq_out/AZ_B11.fastq.gz,
AZ_B12,/home/koraop/nob_dir/sc_transcriptomics/fastq_out/AZ_B12.fastq.gz,
AZ_B2,/home/koraop/nob_dir/sc_transcriptomics/fastq_out/AZ_B2.fastq.gz,
AZ_B3,/home/koraop/nob_dir/sc_transcriptomics/fastq_out/AZ_B3.fastq.gz,
AZ_B4,/home/koraop/nob_dir/sc_transcriptomics/fastq_out/AZ_B4.fastq.gz,
AZ_B5,/home/koraop/nob_dir/sc_transcriptomics/fastq_out/AZ_B5.fastq.gz,
AZ_B6,/home/koraop/nob_dir/sc_transcriptomics/fastq_out/AZ_B6.fastq.gz,
AZ_B7,/home/koraop/nob_dir/sc_transcriptomics/fastq_out/AZ_B7.fastq.gz,
AZ_B8,/home/koraop/nob_dir/sc_transcriptomics/fastq_out/AZ_B8.fastq.gz,
AZ_B9,/home/koraop/nob_dir/sc_transcriptomics/fastq_out/AZ_B9.fastq.gz,
AZ_C1,/home/koraop/nob_dir/sc_transcriptomics/fastq_out/AZ_C1.fastq.gz,
AZ_C10,/home/koraop/nob_dir/sc_transcriptomics/fastq_out/AZ_C10.fastq.gz,
AZ_C11,/home/koraop/nob_dir/sc_transcriptomics/fastq_out/AZ_C11.fastq.gz,
AZ_C12,/home/koraop/nob_dir/sc_transcriptomics/fastq_out/AZ_C12.fastq.gz,
AZ_C2,/home/koraop/nob_dir/sc_transcriptomics/fastq_out/AZ_C2.fastq.gz,
AZ_C3,/home/koraop/nob_dir/sc_transcriptomics/fastq_out/AZ_C3.fastq.gz,
AZ_C4,/home/koraop/nob_dir/sc_transcriptomics/fastq_out/AZ_C4.fastq.gz,
AZ_C5,/home/koraop/nob_dir/sc_transcriptomics/fastq_out/AZ_C5.fastq.gz,
AZ_C6,/home/koraop/nob_dir/sc_transcriptomics/fastq_out/AZ_C6.fastq.gz,
AZ_C7,/home/koraop/nob_dir/sc_transcriptomics/fastq_out/AZ_C7.fastq.gz,
AZ_C8,/home/koraop/nob_dir/sc_transcriptomics/fastq_out/AZ_C8.fastq.gz,
AZ_C9,/home/koraop/nob_dir/sc_transcriptomics/fastq_out/AZ_C9.fastq.gz,
AZ_D1,/home/koraop/nob_dir/sc_transcriptomics/fastq_out/AZ_D1.fastq.gz,
AZ_D10,/home/koraop/nob_dir/sc_transcriptomics/fastq_out/AZ_D10.fastq.gz,
AZ_D11,/home/koraop/nob_dir/sc_transcriptomics/fastq_out/AZ_D11.fastq.gz,
AZ_D12,/home/koraop/nob_dir/sc_transcriptomics/fastq_out/AZ_D12.fastq.gz,
AZ_D2,/home/koraop/nob_dir/sc_transcriptomics/fastq_out/AZ_D2.fastq.gz,
AZ_D3,/home/koraop/nob_dir/sc_transcriptomics/fastq_out/AZ_D3.fastq.gz,
AZ_D4,/home/koraop/nob_dir/sc_transcriptomics/fastq_out/AZ_D4.fastq.gz,
AZ_D5,/home/koraop/nob_dir/sc_transcriptomics/fastq_out/AZ_D5.fastq.gz,
AZ_D6,/home/koraop/nob_dir/sc_transcriptomics/fastq_out/AZ_D6.fastq.gz,
AZ_D7,/home/koraop/nob_dir/sc_transcriptomics/fastq_out/AZ_D7.fastq.gz,
AZ_D8,/home/koraop/nob_dir/sc_transcriptomics/fastq_out/AZ_D8.fastq.gz,
AZ_D9,/home/koraop/nob_dir/sc_transcriptomics/fastq_out/AZ_D9.fastq.gz,
AZ_E1,/home/koraop/nob_dir/sc_transcriptomics/fastq_out/AZ_E1.fastq.gz,
AZ_E10,/home/koraop/nob_dir/sc_transcriptomics/fastq_out/AZ_E10.fastq.gz,
AZ_E11,/home/koraop/nob_dir/sc_transcriptomics/fastq_out/AZ_E11.fastq.gz,
AZ_E12,/home/koraop/nob_dir/sc_transcriptomics/fastq_out/AZ_E12.fastq.gz,
AZ_E2,/home/koraop/nob_dir/sc_transcriptomics/fastq_out/AZ_E2.fastq.gz,
AZ_E3,/home/koraop/nob_dir/sc_transcriptomics/fastq_out/AZ_E3.fastq.gz,
AZ_E4,/home/koraop/nob_dir/sc_transcriptomics/fastq_out/AZ_E4.fastq.gz,
AZ_E5,/home/koraop/nob_dir/sc_transcriptomics/fastq_out/AZ_E5.fastq.gz,
AZ_E6,/home/koraop/nob_dir/sc_transcriptomics/fastq_out/AZ_E6.fastq.gz,
AZ_E7,/home/koraop/nob_dir/sc_transcriptomics/fastq_out/AZ_E7.fastq.gz,
AZ_E8,/home/koraop/nob_dir/sc_transcriptomics/fastq_out/AZ_E8.fastq.gz,
AZ_E9,/home/koraop/nob_dir/sc_transcriptomics/fastq_out/AZ_E9.fastq.gz,
AZ_F1,/home/koraop/nob_dir/sc_transcriptomics/fastq_out/AZ_F1.fastq.gz,
AZ_F10,/home/koraop/nob_dir/sc_transcriptomics/fastq_out/AZ_F10.fastq.gz,
AZ_F11,/home/koraop/nob_dir/sc_transcriptomics/fastq_out/AZ_F11.fastq.gz,
AZ_F12,/home/koraop/nob_dir/sc_transcriptomics/fastq_out/AZ_F12.fastq.gz,
AZ_F2,/home/koraop/nob_dir/sc_transcriptomics/fastq_out/AZ_F2.fastq.gz,
AZ_F3,/home/koraop/nob_dir/sc_transcriptomics/fastq_out/AZ_F3.fastq.gz,
AZ_F4,/home/koraop/nob_dir/sc_transcriptomics/fastq_out/AZ_F4.fastq.gz,
AZ_F5,/home/koraop/nob_dir/sc_transcriptomics/fastq_out/AZ_F5.fastq.gz,
AZ_F6,/home/koraop/nob_dir/sc_transcriptomics/fastq_out/AZ_F6.fastq.gz,
AZ_F7,/home/koraop/nob_dir/sc_transcriptomics/fastq_out/AZ_F7.fastq.gz,
AZ_F8,/home/koraop/nob_dir/sc_transcriptomics/fastq_out/AZ_F8.fastq.gz,
AZ_F9,/home/koraop/nob_dir/sc_transcriptomics/fastq_out/AZ_F9.fastq.gz,
AZ_G1,/home/koraop/nob_dir/sc_transcriptomics/fastq_out/AZ_G1.fastq.gz,
AZ_G10,/home/koraop/nob_dir/sc_transcriptomics/fastq_out/AZ_G10.fastq.gz,
AZ_G11,/home/koraop/nob_dir/sc_transcriptomics/fastq_out/AZ_G11.fastq.gz,
AZ_G12,/home/koraop/nob_dir/sc_transcriptomics/fastq_out/AZ_G12.fastq.gz,
AZ_G2,/home/koraop/nob_dir/sc_transcriptomics/fastq_out/AZ_G2.fastq.gz,
AZ_G3,/home/koraop/nob_dir/sc_transcriptomics/fastq_out/AZ_G3.fastq.gz,
AZ_G4,/home/koraop/nob_dir/sc_transcriptomics/fastq_out/AZ_G4.fastq.gz,
AZ_G5,/home/koraop/nob_dir/sc_transcriptomics/fastq_out/AZ_G5.fastq.gz,
AZ_G6,/home/koraop/nob_dir/sc_transcriptomics/fastq_out/AZ_G6.fastq.gz,
AZ_G7,/home/koraop/nob_dir/sc_transcriptomics/fastq_out/AZ_G7.fastq.gz,
AZ_G8,/home/koraop/nob_dir/sc_transcriptomics/fastq_out/AZ_G8.fastq.gz,
AZ_G9,/home/koraop/nob_dir/sc_transcriptomics/fastq_out/AZ_G9.fastq.gz,
AZ_H1,/home/koraop/nob_dir/sc_transcriptomics/fastq_out/AZ_H1.fastq.gz,
AZ_H10,/home/koraop/nob_dir/sc_transcriptomics/fastq_out/AZ_H10.fastq.gz,
AZ_H11,/home/koraop/nob_dir/sc_transcriptomics/fastq_out/AZ_H11.fastq.gz,
AZ_H12,/home/koraop/nob_dir/sc_transcriptomics/fastq_out/AZ_H12.fastq.gz,
AZ_H2,/home/koraop/nob_dir/sc_transcriptomics/fastq_out/AZ_H2.fastq.gz,
AZ_H3,/home/koraop/nob_dir/sc_transcriptomics/fastq_out/AZ_H3.fastq.gz,
AZ_H4,/home/koraop/nob_dir/sc_transcriptomics/fastq_out/AZ_H4.fastq.gz,
AZ_H5,/home/koraop/nob_dir/sc_transcriptomics/fastq_out/AZ_H5.fastq.gz,
AZ_H6,/home/koraop/nob_dir/sc_transcriptomics/fastq_out/AZ_H6.fastq.gz,
AZ_H7,/home/koraop/nob_dir/sc_transcriptomics/fastq_out/AZ_H7.fastq.gz,
AZ_H8,/home/koraop/nob_dir/sc_transcriptomics/fastq_out/AZ_H8.fastq.gz,
AZ_H9,/home/koraop/nob_dir/sc_transcriptomics/fastq_out/AZ_H9.fastq.gz,
HP1502401_A1,/home/koraop/nob_dir/sc_transcriptomics/fastq_out/HP1502401_A1.fastq.gz,
HP1502401_A10,/home/koraop/nob_dir/sc_transcriptomics/fastq_out/HP1502401_A10.fastq.gz,
HP1502401_A11,/home/koraop/nob_dir/sc_transcriptomics/fastq_out/HP1502401_A11.fastq.gz,
HP1502401_A12,/home/koraop/nob_dir/sc_transcriptomics/fastq_out/HP1502401_A12.fastq.gz,
HP1502401_A14,/home/koraop/nob_dir/sc_transcriptomics/fastq_out/HP1502401_A14.fastq.gz,
HP1502401_A15,/home/koraop/nob_dir/sc_transcriptomics/fastq_out/HP1502401_A15.fastq.gz,
HP1502401_A16,/home/koraop/nob_dir/sc_transcriptomics/fastq_out/HP1502401_A16.fastq.gz,
HP1502401_A17,/home/koraop/nob_dir/sc_transcriptomics/fastq_out/HP1502401_A17.fastq.gz,
HP1502401_A18,/home/koraop/nob_dir/sc_transcriptomics/fastq_out/HP1502401_A18.fastq.gz,
HP1502401_A19,/home/koraop/nob_dir/sc_transcriptomics/fastq_out/HP1502401_A19.fastq.gz,
HP1502401_A2,/home/koraop/nob_dir/sc_transcriptomics/fastq_out/HP1502401_A2.fastq.gz,
HP1502401_A20,/home/koraop/nob_dir/sc_transcriptomics/fastq_out/HP1502401_A20.fastq.gz,
HP1502401_A21,/home/koraop/nob_dir/sc_transcriptomics/fastq_out/HP1502401_A21.fastq.gz,
HP1502401_A22,/home/koraop/nob_dir/sc_transcriptomics/fastq_out/HP1502401_A22.fastq.gz,
HP1502401_A23,/home/koraop/nob_dir/sc_transcriptomics/fastq_out/HP1502401_A23.fastq.gz,
HP1502401_A24,/home/koraop/nob_dir/sc_transcriptomics/fastq_out/HP1502401_A24.fastq.gz,
HP1502401_A3,/home/koraop/nob_dir/sc_transcriptomics/fastq_out/HP1502401_A3.fastq.gz,
HP1502401_A4,/home/koraop/nob_dir/sc_transcriptomics/fastq_out/HP1502401_A4.fastq.gz,
HP1502401_A5,/home/koraop/nob_dir/sc_transcriptomics/fastq_out/HP1502401_A5.fastq.gz,
HP1502401_A6,/home/koraop/nob_dir/sc_transcriptomics/fastq_out/HP1502401_A6.fastq.gz,
HP1502401_A7,/home/koraop/nob_dir/sc_transcriptomics/fastq_out/HP1502401_A7.fastq.gz,
HP1502401_A8,/home/koraop/nob_dir/sc_transcriptomics/fastq_out/HP1502401_A8.fastq.gz,
HP1502401_A9,/home/koraop/nob_dir/sc_transcriptomics/fastq_out/HP1502401_A9.fastq.gz,
HP1502401_B1,/home/koraop/nob_dir/sc_transcriptomics/fastq_out/HP1502401_B1.fastq.gz,
HP1502401_B10,/home/koraop/nob_dir/sc_transcriptomics/fastq_out/HP1502401_B10.fastq.gz,
HP1502401_B11,/home/koraop/nob_dir/sc_transcriptomics/fastq_out/HP1502401_B11.fastq.gz,
HP1502401_B12,/home/koraop/nob_dir/sc_transcriptomics/fastq_out/HP1502401_B12.fastq.gz,
HP1502401_B13,/home/koraop/nob_dir/sc_transcriptomics/fastq_out/HP1502401_B13.fastq.gz,
HP1502401_B14,/home/koraop/nob_dir/sc_transcriptomics/fastq_out/HP1502401_B14.fastq.gz,
HP1502401_B15,/home/koraop/nob_dir/sc_transcriptomics/fastq_out/HP1502401_B15.fastq.gz,
HP1502401_B16,/home/koraop/nob_dir/sc_transcriptomics/fastq_out/HP1502401_B16.fastq.gz,
HP1502401_B17,/home/koraop/nob_dir/sc_transcriptomics/fastq_out/HP1502401_B17.fastq.gz,
HP1502401_B18,/home/koraop/nob_dir/sc_transcriptomics/fastq_out/HP1502401_B18.fastq.gz,
HP1502401_B19,/home/koraop/nob_dir/sc_transcriptomics/fastq_out/HP1502401_B19.fastq.gz,
HP1502401_B2,/home/koraop/nob_dir/sc_transcriptomics/fastq_out/HP1502401_B2.fastq.gz,
HP1502401_B20,/home/koraop/nob_dir/sc_transcriptomics/fastq_out/HP1502401_B20.fastq.gz,
HP1502401_B21,/home/koraop/nob_dir/sc_transcriptomics/fastq_out/HP1502401_B21.fastq.gz,
HP1502401_B22,/home/koraop/nob_dir/sc_transcriptomics/fastq_out/HP1502401_B22.fastq.gz,
HP1502401_B23,/home/koraop/nob_dir/sc_transcriptomics/fastq_out/HP1502401_B23.fastq.gz,
HP1502401_B24,/home/koraop/nob_dir/sc_transcriptomics/fastq_out/HP1502401_B24.fastq.gz,
HP1502401_B3,/home/koraop/nob_dir/sc_transcriptomics/fastq_out/HP1502401_B3.fastq.gz,
HP1502401_B4,/home/koraop/nob_dir/sc_transcriptomics/fastq_out/HP1502401_B4.fastq.gz,
HP1502401_B5,/home/koraop/nob_dir/sc_transcriptomics/fastq_out/HP1502401_B5.fastq.gz,
HP1502401_B6,/home/koraop/nob_dir/sc_transcriptomics/fastq_out/HP1502401_B6.fastq.gz,
HP1502401_B7,/home/koraop/nob_dir/sc_transcriptomics/fastq_out/HP1502401_B7.fastq.gz,
HP1502401_B8,/home/koraop/nob_dir/sc_transcriptomics/fastq_out/HP1502401_B8.fastq.gz,
HP1502401_B9,/home/koraop/nob_dir/sc_transcriptomics/fastq_out/HP1502401_B9.fastq.gz,
HP1502401_C1,/home/koraop/nob_dir/sc_transcriptomics/fastq_out/HP1502401_C1.fastq.gz,
HP1502401_C10,/home/koraop/nob_dir/sc_transcriptomics/fastq_out/HP1502401_C10.fastq.gz,
HP1502401_C11,/home/koraop/nob_dir/sc_transcriptomics/fastq_out/HP1502401_C11.fastq.gz,
HP1502401_C12,/home/koraop/nob_dir/sc_transcriptomics/fastq_out/HP1502401_C12.fastq.gz,
HP1502401_C14,/home/koraop/nob_dir/sc_transcriptomics/fastq_out/HP1502401_C14.fastq.gz,
HP1502401_C15,/home/koraop/nob_dir/sc_transcriptomics/fastq_out/HP1502401_C15.fastq.gz,
HP1502401_C16,/home/koraop/nob_dir/sc_transcriptomics/fastq_out/HP1502401_C16.fastq.gz,
HP1502401_C17,/home/koraop/nob_dir/sc_transcriptomics/fastq_out/HP1502401_C17.fastq.gz,
HP1502401_C18,/home/koraop/nob_dir/sc_transcriptomics/fastq_out/HP1502401_C18.fastq.gz,
HP1502401_C19,/home/koraop/nob_dir/sc_transcriptomics/fastq_out/HP1502401_C19.fastq.gz,
HP1502401_C2,/home/koraop/nob_dir/sc_transcriptomics/fastq_out/HP1502401_C2.fastq.gz,
HP1502401_C20,/home/koraop/nob_dir/sc_transcriptomics/fastq_out/HP1502401_C20.fastq.gz,
HP1502401_C21,/home/koraop/nob_dir/sc_transcriptomics/fastq_out/HP1502401_C21.fastq.gz,
HP1502401_C22,/home/koraop/nob_dir/sc_transcriptomics/fastq_out/HP1502401_C22.fastq.gz,
HP1502401_C23,/home/koraop/nob_dir/sc_transcriptomics/fastq_out/HP1502401_C23.fastq.gz,
HP1502401_C24,/home/koraop/nob_dir/sc_transcriptomics/fastq_out/HP1502401_C24.fastq.gz,
HP1502401_C3,/home/koraop/nob_dir/sc_transcriptomics/fastq_out/HP1502401_C3.fastq.gz,
HP1502401_C4,/home/koraop/nob_dir/sc_transcriptomics/fastq_out/HP1502401_C4.fastq.gz,
HP1502401_C5,/home/koraop/nob_dir/sc_transcriptomics/fastq_out/HP1502401_C5.fastq.gz,
HP1502401_C6,/home/koraop/nob_dir/sc_transcriptomics/fastq_out/HP1502401_C6.fastq.gz,
HP1502401_C7,/home/koraop/nob_dir/sc_transcriptomics/fastq_out/HP1502401_C7.fastq.gz,
HP1502401_C8,/home/koraop/nob_dir/sc_transcriptomics/fastq_out/HP1502401_C8.fastq.gz,
HP1502401_C9,/home/koraop/nob_dir/sc_transcriptomics/fastq_out/HP1502401_C9.fastq.gz,
HP1502401_D1,/home/koraop/nob_dir/sc_transcriptomics/fastq_out/HP1502401_D1.fastq.gz,
HP1502401_D10,/home/koraop/nob_dir/sc_transcriptomics/fastq_out/HP1502401_D10.fastq.gz,
HP1502401_D11,/home/koraop/nob_dir/sc_transcriptomics/fastq_out/HP1502401_D11.fastq.gz,
HP1502401_D12,/home/koraop/nob_dir/sc_transcriptomics/fastq_out/HP1502401_D12.fastq.gz,
HP1502401_D13,/home/koraop/nob_dir/sc_transcriptomics/fastq_out/HP1502401_D13.fastq.gz,
HP1502401_D14,/home/koraop/nob_dir/sc_transcriptomics/fastq_out/HP1502401_D14.fastq.gz,
HP1502401_D15,/home/koraop/nob_dir/sc_transcriptomics/fastq_out/HP1502401_D15.fastq.gz,
HP1502401_D16,/home/koraop/nob_dir/sc_transcriptomics/fastq_out/HP1502401_D16.fastq.gz,
HP1502401_D17,/home/koraop/nob_dir/sc_transcriptomics/fastq_out/HP1502401_D17.fastq.gz,
HP1502401_D18,/home/koraop/nob_dir/sc_transcriptomics/fastq_out/HP1502401_D18.fastq.gz,
HP1502401_D19,/home/koraop/nob_dir/sc_transcriptomics/fastq_out/HP1502401_D19.fastq.gz,
HP1502401_D2,/home/koraop/nob_dir/sc_transcriptomics/fastq_out/HP1502401_D2.fastq.gz,
HP1502401_D20,/home/koraop/nob_dir/sc_transcriptomics/fastq_out/HP1502401_D20.fastq.gz,
HP1502401_D21,/home/koraop/nob_dir/sc_transcriptomics/fastq_out/HP1502401_D21.fastq.gz,
HP1502401_D22,/home/koraop/nob_dir/sc_transcriptomics/fastq_out/HP1502401_D22.fastq.gz,
HP1502401_D23,/home/koraop/nob_dir/sc_transcriptomics/fastq_out/HP1502401_D23.fastq.gz,
HP1502401_D24,/home/koraop/nob_dir/sc_transcriptomics/fastq_out/HP1502401_D24.fastq.gz,
HP1502401_D3,/home/koraop/nob_dir/sc_transcriptomics/fastq_out/HP1502401_D3.fastq.gz,
HP1502401_D4,/home/koraop/nob_dir/sc_transcriptomics/fastq_out/HP1502401_D4.fastq.gz,
HP1502401_D5,/home/koraop/nob_dir/sc_transcriptomics/fastq_out/HP1502401_D5.fastq.gz,
HP1502401_D6,/home/koraop/nob_dir/sc_transcriptomics/fastq_out/HP1502401_D6.fastq.gz,
HP1502401_D7,/home/koraop/nob_dir/sc_transcriptomics/fastq_out/HP1502401_D7.fastq.gz,
HP1502401_D8,/home/koraop/nob_dir/sc_transcriptomics/fastq_out/HP1502401_D8.fastq.gz,
HP1502401_D9,/home/koraop/nob_dir/sc_transcriptomics/fastq_out/HP1502401_D9.fastq.gz,
HP1502401_E1,/home/koraop/nob_dir/sc_transcriptomics/fastq_out/HP1502401_E1.fastq.gz,
HP1502401_E10,/home/koraop/nob_dir/sc_transcriptomics/fastq_out/HP1502401_E10.fastq.gz,
HP1502401_E11,/home/koraop/nob_dir/sc_transcriptomics/fastq_out/HP1502401_E11.fastq.gz,
HP1502401_E12,/home/koraop/nob_dir/sc_transcriptomics/fastq_out/HP1502401_E12.fastq.gz,
HP1502401_E14,/home/koraop/nob_dir/sc_transcriptomics/fastq_out/HP1502401_E14.fastq.gz,
HP1502401_E15,/home/koraop/nob_dir/sc_transcriptomics/fastq_out/HP1502401_E15.fastq.gz,
HP1502401_E16,/home/koraop/nob_dir/sc_transcriptomics/fastq_out/HP1502401_E16.fastq.gz,
HP1502401_E17,/home/koraop/nob_dir/sc_transcriptomics/fastq_out/HP1502401_E17.fastq.gz,
HP1502401_E18,/home/koraop/nob_dir/sc_transcriptomics/fastq_out/HP1502401_E18.fastq.gz,
HP1502401_E19,/home/koraop/nob_dir/sc_transcriptomics/fastq_out/HP1502401_E19.fastq.gz,
HP1502401_E2,/home/koraop/nob_dir/sc_transcriptomics/fastq_out/HP1502401_E2.fastq.gz,
HP1502401_E20,/home/koraop/nob_dir/sc_transcriptomics/fastq_out/HP1502401_E20.fastq.gz,
HP1502401_E21,/home/koraop/nob_dir/sc_transcriptomics/fastq_out/HP1502401_E21.fastq.gz,
HP1502401_E22,/home/koraop/nob_dir/sc_transcriptomics/fastq_out/HP1502401_E22.fastq.gz,
HP1502401_E23,/home/koraop/nob_dir/sc_transcriptomics/fastq_out/HP1502401_E23.fastq.gz,
HP1502401_E24,/home/koraop/nob_dir/sc_transcriptomics/fastq_out/HP1502401_E24.fastq.gz,
HP1502401_E3,/home/koraop/nob_dir/sc_transcriptomics/fastq_out/HP1502401_E3.fastq.gz,
HP1502401_E4,/home/koraop/nob_dir/sc_transcriptomics/fastq_out/HP1502401_E4.fastq.gz,
HP1502401_E5,/home/koraop/nob_dir/sc_transcriptomics/fastq_out/HP1502401_E5.fastq.gz,
HP1502401_E6,/home/koraop/nob_dir/sc_transcriptomics/fastq_out/HP1502401_E6.fastq.gz,
HP1502401_E7,/home/koraop/nob_dir/sc_transcriptomics/fastq_out/HP1502401_E7.fastq.gz,
HP1502401_E8,/home/koraop/nob_dir/sc_transcriptomics/fastq_out/HP1502401_E8.fastq.gz,
HP1502401_E9,/home/koraop/nob_dir/sc_transcriptomics/fastq_out/HP1502401_E9.fastq.gz,
HP1502401_F1,/home/koraop/nob_dir/sc_transcriptomics/fastq_out/HP1502401_F1.fastq.gz,
HP1502401_F10,/home/koraop/nob_dir/sc_transcriptomics/fastq_out/HP1502401_F10.fastq.gz,
HP1502401_F11,/home/koraop/nob_dir/sc_transcriptomics/fastq_out/HP1502401_F11.fastq.gz,
HP1502401_F12,/home/koraop/nob_dir/sc_transcriptomics/fastq_out/HP1502401_F12.fastq.gz,
HP1502401_F13,/home/koraop/nob_dir/sc_transcriptomics/fastq_out/HP1502401_F13.fastq.gz,
HP1502401_F14,/home/koraop/nob_dir/sc_transcriptomics/fastq_out/HP1502401_F14.fastq.gz,
HP1502401_F15,/home/koraop/nob_dir/sc_transcriptomics/fastq_out/HP1502401_F15.fastq.gz,
HP1502401_F16,/home/koraop/nob_dir/sc_transcriptomics/fastq_out/HP1502401_F16.fastq.gz,
HP1502401_F17,/home/koraop/nob_dir/sc_transcriptomics/fastq_out/HP1502401_F17.fastq.gz,
HP1502401_F18,/home/koraop/nob_dir/sc_transcriptomics/fastq_out/HP1502401_F18.fastq.gz,
HP1502401_F19,/home/koraop/nob_dir/sc_transcriptomics/fastq_out/HP1502401_F19.fastq.gz,
HP1502401_F2,/home/koraop/nob_dir/sc_transcriptomics/fastq_out/HP1502401_F2.fastq.gz,
HP1502401_F20,/home/koraop/nob_dir/sc_transcriptomics/fastq_out/HP1502401_F20.fastq.gz,
HP1502401_F21,/home/koraop/nob_dir/sc_transcriptomics/fastq_out/HP1502401_F21.fastq.gz,
HP1502401_F22,/home/koraop/nob_dir/sc_transcriptomics/fastq_out/HP1502401_F22.fastq.gz,
HP1502401_F23,/home/koraop/nob_dir/sc_transcriptomics/fastq_out/HP1502401_F23.fastq.gz,
HP1502401_F24,/home/koraop/nob_dir/sc_transcriptomics/fastq_out/HP1502401_F24.fastq.gz,
HP1502401_F3,/home/koraop/nob_dir/sc_transcriptomics/fastq_out/HP1502401_F3.fastq.gz,
HP1502401_F4,/home/koraop/nob_dir/sc_transcriptomics/fastq_out/HP1502401_F4.fastq.gz,
HP1502401_F5,/home/koraop/nob_dir/sc_transcriptomics/fastq_out/HP1502401_F5.fastq.gz,
HP1502401_F6,/home/koraop/nob_dir/sc_transcriptomics/fastq_out/HP1502401_F6.fastq.gz,
HP1502401_F7,/home/koraop/nob_dir/sc_transcriptomics/fastq_out/HP1502401_F7.fastq.gz,
HP1502401_F8,/home/koraop/nob_dir/sc_transcriptomics/fastq_out/HP1502401_F8.fastq.gz,
HP1502401_F9,/home/koraop/nob_dir/sc_transcriptomics/fastq_out/HP1502401_F9.fastq.gz,
HP1502401_G1,/home/koraop/nob_dir/sc_transcriptomics/fastq_out/HP1502401_G1.fastq.gz,
HP1502401_G10,/home/koraop/nob_dir/sc_transcriptomics/fastq_out/HP1502401_G10.fastq.gz,
HP1502401_G11,/home/koraop/nob_dir/sc_transcriptomics/fastq_out/HP1502401_G11.fastq.gz,
HP1502401_G12,/home/koraop/nob_dir/sc_transcriptomics/fastq_out/HP1502401_G12.fastq.gz,
HP1502401_G14,/home/koraop/nob_dir/sc_transcriptomics/fastq_out/HP1502401_G14.fastq.gz,
HP1502401_G15,/home/koraop/nob_dir/sc_transcriptomics/fastq_out/HP1502401_G15.fastq.gz,
HP1502401_G16,/home/koraop/nob_dir/sc_transcriptomics/fastq_out/HP1502401_G16.fastq.gz,
HP1502401_G17,/home/koraop/nob_dir/sc_transcriptomics/fastq_out/HP1502401_G17.fastq.gz,
HP1502401_G18,/home/koraop/nob_dir/sc_transcriptomics/fastq_out/HP1502401_G18.fastq.gz,
HP1502401_G19,/home/koraop/nob_dir/sc_transcriptomics/fastq_out/HP1502401_G19.fastq.gz,
HP1502401_G2,/home/koraop/nob_dir/sc_transcriptomics/fastq_out/HP1502401_G2.fastq.gz,
HP1502401_G20,/home/koraop/nob_dir/sc_transcriptomics/fastq_out/HP1502401_G20.fastq.gz,
HP1502401_G21,/home/koraop/nob_dir/sc_transcriptomics/fastq_out/HP1502401_G21.fastq.gz,
HP1502401_G22,/home/koraop/nob_dir/sc_transcriptomics/fastq_out/HP1502401_G22.fastq.gz,
HP1502401_G23,/home/koraop/nob_dir/sc_transcriptomics/fastq_out/HP1502401_G23.fastq.gz,
HP1502401_G24,/home/koraop/nob_dir/sc_transcriptomics/fastq_out/HP1502401_G24.fastq.gz,
HP1502401_G3,/home/koraop/nob_dir/sc_transcriptomics/fastq_out/HP1502401_G3.fastq.gz,
HP1502401_G4,/home/koraop/nob_dir/sc_transcriptomics/fastq_out/HP1502401_G4.fastq.gz,
HP1502401_G5,/home/koraop/nob_dir/sc_transcriptomics/fastq_out/HP1502401_G5.fastq.gz,
HP1502401_G6,/home/koraop/nob_dir/sc_transcriptomics/fastq_out/HP1502401_G6.fastq.gz,
HP1502401_G7,/home/koraop/nob_dir/sc_transcriptomics/fastq_out/HP1502401_G7.fastq.gz,
HP1502401_G8,/home/koraop/nob_dir/sc_transcriptomics/fastq_out/HP1502401_G8.fastq.gz,
HP1502401_G9,/home/koraop/nob_dir/sc_transcriptomics/fastq_out/HP1502401_G9.fastq.gz,
HP1502401_H1,/home/koraop/nob_dir/sc_transcriptomics/fastq_out/HP1502401_H1.fastq.gz,
HP1502401_H10,/home/koraop/nob_dir/sc_transcriptomics/fastq_out/HP1502401_H10.fastq.gz,
HP1502401_H11,/home/koraop/nob_dir/sc_transcriptomics/fastq_out/HP1502401_H11.fastq.gz,
HP1502401_H12,/home/koraop/nob_dir/sc_transcriptomics/fastq_out/HP1502401_H12.fastq.gz,
HP1502401_H13,/home/koraop/nob_dir/sc_transcriptomics/fastq_out/HP1502401_H13.fastq.gz,
HP1502401_H14,/home/koraop/nob_dir/sc_transcriptomics/fastq_out/HP1502401_H14.fastq.gz,
HP1502401_H15,/home/koraop/nob_dir/sc_transcriptomics/fastq_out/HP1502401_H15.fastq.gz,
HP1502401_H16,/home/koraop/nob_dir/sc_transcriptomics/fastq_out/HP1502401_H16.fastq.gz,
HP1502401_H17,/home/koraop/nob_dir/sc_transcriptomics/fastq_out/HP1502401_H17.fastq.gz,
HP1502401_H18,/home/koraop/nob_dir/sc_transcriptomics/fastq_out/HP1502401_H18.fastq.gz,
HP1502401_H19,/home/koraop/nob_dir/sc_transcriptomics/fastq_out/HP1502401_H19.fastq.gz,
HP1502401_H2,/home/koraop/nob_dir/sc_transcriptomics/fastq_out/HP1502401_H2.fastq.gz,
HP1502401_H20,/home/koraop/nob_dir/sc_transcriptomics/fastq_out/HP1502401_H20.fastq.gz,
HP1502401_H21,/home/koraop/nob_dir/sc_transcriptomics/fastq_out/HP1502401_H21.fastq.gz,
HP1502401_H22,/home/koraop/nob_dir/sc_transcriptomics/fastq_out/HP1502401_H22.fastq.gz,
HP1502401_H23,/home/koraop/nob_dir/sc_transcriptomics/fastq_out/HP1502401_H23.fastq.gz,
HP1502401_H24,/home/koraop/nob_dir/sc_transcriptomics/fastq_out/HP1502401_H24.fastq.gz,
HP1502401_H3,/home/koraop/nob_dir/sc_transcriptomics/fastq_out/HP1502401_H3.fastq.gz,
HP1502401_H4,/home/koraop/nob_dir/sc_transcriptomics/fastq_out/HP1502401_H4.fastq.gz,
HP1502401_H5,/home/koraop/nob_dir/sc_transcriptomics/fastq_out/HP1502401_H5.fastq.gz,
HP1502401_H6,/home/koraop/nob_dir/sc_transcriptomics/fastq_out/HP1502401_H6.fastq.gz,
HP1502401_H7,/home/koraop/nob_dir/sc_transcriptomics/fastq_out/HP1502401_H7.fastq.gz,
HP1502401_H8,/home/koraop/nob_dir/sc_transcriptomics/fastq_out/HP1502401_H8.fastq.gz,
HP1502401_H9,/home/koraop/nob_dir/sc_transcriptomics/fastq_out/HP1502401_H9.fastq.gz,
HP1502401_I1,/home/koraop/nob_dir/sc_transcriptomics/fastq_out/HP1502401_I1.fastq.gz,
HP1502401_I10,/home/koraop/nob_dir/sc_transcriptomics/fastq_out/HP1502401_I10.fastq.gz,
HP1502401_I11,/home/koraop/nob_dir/sc_transcriptomics/fastq_out/HP1502401_I11.fastq.gz,
HP1502401_I12,/home/koraop/nob_dir/sc_transcriptomics/fastq_out/HP1502401_I12.fastq.gz,
HP1502401_I14,/home/koraop/nob_dir/sc_transcriptomics/fastq_out/HP1502401_I14.fastq.gz,
HP1502401_I15,/home/koraop/nob_dir/sc_transcriptomics/fastq_out/HP1502401_I15.fastq.gz,
HP1502401_I16,/home/koraop/nob_dir/sc_transcriptomics/fastq_out/HP1502401_I16.fastq.gz,
HP1502401_I17,/home/koraop/nob_dir/sc_transcriptomics/fastq_out/HP1502401_I17.fastq.gz,
HP1502401_I18,/home/koraop/nob_dir/sc_transcriptomics/fastq_out/HP1502401_I18.fastq.gz,
HP1502401_I19,/home/koraop/nob_dir/sc_transcriptomics/fastq_out/HP1502401_I19.fastq.gz,
HP1502401_I2,/home/koraop/nob_dir/sc_transcriptomics/fastq_out/HP1502401_I2.fastq.gz,
HP1502401_I20,/home/koraop/nob_dir/sc_transcriptomics/fastq_out/HP1502401_I20.fastq.gz,
HP1502401_I21,/home/koraop/nob_dir/sc_transcriptomics/fastq_out/HP1502401_I21.fastq.gz,
HP1502401_I22,/home/koraop/nob_dir/sc_transcriptomics/fastq_out/HP1502401_I22.fastq.gz,
HP1502401_I23,/home/koraop/nob_dir/sc_transcriptomics/fastq_out/HP1502401_I23.fastq.gz,
HP1502401_I24,/home/koraop/nob_dir/sc_transcriptomics/fastq_out/HP1502401_I24.fastq.gz,
HP1502401_I3,/home/koraop/nob_dir/sc_transcriptomics/fastq_out/HP1502401_I3.fastq.gz,
HP1502401_I4,/home/koraop/nob_dir/sc_transcriptomics/fastq_out/HP1502401_I4.fastq.gz,
HP1502401_I5,/home/koraop/nob_dir/sc_transcriptomics/fastq_out/HP1502401_I5.fastq.gz,
HP1502401_I6,/home/koraop/nob_dir/sc_transcriptomics/fastq_out/HP1502401_I6.fastq.gz,
HP1502401_I7,/home/koraop/nob_dir/sc_transcriptomics/fastq_out/HP1502401_I7.fastq.gz,
HP1502401_I8,/home/koraop/nob_dir/sc_transcriptomics/fastq_out/HP1502401_I8.fastq.gz,
HP1502401_I9,/home/koraop/nob_dir/sc_transcriptomics/fastq_out/HP1502401_I9.fastq.gz,
HP1502401_J1,/home/koraop/nob_dir/sc_transcriptomics/fastq_out/HP1502401_J1.fastq.gz,
HP1502401_J10,/home/koraop/nob_dir/sc_transcriptomics/fastq_out/HP1502401_J10.fastq.gz,
HP1502401_J11,/home/koraop/nob_dir/sc_transcriptomics/fastq_out/HP1502401_J11.fastq.gz,
HP1502401_J12,/home/koraop/nob_dir/sc_transcriptomics/fastq_out/HP1502401_J12.fastq.gz,
HP1502401_J13,/home/koraop/nob_dir/sc_transcriptomics/fastq_out/HP1502401_J13.fastq.gz,
HP1502401_J14,/home/koraop/nob_dir/sc_transcriptomics/fastq_out/HP1502401_J14.fastq.gz,
HP1502401_J15,/home/koraop/nob_dir/sc_transcriptomics/fastq_out/HP1502401_J15.fastq.gz,
HP1502401_J16,/home/koraop/nob_dir/sc_transcriptomics/fastq_out/HP1502401_J16.fastq.gz,
HP1502401_J17,/home/koraop/nob_dir/sc_transcriptomics/fastq_out/HP1502401_J17.fastq.gz,
HP1502401_J18,/home/koraop/nob_dir/sc_transcriptomics/fastq_out/HP1502401_J18.fastq.gz,
HP1502401_J19,/home/koraop/nob_dir/sc_transcriptomics/fastq_out/HP1502401_J19.fastq.gz,
HP1502401_J2,/home/koraop/nob_dir/sc_transcriptomics/fastq_out/HP1502401_J2.fastq.gz,
HP1502401_J20,/home/koraop/nob_dir/sc_transcriptomics/fastq_out/HP1502401_J20.fastq.gz,
HP1502401_J21,/home/koraop/nob_dir/sc_transcriptomics/fastq_out/HP1502401_J21.fastq.gz,
HP1502401_J22,/home/koraop/nob_dir/sc_transcriptomics/fastq_out/HP1502401_J22.fastq.gz,
HP1502401_J23,/home/koraop/nob_dir/sc_transcriptomics/fastq_out/HP1502401_J23.fastq.gz,
HP1502401_J24,/home/koraop/nob_dir/sc_transcriptomics/fastq_out/HP1502401_J24.fastq.gz,
HP1502401_J3,/home/koraop/nob_dir/sc_transcriptomics/fastq_out/HP1502401_J3.fastq.gz,
HP1502401_J4,/home/koraop/nob_dir/sc_transcriptomics/fastq_out/HP1502401_J4.fastq.gz,
HP1502401_J5,/home/koraop/nob_dir/sc_transcriptomics/fastq_out/HP1502401_J5.fastq.gz,
HP1502401_J6,/home/koraop/nob_dir/sc_transcriptomics/fastq_out/HP1502401_J6.fastq.gz,
HP1502401_J7,/home/koraop/nob_dir/sc_transcriptomics/fastq_out/HP1502401_J7.fastq.gz,
HP1502401_J8,/home/koraop/nob_dir/sc_transcriptomics/fastq_out/HP1502401_J8.fastq.gz,
HP1502401_J9,/home/koraop/nob_dir/sc_transcriptomics/fastq_out/HP1502401_J9.fastq.gz,
HP1502401_K1,/home/koraop/nob_dir/sc_transcriptomics/fastq_out/HP1502401_K1.fastq.gz,
HP1502401_K10,/home/koraop/nob_dir/sc_transcriptomics/fastq_out/HP1502401_K10.fastq.gz,
HP1502401_K11,/home/koraop/nob_dir/sc_transcriptomics/fastq_out/HP1502401_K11.fastq.gz,
HP1502401_K12,/home/koraop/nob_dir/sc_transcriptomics/fastq_out/HP1502401_K12.fastq.gz,
HP1502401_K14,/home/koraop/nob_dir/sc_transcriptomics/fastq_out/HP1502401_K14.fastq.gz,
HP1502401_K15,/home/koraop/nob_dir/sc_transcriptomics/fastq_out/HP1502401_K15.fastq.gz,
HP1502401_K16,/home/koraop/nob_dir/sc_transcriptomics/fastq_out/HP1502401_K16.fastq.gz,
HP1502401_K17,/home/koraop/nob_dir/sc_transcriptomics/fastq_out/HP1502401_K17.fastq.gz,
HP1502401_K18,/home/koraop/nob_dir/sc_transcriptomics/fastq_out/HP1502401_K18.fastq.gz,
HP1502401_K19,/home/koraop/nob_dir/sc_transcriptomics/fastq_out/HP1502401_K19.fastq.gz,
HP1502401_K2,/home/koraop/nob_dir/sc_transcriptomics/fastq_out/HP1502401_K2.fastq.gz,
HP1502401_K20,/home/koraop/nob_dir/sc_transcriptomics/fastq_out/HP1502401_K20.fastq.gz,
HP1502401_K21,/home/koraop/nob_dir/sc_transcriptomics/fastq_out/HP1502401_K21.fastq.gz,
HP1502401_K22,/home/koraop/nob_dir/sc_transcriptomics/fastq_out/HP1502401_K22.fastq.gz,
HP1502401_K23,/home/koraop/nob_dir/sc_transcriptomics/fastq_out/HP1502401_K23.fastq.gz,
HP1502401_K24,/home/koraop/nob_dir/sc_transcriptomics/fastq_out/HP1502401_K24.fastq.gz,
HP1502401_K3,/home/koraop/nob_dir/sc_transcriptomics/fastq_out/HP1502401_K3.fastq.gz,
HP1502401_K4,/home/koraop/nob_dir/sc_transcriptomics/fastq_out/HP1502401_K4.fastq.gz,
HP1502401_K5,/home/koraop/nob_dir/sc_transcriptomics/fastq_out/HP1502401_K5.fastq.gz,
HP1502401_K6,/home/koraop/nob_dir/sc_transcriptomics/fastq_out/HP1502401_K6.fastq.gz,
HP1502401_K7,/home/koraop/nob_dir/sc_transcriptomics/fastq_out/HP1502401_K7.fastq.gz,
HP1502401_K8,/home/koraop/nob_dir/sc_transcriptomics/fastq_out/HP1502401_K8.fastq.gz,
HP1502401_K9,/home/koraop/nob_dir/sc_transcriptomics/fastq_out/HP1502401_K9.fastq.gz,
HP1502401_L1,/home/koraop/nob_dir/sc_transcriptomics/fastq_out/HP1502401_L1.fastq.gz,
HP1502401_L10,/home/koraop/nob_dir/sc_transcriptomics/fastq_out/HP1502401_L10.fastq.gz,
HP1502401_L11,/home/koraop/nob_dir/sc_transcriptomics/fastq_out/HP1502401_L11.fastq.gz,
HP1502401_L12,/home/koraop/nob_dir/sc_transcriptomics/fastq_out/HP1502401_L12.fastq.gz,
HP1502401_L13,/home/koraop/nob_dir/sc_transcriptomics/fastq_out/HP1502401_L13.fastq.gz,
HP1502401_L14,/home/koraop/nob_dir/sc_transcriptomics/fastq_out/HP1502401_L14.fastq.gz,
HP1502401_L15,/home/koraop/nob_dir/sc_transcriptomics/fastq_out/HP1502401_L15.fastq.gz,
HP1502401_L16,/home/koraop/nob_dir/sc_transcriptomics/fastq_out/HP1502401_L16.fastq.gz,
HP1502401_L17,/home/koraop/nob_dir/sc_transcriptomics/fastq_out/HP1502401_L17.fastq.gz,
HP1502401_L18,/home/koraop/nob_dir/sc_transcriptomics/fastq_out/HP1502401_L18.fastq.gz,
HP1502401_L19,/home/koraop/nob_dir/sc_transcriptomics/fastq_out/HP1502401_L19.fastq.gz,
HP1502401_L2,/home/koraop/nob_dir/sc_transcriptomics/fastq_out/HP1502401_L2.fastq.gz,
HP1502401_L20,/home/koraop/nob_dir/sc_transcriptomics/fastq_out/HP1502401_L20.fastq.gz,
HP1502401_L21,/home/koraop/nob_dir/sc_transcriptomics/fastq_out/HP1502401_L21.fastq.gz,
HP1502401_L22,/home/koraop/nob_dir/sc_transcriptomics/fastq_out/HP1502401_L22.fastq.gz,
HP1502401_L23,/home/koraop/nob_dir/sc_transcriptomics/fastq_out/HP1502401_L23.fastq.gz,
HP1502401_L24,/home/koraop/nob_dir/sc_transcriptomics/fastq_out/HP1502401_L24.fastq.gz,
HP1502401_L3,/home/koraop/nob_dir/sc_transcriptomics/fastq_out/HP1502401_L3.fastq.gz,
HP1502401_L4,/home/koraop/nob_dir/sc_transcriptomics/fastq_out/HP1502401_L4.fastq.gz,
HP1502401_L5,/home/koraop/nob_dir/sc_transcriptomics/fastq_out/HP1502401_L5.fastq.gz,
HP1502401_L6,/home/koraop/nob_dir/sc_transcriptomics/fastq_out/HP1502401_L6.fastq.gz,
HP1502401_L7,/home/koraop/nob_dir/sc_transcriptomics/fastq_out/HP1502401_L7.fastq.gz,
HP1502401_L8,/home/koraop/nob_dir/sc_transcriptomics/fastq_out/HP1502401_L8.fastq.gz,
HP1502401_L9,/home/koraop/nob_dir/sc_transcriptomics/fastq_out/HP1502401_L9.fastq.gz,
HP1502401_M1,/home/koraop/nob_dir/sc_transcriptomics/fastq_out/HP1502401_M1.fastq.gz,
HP1502401_M10,/home/koraop/nob_dir/sc_transcriptomics/fastq_out/HP1502401_M10.fastq.gz,
HP1502401_M11,/home/koraop/nob_dir/sc_transcriptomics/fastq_out/HP1502401_M11.fastq.gz,
HP1502401_M12,/home/koraop/nob_dir/sc_transcriptomics/fastq_out/HP1502401_M12.fastq.gz,
HP1502401_M14,/home/koraop/nob_dir/sc_transcriptomics/fastq_out/HP1502401_M14.fastq.gz,
HP1502401_M15,/home/koraop/nob_dir/sc_transcriptomics/fastq_out/HP1502401_M15.fastq.gz,
HP1502401_M16,/home/koraop/nob_dir/sc_transcriptomics/fastq_out/HP1502401_M16.fastq.gz,
HP1502401_M17,/home/koraop/nob_dir/sc_transcriptomics/fastq_out/HP1502401_M17.fastq.gz,
HP1502401_M18,/home/koraop/nob_dir/sc_transcriptomics/fastq_out/HP1502401_M18.fastq.gz,
HP1502401_M19,/home/koraop/nob_dir/sc_transcriptomics/fastq_out/HP1502401_M19.fastq.gz,
HP1502401_M2,/home/koraop/nob_dir/sc_transcriptomics/fastq_out/HP1502401_M2.fastq.gz,
HP1502401_M20,/home/koraop/nob_dir/sc_transcriptomics/fastq_out/HP1502401_M20.fastq.gz,
HP1502401_M21,/home/koraop/nob_dir/sc_transcriptomics/fastq_out/HP1502401_M21.fastq.gz,
HP1502401_M22,/home/koraop/nob_dir/sc_transcriptomics/fastq_out/HP1502401_M22.fastq.gz,
HP1502401_M23,/home/koraop/nob_dir/sc_transcriptomics/fastq_out/HP1502401_M23.fastq.gz,
HP1502401_M24,/home/koraop/nob_dir/sc_transcriptomics/fastq_out/HP1502401_M24.fastq.gz,
HP1502401_M3,/home/koraop/nob_dir/sc_transcriptomics/fastq_out/HP1502401_M3.fastq.gz,
HP1502401_M4,/home/koraop/nob_dir/sc_transcriptomics/fastq_out/HP1502401_M4.fastq.gz,
HP1502401_M5,/home/koraop/nob_dir/sc_transcriptomics/fastq_out/HP1502401_M5.fastq.gz,
HP1502401_M6,/home/koraop/nob_dir/sc_transcriptomics/fastq_out/HP1502401_M6.fastq.gz,
HP1502401_M7,/home/koraop/nob_dir/sc_transcriptomics/fastq_out/HP1502401_M7.fastq.gz,
HP1502401_M8,/home/koraop/nob_dir/sc_transcriptomics/fastq_out/HP1502401_M8.fastq.gz,
HP1502401_M9,/home/koraop/nob_dir/sc_transcriptomics/fastq_out/HP1502401_M9.fastq.gz,
HP1502401_N1,/home/koraop/nob_dir/sc_transcriptomics/fastq_out/HP1502401_N1.fastq.gz,
HP1502401_N10,/home/koraop/nob_dir/sc_transcriptomics/fastq_out/HP1502401_N10.fastq.gz,
HP1502401_N11,/home/koraop/nob_dir/sc_transcriptomics/fastq_out/HP1502401_N11.fastq.gz,
HP1502401_N12,/home/koraop/nob_dir/sc_transcriptomics/fastq_out/HP1502401_N12.fastq.gz,
HP1502401_N13,/home/koraop/nob_dir/sc_transcriptomics/fastq_out/HP1502401_N13.fastq.gz,
HP1502401_N14,/home/koraop/nob_dir/sc_transcriptomics/fastq_out/HP1502401_N14.fastq.gz,
HP1502401_N15,/home/koraop/nob_dir/sc_transcriptomics/fastq_out/HP1502401_N15.fastq.gz,
HP1502401_N16,/home/koraop/nob_dir/sc_transcriptomics/fastq_out/HP1502401_N16.fastq.gz,
HP1502401_N17,/home/koraop/nob_dir/sc_transcriptomics/fastq_out/HP1502401_N17.fastq.gz,
HP1502401_N18,/home/koraop/nob_dir/sc_transcriptomics/fastq_out/HP1502401_N18.fastq.gz,
HP1502401_N19,/home/koraop/nob_dir/sc_transcriptomics/fastq_out/HP1502401_N19.fastq.gz,
HP1502401_N2,/home/koraop/nob_dir/sc_transcriptomics/fastq_out/HP1502401_N2.fastq.gz,
HP1502401_N20,/home/koraop/nob_dir/sc_transcriptomics/fastq_out/HP1502401_N20.fastq.gz,
HP1502401_N21,/home/koraop/nob_dir/sc_transcriptomics/fastq_out/HP1502401_N21.fastq.gz,
HP1502401_N22,/home/koraop/nob_dir/sc_transcriptomics/fastq_out/HP1502401_N22.fastq.gz,
HP1502401_N23,/home/koraop/nob_dir/sc_transcriptomics/fastq_out/HP1502401_N23.fastq.gz,
HP1502401_N24,/home/koraop/nob_dir/sc_transcriptomics/fastq_out/HP1502401_N24.fastq.gz,
HP1502401_N3,/home/koraop/nob_dir/sc_transcriptomics/fastq_out/HP1502401_N3.fastq.gz,
HP1502401_N4,/home/koraop/nob_dir/sc_transcriptomics/fastq_out/HP1502401_N4.fastq.gz,
HP1502401_N5,/home/koraop/nob_dir/sc_transcriptomics/fastq_out/HP1502401_N5.fastq.gz,
HP1502401_N6,/home/koraop/nob_dir/sc_transcriptomics/fastq_out/HP1502401_N6.fastq.gz,
HP1502401_N7,/home/koraop/nob_dir/sc_transcriptomics/fastq_out/HP1502401_N7.fastq.gz,
HP1502401_N8,/home/koraop/nob_dir/sc_transcriptomics/fastq_out/HP1502401_N8.fastq.gz,
HP1502401_N9,/home/koraop/nob_dir/sc_transcriptomics/fastq_out/HP1502401_N9.fastq.gz,
HP1502401_O1,/home/koraop/nob_dir/sc_transcriptomics/fastq_out/HP1502401_O1.fastq.gz,
HP1502401_O10,/home/koraop/nob_dir/sc_transcriptomics/fastq_out/HP1502401_O10.fastq.gz,
HP1502401_O11,/home/koraop/nob_dir/sc_transcriptomics/fastq_out/HP1502401_O11.fastq.gz,
HP1502401_O12,/home/koraop/nob_dir/sc_transcriptomics/fastq_out/HP1502401_O12.fastq.gz,
HP1502401_O14,/home/koraop/nob_dir/sc_transcriptomics/fastq_out/HP1502401_O14.fastq.gz,
HP1502401_O15,/home/koraop/nob_dir/sc_transcriptomics/fastq_out/HP1502401_O15.fastq.gz,
HP1502401_O16,/home/koraop/nob_dir/sc_transcriptomics/fastq_out/HP1502401_O16.fastq.gz,
HP1502401_O17,/home/koraop/nob_dir/sc_transcriptomics/fastq_out/HP1502401_O17.fastq.gz,
HP1502401_O18,/home/koraop/nob_dir/sc_transcriptomics/fastq_out/HP1502401_O18.fastq.gz,
HP1502401_O19,/home/koraop/nob_dir/sc_transcriptomics/fastq_out/HP1502401_O19.fastq.gz,
HP1502401_O2,/home/koraop/nob_dir/sc_transcriptomics/fastq_out/HP1502401_O2.fastq.gz,
HP1502401_O20,/home/koraop/nob_dir/sc_transcriptomics/fastq_out/HP1502401_O20.fastq.gz,
HP1502401_O21,/home/koraop/nob_dir/sc_transcriptomics/fastq_out/HP1502401_O21.fastq.gz,
HP1502401_O22,/home/koraop/nob_dir/sc_transcriptomics/fastq_out/HP1502401_O22.fastq.gz,
HP1502401_O23,/home/koraop/nob_dir/sc_transcriptomics/fastq_out/HP1502401_O23.fastq.gz,
HP1502401_O24,/home/koraop/nob_dir/sc_transcriptomics/fastq_out/HP1502401_O24.fastq.gz,
HP1502401_O3,/home/koraop/nob_dir/sc_transcriptomics/fastq_out/HP1502401_O3.fastq.gz,
HP1502401_O4,/home/koraop/nob_dir/sc_transcriptomics/fastq_out/HP1502401_O4.fastq.gz,
HP1502401_O5,/home/koraop/nob_dir/sc_transcriptomics/fastq_out/HP1502401_O5.fastq.gz,
HP1502401_O6,/home/koraop/nob_dir/sc_transcriptomics/fastq_out/HP1502401_O6.fastq.gz,
HP1502401_O7,/home/koraop/nob_dir/sc_transcriptomics/fastq_out/HP1502401_O7.fastq.gz,
HP1502401_O8,/home/koraop/nob_dir/sc_transcriptomics/fastq_out/HP1502401_O8.fastq.gz,
HP1502401_O9,/home/koraop/nob_dir/sc_transcriptomics/fastq_out/HP1502401_O9.fastq.gz,
HP1504101T2D_A1,/home/koraop/nob_dir/sc_transcriptomics/fastq_out/HP1504101T2D_A1.fastq.gz,
HP1504101T2D_A10,/home/koraop/nob_dir/sc_transcriptomics/fastq_out/HP1504101T2D_A10.fastq.gz,
HP1504101T2D_A11,/home/koraop/nob_dir/sc_transcriptomics/fastq_out/HP1504101T2D_A11.fastq.gz,
HP1504101T2D_A12,/home/koraop/nob_dir/sc_transcriptomics/fastq_out/HP1504101T2D_A12.fastq.gz,
HP1504101T2D_A13,/home/koraop/nob_dir/sc_transcriptomics/fastq_out/HP1504101T2D_A13.fastq.gz,
HP1504101T2D_A14,/home/koraop/nob_dir/sc_transcriptomics/fastq_out/HP1504101T2D_A14.fastq.gz,
HP1504101T2D_A15,/home/koraop/nob_dir/sc_transcriptomics/fastq_out/HP1504101T2D_A15.fastq.gz,
HP1504101T2D_A16,/home/koraop/nob_dir/sc_transcriptomics/fastq_out/HP1504101T2D_A16.fastq.gz,
HP1504101T2D_A17,/home/koraop/nob_dir/sc_transcriptomics/fastq_out/HP1504101T2D_A17.fastq.gz,
HP1504101T2D_A18,/home/koraop/nob_dir/sc_transcriptomics/fastq_out/HP1504101T2D_A18.fastq.gz,
HP1504101T2D_A19,/home/koraop/nob_dir/sc_transcriptomics/fastq_out/HP1504101T2D_A19.fastq.gz,
HP1504101T2D_A2,/home/koraop/nob_dir/sc_transcriptomics/fastq_out/HP1504101T2D_A2.fastq.gz,
HP1504101T2D_A20,/home/koraop/nob_dir/sc_transcriptomics/fastq_out/HP1504101T2D_A20.fastq.gz,
HP1504101T2D_A21,/home/koraop/nob_dir/sc_transcriptomics/fastq_out/HP1504101T2D_A21.fastq.gz,
HP1504101T2D_A22,/home/koraop/nob_dir/sc_transcriptomics/fastq_out/HP1504101T2D_A22.fastq.gz,
HP1504101T2D_A23,/home/koraop/nob_dir/sc_transcriptomics/fastq_out/HP1504101T2D_A23.fastq.gz,
HP1504101T2D_A24,/home/koraop/nob_dir/sc_transcriptomics/fastq_out/HP1504101T2D_A24.fastq.gz,
HP1504101T2D_A3,/home/koraop/nob_dir/sc_transcriptomics/fastq_out/HP1504101T2D_A3.fastq.gz,
HP1504101T2D_A4,/home/koraop/nob_dir/sc_transcriptomics/fastq_out/HP1504101T2D_A4.fastq.gz,
HP1504101T2D_A5,/home/koraop/nob_dir/sc_transcriptomics/fastq_out/HP1504101T2D_A5.fastq.gz,
HP1504101T2D_A6,/home/koraop/nob_dir/sc_transcriptomics/fastq_out/HP1504101T2D_A6.fastq.gz,
HP1504101T2D_A7,/home/koraop/nob_dir/sc_transcriptomics/fastq_out/HP1504101T2D_A7.fastq.gz,
HP1504101T2D_A8,/home/koraop/nob_dir/sc_transcriptomics/fastq_out/HP1504101T2D_A8.fastq.gz,
HP1504101T2D_A9,/home/koraop/nob_dir/sc_transcriptomics/fastq_out/HP1504101T2D_A9.fastq.gz,
HP1504101T2D_B1,/home/koraop/nob_dir/sc_transcriptomics/fastq_out/HP1504101T2D_B1.fastq.gz,
HP1504101T2D_B10,/home/koraop/nob_dir/sc_transcriptomics/fastq_out/HP1504101T2D_B10.fastq.gz,
HP1504101T2D_B11,/home/koraop/nob_dir/sc_transcriptomics/fastq_out/HP1504101T2D_B11.fastq.gz,
HP1504101T2D_B12,/home/koraop/nob_dir/sc_transcriptomics/fastq_out/HP1504101T2D_B12.fastq.gz,
HP1504101T2D_B13,/home/koraop/nob_dir/sc_transcriptomics/fastq_out/HP1504101T2D_B13.fastq.gz,
HP1504101T2D_B14,/home/koraop/nob_dir/sc_transcriptomics/fastq_out/HP1504101T2D_B14.fastq.gz,
HP1504101T2D_B15,/home/koraop/nob_dir/sc_transcriptomics/fastq_out/HP1504101T2D_B15.fastq.gz,
HP1504101T2D_B16,/home/koraop/nob_dir/sc_transcriptomics/fastq_out/HP1504101T2D_B16.fastq.gz,
HP1504101T2D_B17,/home/koraop/nob_dir/sc_transcriptomics/fastq_out/HP1504101T2D_B17.fastq.gz,
HP1504101T2D_B18,/home/koraop/nob_dir/sc_transcriptomics/fastq_out/HP1504101T2D_B18.fastq.gz,
HP1504101T2D_B19,/home/koraop/nob_dir/sc_transcriptomics/fastq_out/HP1504101T2D_B19.fastq.gz,
HP1504101T2D_B2,/home/koraop/nob_dir/sc_transcriptomics/fastq_out/HP1504101T2D_B2.fastq.gz,
HP1504101T2D_B20,/home/koraop/nob_dir/sc_transcriptomics/fastq_out/HP1504101T2D_B20.fastq.gz,
HP1504101T2D_B21,/home/koraop/nob_dir/sc_transcriptomics/fastq_out/HP1504101T2D_B21.fastq.gz,
HP1504101T2D_B22,/home/koraop/nob_dir/sc_transcriptomics/fastq_out/HP1504101T2D_B22.fastq.gz,
HP1504101T2D_B23,/home/koraop/nob_dir/sc_transcriptomics/fastq_out/HP1504101T2D_B23.fastq.gz,
HP1504101T2D_B24,/home/koraop/nob_dir/sc_transcriptomics/fastq_out/HP1504101T2D_B24.fastq.gz,
HP1504101T2D_B3,/home/koraop/nob_dir/sc_transcriptomics/fastq_out/HP1504101T2D_B3.fastq.gz,
HP1504101T2D_B4,/home/koraop/nob_dir/sc_transcriptomics/fastq_out/HP1504101T2D_B4.fastq.gz,
HP1504101T2D_B5,/home/koraop/nob_dir/sc_transcriptomics/fastq_out/HP1504101T2D_B5.fastq.gz,
HP1504101T2D_B6,/home/koraop/nob_dir/sc_transcriptomics/fastq_out/HP1504101T2D_B6.fastq.gz,
HP1504101T2D_B7,/home/koraop/nob_dir/sc_transcriptomics/fastq_out/HP1504101T2D_B7.fastq.gz,
HP1504101T2D_B8,/home/koraop/nob_dir/sc_transcriptomics/fastq_out/HP1504101T2D_B8.fastq.gz,
HP1504101T2D_B9,/home/koraop/nob_dir/sc_transcriptomics/fastq_out/HP1504101T2D_B9.fastq.gz,
HP1504101T2D_C1,/home/koraop/nob_dir/sc_transcriptomics/fastq_out/HP1504101T2D_C1.fastq.gz,
HP1504101T2D_C10,/home/koraop/nob_dir/sc_transcriptomics/fastq_out/HP1504101T2D_C10.fastq.gz,
HP1504101T2D_C11,/home/koraop/nob_dir/sc_transcriptomics/fastq_out/HP1504101T2D_C11.fastq.gz,
HP1504101T2D_C12,/home/koraop/nob_dir/sc_transcriptomics/fastq_out/HP1504101T2D_C12.fastq.gz,
HP1504101T2D_C13,/home/koraop/nob_dir/sc_transcriptomics/fastq_out/HP1504101T2D_C13.fastq.gz,
HP1504101T2D_C14,/home/koraop/nob_dir/sc_transcriptomics/fastq_out/HP1504101T2D_C14.fastq.gz,
HP1504101T2D_C15,/home/koraop/nob_dir/sc_transcriptomics/fastq_out/HP1504101T2D_C15.fastq.gz,
HP1504101T2D_C16,/home/koraop/nob_dir/sc_transcriptomics/fastq_out/HP1504101T2D_C16.fastq.gz,
HP1504101T2D_C17,/home/koraop/nob_dir/sc_transcriptomics/fastq_out/HP1504101T2D_C17.fastq.gz,
HP1504101T2D_C18,/home/koraop/nob_dir/sc_transcriptomics/fastq_out/HP1504101T2D_C18.fastq.gz,
HP1504101T2D_C19,/home/koraop/nob_dir/sc_transcriptomics/fastq_out/HP1504101T2D_C19.fastq.gz,
HP1504101T2D_C2,/home/koraop/nob_dir/sc_transcriptomics/fastq_out/HP1504101T2D_C2.fastq.gz,
HP1504101T2D_C20,/home/koraop/nob_dir/sc_transcriptomics/fastq_out/HP1504101T2D_C20.fastq.gz,
HP1504101T2D_C21,/home/koraop/nob_dir/sc_transcriptomics/fastq_out/HP1504101T2D_C21.fastq.gz,
HP1504101T2D_C22,/home/koraop/nob_dir/sc_transcriptomics/fastq_out/HP1504101T2D_C22.fastq.gz,
HP1504101T2D_C23,/home/koraop/nob_dir/sc_transcriptomics/fastq_out/HP1504101T2D_C23.fastq.gz,
HP1504101T2D_C24,/home/koraop/nob_dir/sc_transcriptomics/fastq_out/HP1504101T2D_C24.fastq.gz,
HP1504101T2D_C3,/home/koraop/nob_dir/sc_transcriptomics/fastq_out/HP1504101T2D_C3.fastq.gz,
HP1504101T2D_C4,/home/koraop/nob_dir/sc_transcriptomics/fastq_out/HP1504101T2D_C4.fastq.gz,
HP1504101T2D_C5,/home/koraop/nob_dir/sc_transcriptomics/fastq_out/HP1504101T2D_C5.fastq.gz,
HP1504101T2D_C6,/home/koraop/nob_dir/sc_transcriptomics/fastq_out/HP1504101T2D_C6.fastq.gz,
HP1504101T2D_C7,/home/koraop/nob_dir/sc_transcriptomics/fastq_out/HP1504101T2D_C7.fastq.gz,
HP1504101T2D_C8,/home/koraop/nob_dir/sc_transcriptomics/fastq_out/HP1504101T2D_C8.fastq.gz,
HP1504101T2D_C9,/home/koraop/nob_dir/sc_transcriptomics/fastq_out/HP1504101T2D_C9.fastq.gz,
HP1504101T2D_D1,/home/koraop/nob_dir/sc_transcriptomics/fastq_out/HP1504101T2D_D1.fastq.gz,
HP1504101T2D_D10,/home/koraop/nob_dir/sc_transcriptomics/fastq_out/HP1504101T2D_D10.fastq.gz,
HP1504101T2D_D11,/home/koraop/nob_dir/sc_transcriptomics/fastq_out/HP1504101T2D_D11.fastq.gz,
HP1504101T2D_D12,/home/koraop/nob_dir/sc_transcriptomics/fastq_out/HP1504101T2D_D12.fastq.gz,
HP1504101T2D_D13,/home/koraop/nob_dir/sc_transcriptomics/fastq_out/HP1504101T2D_D13.fastq.gz,
HP1504101T2D_D14,/home/koraop/nob_dir/sc_transcriptomics/fastq_out/HP1504101T2D_D14.fastq.gz,
HP1504101T2D_D15,/home/koraop/nob_dir/sc_transcriptomics/fastq_out/HP1504101T2D_D15.fastq.gz,
HP1504101T2D_D16,/home/koraop/nob_dir/sc_transcriptomics/fastq_out/HP1504101T2D_D16.fastq.gz,
HP1504101T2D_D17,/home/koraop/nob_dir/sc_transcriptomics/fastq_out/HP1504101T2D_D17.fastq.gz,
HP1504101T2D_D18,/home/koraop/nob_dir/sc_transcriptomics/fastq_out/HP1504101T2D_D18.fastq.gz,
HP1504101T2D_D19,/home/koraop/nob_dir/sc_transcriptomics/fastq_out/HP1504101T2D_D19.fastq.gz,
HP1504101T2D_D2,/home/koraop/nob_dir/sc_transcriptomics/fastq_out/HP1504101T2D_D2.fastq.gz,
HP1504101T2D_D20,/home/koraop/nob_dir/sc_transcriptomics/fastq_out/HP1504101T2D_D20.fastq.gz,
HP1504101T2D_D21,/home/koraop/nob_dir/sc_transcriptomics/fastq_out/HP1504101T2D_D21.fastq.gz,
HP1504101T2D_D22,/home/koraop/nob_dir/sc_transcriptomics/fastq_out/HP1504101T2D_D22.fastq.gz,
HP1504101T2D_D23,/home/koraop/nob_dir/sc_transcriptomics/fastq_out/HP1504101T2D_D23.fastq.gz,
HP1504101T2D_D24,/home/koraop/nob_dir/sc_transcriptomics/fastq_out/HP1504101T2D_D24.fastq.gz,
HP1504101T2D_D3,/home/koraop/nob_dir/sc_transcriptomics/fastq_out/HP1504101T2D_D3.fastq.gz,
HP1504101T2D_D4,/home/koraop/nob_dir/sc_transcriptomics/fastq_out/HP1504101T2D_D4.fastq.gz,
HP1504101T2D_D5,/home/koraop/nob_dir/sc_transcriptomics/fastq_out/HP1504101T2D_D5.fastq.gz,
HP1504101T2D_D6,/home/koraop/nob_dir/sc_transcriptomics/fastq_out/HP1504101T2D_D6.fastq.gz,
HP1504101T2D_D7,/home/koraop/nob_dir/sc_transcriptomics/fastq_out/HP1504101T2D_D7.fastq.gz,
HP1504101T2D_D8,/home/koraop/nob_dir/sc_transcriptomics/fastq_out/HP1504101T2D_D8.fastq.gz,
HP1504101T2D_D9,/home/koraop/nob_dir/sc_transcriptomics/fastq_out/HP1504101T2D_D9.fastq.gz,
HP1504101T2D_E1,/home/koraop/nob_dir/sc_transcriptomics/fastq_out/HP1504101T2D_E1.fastq.gz,
HP1504101T2D_E10,/home/koraop/nob_dir/sc_transcriptomics/fastq_out/HP1504101T2D_E10.fastq.gz,
HP1504101T2D_E11,/home/koraop/nob_dir/sc_transcriptomics/fastq_out/HP1504101T2D_E11.fastq.gz,
HP1504101T2D_E12,/home/koraop/nob_dir/sc_transcriptomics/fastq_out/HP1504101T2D_E12.fastq.gz,
HP1504101T2D_E13,/home/koraop/nob_dir/sc_transcriptomics/fastq_out/HP1504101T2D_E13.fastq.gz,
HP1504101T2D_E14,/home/koraop/nob_dir/sc_transcriptomics/fastq_out/HP1504101T2D_E14.fastq.gz,
HP1504101T2D_E15,/home/koraop/nob_dir/sc_transcriptomics/fastq_out/HP1504101T2D_E15.fastq.gz,
HP1504101T2D_E16,/home/koraop/nob_dir/sc_transcriptomics/fastq_out/HP1504101T2D_E16.fastq.gz,
HP1504101T2D_E17,/home/koraop/nob_dir/sc_transcriptomics/fastq_out/HP1504101T2D_E17.fastq.gz,
HP1504101T2D_E18,/home/koraop/nob_dir/sc_transcriptomics/fastq_out/HP1504101T2D_E18.fastq.gz,
HP1504101T2D_E19,/home/koraop/nob_dir/sc_transcriptomics/fastq_out/HP1504101T2D_E19.fastq.gz,
HP1504101T2D_E2,/home/koraop/nob_dir/sc_transcriptomics/fastq_out/HP1504101T2D_E2.fastq.gz,
HP1504101T2D_E20,/home/koraop/nob_dir/sc_transcriptomics/fastq_out/HP1504101T2D_E20.fastq.gz,
HP1504101T2D_E21,/home/koraop/nob_dir/sc_transcriptomics/fastq_out/HP1504101T2D_E21.fastq.gz,
HP1504101T2D_E22,/home/koraop/nob_dir/sc_transcriptomics/fastq_out/HP1504101T2D_E22.fastq.gz,
HP1504101T2D_E23,/home/koraop/nob_dir/sc_transcriptomics/fastq_out/HP1504101T2D_E23.fastq.gz,
HP1504101T2D_E24,/home/koraop/nob_dir/sc_transcriptomics/fastq_out/HP1504101T2D_E24.fastq.gz,
HP1504101T2D_E3,/home/koraop/nob_dir/sc_transcriptomics/fastq_out/HP1504101T2D_E3.fastq.gz,
HP1504101T2D_E4,/home/koraop/nob_dir/sc_transcriptomics/fastq_out/HP1504101T2D_E4.fastq.gz,
HP1504101T2D_E5,/home/koraop/nob_dir/sc_transcriptomics/fastq_out/HP1504101T2D_E5.fastq.gz,
HP1504101T2D_E6,/home/koraop/nob_dir/sc_transcriptomics/fastq_out/HP1504101T2D_E6.fastq.gz,
HP1504101T2D_E7,/home/koraop/nob_dir/sc_transcriptomics/fastq_out/HP1504101T2D_E7.fastq.gz,
HP1504101T2D_E8,/home/koraop/nob_dir/sc_transcriptomics/fastq_out/HP1504101T2D_E8.fastq.gz,
HP1504101T2D_E9,/home/koraop/nob_dir/sc_transcriptomics/fastq_out/HP1504101T2D_E9.fastq.gz,
HP1504101T2D_F1,/home/koraop/nob_dir/sc_transcriptomics/fastq_out/HP1504101T2D_F1.fastq.gz,
HP1504101T2D_F10,/home/koraop/nob_dir/sc_transcriptomics/fastq_out/HP1504101T2D_F10.fastq.gz,
HP1504101T2D_F11,/home/koraop/nob_dir/sc_transcriptomics/fastq_out/HP1504101T2D_F11.fastq.gz,
HP1504101T2D_F12,/home/koraop/nob_dir/sc_transcriptomics/fastq_out/HP1504101T2D_F12.fastq.gz,
HP1504101T2D_F13,/home/koraop/nob_dir/sc_transcriptomics/fastq_out/HP1504101T2D_F13.fastq.gz,
HP1504101T2D_F14,/home/koraop/nob_dir/sc_transcriptomics/fastq_out/HP1504101T2D_F14.fastq.gz,
HP1504101T2D_F15,/home/koraop/nob_dir/sc_transcriptomics/fastq_out/HP1504101T2D_F15.fastq.gz,
HP1504101T2D_F16,/home/koraop/nob_dir/sc_transcriptomics/fastq_out/HP1504101T2D_F16.fastq.gz,
HP1504101T2D_F17,/home/koraop/nob_dir/sc_transcriptomics/fastq_out/HP1504101T2D_F17.fastq.gz,
HP1504101T2D_F18,/home/koraop/nob_dir/sc_transcriptomics/fastq_out/HP1504101T2D_F18.fastq.gz,
HP1504101T2D_F19,/home/koraop/nob_dir/sc_transcriptomics/fastq_out/HP1504101T2D_F19.fastq.gz,
HP1504101T2D_F2,/home/koraop/nob_dir/sc_transcriptomics/fastq_out/HP1504101T2D_F2.fastq.gz,
HP1504101T2D_F20,/home/koraop/nob_dir/sc_transcriptomics/fastq_out/HP1504101T2D_F20.fastq.gz,
HP1504101T2D_F21,/home/koraop/nob_dir/sc_transcriptomics/fastq_out/HP1504101T2D_F21.fastq.gz,
HP1504101T2D_F22,/home/koraop/nob_dir/sc_transcriptomics/fastq_out/HP1504101T2D_F22.fastq.gz,
HP1504101T2D_F23,/home/koraop/nob_dir/sc_transcriptomics/fastq_out/HP1504101T2D_F23.fastq.gz,
HP1504101T2D_F24,/home/koraop/nob_dir/sc_transcriptomics/fastq_out/HP1504101T2D_F24.fastq.gz,
HP1504101T2D_F3,/home/koraop/nob_dir/sc_transcriptomics/fastq_out/HP1504101T2D_F3.fastq.gz,
HP1504101T2D_F4,/home/koraop/nob_dir/sc_transcriptomics/fastq_out/HP1504101T2D_F4.fastq.gz,
HP1504101T2D_F5,/home/koraop/nob_dir/sc_transcriptomics/fastq_out/HP1504101T2D_F5.fastq.gz,
HP1504101T2D_F6,/home/koraop/nob_dir/sc_transcriptomics/fastq_out/HP1504101T2D_F6.fastq.gz,
HP1504101T2D_F7,/home/koraop/nob_dir/sc_transcriptomics/fastq_out/HP1504101T2D_F7.fastq.gz,
HP1504101T2D_F8,/home/koraop/nob_dir/sc_transcriptomics/fastq_out/HP1504101T2D_F8.fastq.gz,
HP1504101T2D_F9,/home/koraop/nob_dir/sc_transcriptomics/fastq_out/HP1504101T2D_F9.fastq.gz,
HP1504101T2D_G1,/home/koraop/nob_dir/sc_transcriptomics/fastq_out/HP1504101T2D_G1.fastq.gz,
HP1504101T2D_G10,/home/koraop/nob_dir/sc_transcriptomics/fastq_out/HP1504101T2D_G10.fastq.gz,
HP1504101T2D_G11,/home/koraop/nob_dir/sc_transcriptomics/fastq_out/HP1504101T2D_G11.fastq.gz,
HP1504101T2D_G12,/home/koraop/nob_dir/sc_transcriptomics/fastq_out/HP1504101T2D_G12.fastq.gz,
HP1504101T2D_G13,/home/koraop/nob_dir/sc_transcriptomics/fastq_out/HP1504101T2D_G13.fastq.gz,
HP1504101T2D_G14,/home/koraop/nob_dir/sc_transcriptomics/fastq_out/HP1504101T2D_G14.fastq.gz,
HP1504101T2D_G15,/home/koraop/nob_dir/sc_transcriptomics/fastq_out/HP1504101T2D_G15.fastq.gz,
HP1504101T2D_G16,/home/koraop/nob_dir/sc_transcriptomics/fastq_out/HP1504101T2D_G16.fastq.gz,
HP1504101T2D_G17,/home/koraop/nob_dir/sc_transcriptomics/fastq_out/HP1504101T2D_G17.fastq.gz,
HP1504101T2D_G18,/home/koraop/nob_dir/sc_transcriptomics/fastq_out/HP1504101T2D_G18.fastq.gz,
HP1504101T2D_G19,/home/koraop/nob_dir/sc_transcriptomics/fastq_out/HP1504101T2D_G19.fastq.gz,
HP1504101T2D_G2,/home/koraop/nob_dir/sc_transcriptomics/fastq_out/HP1504101T2D_G2.fastq.gz,
HP1504101T2D_G20,/home/koraop/nob_dir/sc_transcriptomics/fastq_out/HP1504101T2D_G20.fastq.gz,
HP1504101T2D_G21,/home/koraop/nob_dir/sc_transcriptomics/fastq_out/HP1504101T2D_G21.fastq.gz,
HP1504101T2D_G22,/home/koraop/nob_dir/sc_transcriptomics/fastq_out/HP1504101T2D_G22.fastq.gz,
HP1504101T2D_G23,/home/koraop/nob_dir/sc_transcriptomics/fastq_out/HP1504101T2D_G23.fastq.gz,
HP1504101T2D_G24,/home/koraop/nob_dir/sc_transcriptomics/fastq_out/HP1504101T2D_G24.fastq.gz,
HP1504101T2D_G3,/home/koraop/nob_dir/sc_transcriptomics/fastq_out/HP1504101T2D_G3.fastq.gz,
HP1504101T2D_G4,/home/koraop/nob_dir/sc_transcriptomics/fastq_out/HP1504101T2D_G4.fastq.gz,
HP1504101T2D_G5,/home/koraop/nob_dir/sc_transcriptomics/fastq_out/HP1504101T2D_G5.fastq.gz,
HP1504101T2D_G6,/home/koraop/nob_dir/sc_transcriptomics/fastq_out/HP1504101T2D_G6.fastq.gz,
HP1504101T2D_G7,/home/koraop/nob_dir/sc_transcriptomics/fastq_out/HP1504101T2D_G7.fastq.gz,
HP1504101T2D_G8,/home/koraop/nob_dir/sc_transcriptomics/fastq_out/HP1504101T2D_G8.fastq.gz,
HP1504101T2D_G9,/home/koraop/nob_dir/sc_transcriptomics/fastq_out/HP1504101T2D_G9.fastq.gz,
HP1504101T2D_H1,/home/koraop/nob_dir/sc_transcriptomics/fastq_out/HP1504101T2D_H1.fastq.gz,
HP1504101T2D_H10,/home/koraop/nob_dir/sc_transcriptomics/fastq_out/HP1504101T2D_H10.fastq.gz,
HP1504101T2D_H11,/home/koraop/nob_dir/sc_transcriptomics/fastq_out/HP1504101T2D_H11.fastq.gz,
HP1504101T2D_H12,/home/koraop/nob_dir/sc_transcriptomics/fastq_out/HP1504101T2D_H12.fastq.gz,
HP1504101T2D_H13,/home/koraop/nob_dir/sc_transcriptomics/fastq_out/HP1504101T2D_H13.fastq.gz,
HP1504101T2D_H14,/home/koraop/nob_dir/sc_transcriptomics/fastq_out/HP1504101T2D_H14.fastq.gz,
HP1504101T2D_H15,/home/koraop/nob_dir/sc_transcriptomics/fastq_out/HP1504101T2D_H15.fastq.gz,
HP1504101T2D_H16,/home/koraop/nob_dir/sc_transcriptomics/fastq_out/HP1504101T2D_H16.fastq.gz,
HP1504101T2D_H17,/home/koraop/nob_dir/sc_transcriptomics/fastq_out/HP1504101T2D_H17.fastq.gz,
HP1504101T2D_H18,/home/koraop/nob_dir/sc_transcriptomics/fastq_out/HP1504101T2D_H18.fastq.gz,
HP1504101T2D_H19,/home/koraop/nob_dir/sc_transcriptomics/fastq_out/HP1504101T2D_H19.fastq.gz,
HP1504101T2D_H2,/home/koraop/nob_dir/sc_transcriptomics/fastq_out/HP1504101T2D_H2.fastq.gz,
HP1504101T2D_H20,/home/koraop/nob_dir/sc_transcriptomics/fastq_out/HP1504101T2D_H20.fastq.gz,
HP1504101T2D_H21,/home/koraop/nob_dir/sc_transcriptomics/fastq_out/HP1504101T2D_H21.fastq.gz,
HP1504101T2D_H22,/home/koraop/nob_dir/sc_transcriptomics/fastq_out/HP1504101T2D_H22.fastq.gz,
HP1504101T2D_H23,/home/koraop/nob_dir/sc_transcriptomics/fastq_out/HP1504101T2D_H23.fastq.gz,
HP1504101T2D_H24,/home/koraop/nob_dir/sc_transcriptomics/fastq_out/HP1504101T2D_H24.fastq.gz,
HP1504101T2D_H3,/home/koraop/nob_dir/sc_transcriptomics/fastq_out/HP1504101T2D_H3.fastq.gz,
HP1504101T2D_H4,/home/koraop/nob_dir/sc_transcriptomics/fastq_out/HP1504101T2D_H4.fastq.gz,
HP1504101T2D_H5,/home/koraop/nob_dir/sc_transcriptomics/fastq_out/HP1504101T2D_H5.fastq.gz,
HP1504101T2D_H6,/home/koraop/nob_dir/sc_transcriptomics/fastq_out/HP1504101T2D_H6.fastq.gz,
HP1504101T2D_H7,/home/koraop/nob_dir/sc_transcriptomics/fastq_out/HP1504101T2D_H7.fastq.gz,
HP1504101T2D_H8,/home/koraop/nob_dir/sc_transcriptomics/fastq_out/HP1504101T2D_H8.fastq.gz,
HP1504101T2D_H9,/home/koraop/nob_dir/sc_transcriptomics/fastq_out/HP1504101T2D_H9.fastq.gz,
HP1504101T2D_I1,/home/koraop/nob_dir/sc_transcriptomics/fastq_out/HP1504101T2D_I1.fastq.gz,
HP1504101T2D_I10,/home/koraop/nob_dir/sc_transcriptomics/fastq_out/HP1504101T2D_I10.fastq.gz,
HP1504101T2D_I11,/home/koraop/nob_dir/sc_transcriptomics/fastq_out/HP1504101T2D_I11.fastq.gz,
HP1504101T2D_I12,/home/koraop/nob_dir/sc_transcriptomics/fastq_out/HP1504101T2D_I12.fastq.gz,
HP1504101T2D_I13,/home/koraop/nob_dir/sc_transcriptomics/fastq_out/HP1504101T2D_I13.fastq.gz,
HP1504101T2D_I14,/home/koraop/nob_dir/sc_transcriptomics/fastq_out/HP1504101T2D_I14.fastq.gz,
HP1504101T2D_I15,/home/koraop/nob_dir/sc_transcriptomics/fastq_out/HP1504101T2D_I15.fastq.gz,
HP1504101T2D_I16,/home/koraop/nob_dir/sc_transcriptomics/fastq_out/HP1504101T2D_I16.fastq.gz,
HP1504101T2D_I17,/home/koraop/nob_dir/sc_transcriptomics/fastq_out/HP1504101T2D_I17.fastq.gz,
HP1504101T2D_I18,/home/koraop/nob_dir/sc_transcriptomics/fastq_out/HP1504101T2D_I18.fastq.gz,
HP1504101T2D_I19,/home/koraop/nob_dir/sc_transcriptomics/fastq_out/HP1504101T2D_I19.fastq.gz,
HP1504101T2D_I2,/home/koraop/nob_dir/sc_transcriptomics/fastq_out/HP1504101T2D_I2.fastq.gz,
HP1504101T2D_I20,/home/koraop/nob_dir/sc_transcriptomics/fastq_out/HP1504101T2D_I20.fastq.gz,
HP1504101T2D_I21,/home/koraop/nob_dir/sc_transcriptomics/fastq_out/HP1504101T2D_I21.fastq.gz,
HP1504101T2D_I22,/home/koraop/nob_dir/sc_transcriptomics/fastq_out/HP1504101T2D_I22.fastq.gz,
HP1504101T2D_I23,/home/koraop/nob_dir/sc_transcriptomics/fastq_out/HP1504101T2D_I23.fastq.gz,
HP1504101T2D_I24,/home/koraop/nob_dir/sc_transcriptomics/fastq_out/HP1504101T2D_I24.fastq.gz,
HP1504101T2D_I3,/home/koraop/nob_dir/sc_transcriptomics/fastq_out/HP1504101T2D_I3.fastq.gz,
HP1504101T2D_I4,/home/koraop/nob_dir/sc_transcriptomics/fastq_out/HP1504101T2D_I4.fastq.gz,
HP1504101T2D_I5,/home/koraop/nob_dir/sc_transcriptomics/fastq_out/HP1504101T2D_I5.fastq.gz,
HP1504101T2D_I6,/home/koraop/nob_dir/sc_transcriptomics/fastq_out/HP1504101T2D_I6.fastq.gz,
HP1504101T2D_I7,/home/koraop/nob_dir/sc_transcriptomics/fastq_out/HP1504101T2D_I7.fastq.gz,
HP1504101T2D_I8,/home/koraop/nob_dir/sc_transcriptomics/fastq_out/HP1504101T2D_I8.fastq.gz,
HP1504101T2D_I9,/home/koraop/nob_dir/sc_transcriptomics/fastq_out/HP1504101T2D_I9.fastq.gz,
HP1504101T2D_J1,/home/koraop/nob_dir/sc_transcriptomics/fastq_out/HP1504101T2D_J1.fastq.gz,
HP1504101T2D_J10,/home/koraop/nob_dir/sc_transcriptomics/fastq_out/HP1504101T2D_J10.fastq.gz,
HP1504101T2D_J11,/home/koraop/nob_dir/sc_transcriptomics/fastq_out/HP1504101T2D_J11.fastq.gz,
HP1504101T2D_J12,/home/koraop/nob_dir/sc_transcriptomics/fastq_out/HP1504101T2D_J12.fastq.gz,
HP1504101T2D_J13,/home/koraop/nob_dir/sc_transcriptomics/fastq_out/HP1504101T2D_J13.fastq.gz,
HP1504101T2D_J14,/home/koraop/nob_dir/sc_transcriptomics/fastq_out/HP1504101T2D_J14.fastq.gz,
HP1504101T2D_J15,/home/koraop/nob_dir/sc_transcriptomics/fastq_out/HP1504101T2D_J15.fastq.gz,
HP1504101T2D_J16,/home/koraop/nob_dir/sc_transcriptomics/fastq_out/HP1504101T2D_J16.fastq.gz,
HP1504101T2D_J17,/home/koraop/nob_dir/sc_transcriptomics/fastq_out/HP1504101T2D_J17.fastq.gz,
HP1504101T2D_J18,/home/koraop/nob_dir/sc_transcriptomics/fastq_out/HP1504101T2D_J18.fastq.gz,
HP1504101T2D_J19,/home/koraop/nob_dir/sc_transcriptomics/fastq_out/HP1504101T2D_J19.fastq.gz,
HP1504101T2D_J2,/home/koraop/nob_dir/sc_transcriptomics/fastq_out/HP1504101T2D_J2.fastq.gz,
HP1504101T2D_J20,/home/koraop/nob_dir/sc_transcriptomics/fastq_out/HP1504101T2D_J20.fastq.gz,
HP1504101T2D_J21,/home/koraop/nob_dir/sc_transcriptomics/fastq_out/HP1504101T2D_J21.fastq.gz,
HP1504101T2D_J22,/home/koraop/nob_dir/sc_transcriptomics/fastq_out/HP1504101T2D_J22.fastq.gz,
HP1504101T2D_J23,/home/koraop/nob_dir/sc_transcriptomics/fastq_out/HP1504101T2D_J23.fastq.gz,
HP1504101T2D_J24,/home/koraop/nob_dir/sc_transcriptomics/fastq_out/HP1504101T2D_J24.fastq.gz,
HP1504101T2D_J3,/home/koraop/nob_dir/sc_transcriptomics/fastq_out/HP1504101T2D_J3.fastq.gz,
HP1504101T2D_J4,/home/koraop/nob_dir/sc_transcriptomics/fastq_out/HP1504101T2D_J4.fastq.gz,
HP1504101T2D_J5,/home/koraop/nob_dir/sc_transcriptomics/fastq_out/HP1504101T2D_J5.fastq.gz,
HP1504101T2D_J6,/home/koraop/nob_dir/sc_transcriptomics/fastq_out/HP1504101T2D_J6.fastq.gz,
HP1504101T2D_J7,/home/koraop/nob_dir/sc_transcriptomics/fastq_out/HP1504101T2D_J7.fastq.gz,
HP1504101T2D_J8,/home/koraop/nob_dir/sc_transcriptomics/fastq_out/HP1504101T2D_J8.fastq.gz,
HP1504101T2D_J9,/home/koraop/nob_dir/sc_transcriptomics/fastq_out/HP1504101T2D_J9.fastq.gz,
HP1504101T2D_K1,/home/koraop/nob_dir/sc_transcriptomics/fastq_out/HP1504101T2D_K1.fastq.gz,
HP1504101T2D_K10,/home/koraop/nob_dir/sc_transcriptomics/fastq_out/HP1504101T2D_K10.fastq.gz,
HP1504101T2D_K11,/home/koraop/nob_dir/sc_transcriptomics/fastq_out/HP1504101T2D_K11.fastq.gz,
HP1504101T2D_K12,/home/koraop/nob_dir/sc_transcriptomics/fastq_out/HP1504101T2D_K12.fastq.gz,
HP1504101T2D_K13,/home/koraop/nob_dir/sc_transcriptomics/fastq_out/HP1504101T2D_K13.fastq.gz,
HP1504101T2D_K14,/home/koraop/nob_dir/sc_transcriptomics/fastq_out/HP1504101T2D_K14.fastq.gz,
HP1504101T2D_K15,/home/koraop/nob_dir/sc_transcriptomics/fastq_out/HP1504101T2D_K15.fastq.gz,
HP1504101T2D_K16,/home/koraop/nob_dir/sc_transcriptomics/fastq_out/HP1504101T2D_K16.fastq.gz,
HP1504101T2D_K17,/home/koraop/nob_dir/sc_transcriptomics/fastq_out/HP1504101T2D_K17.fastq.gz,
HP1504101T2D_K18,/home/koraop/nob_dir/sc_transcriptomics/fastq_out/HP1504101T2D_K18.fastq.gz,
HP1504101T2D_K19,/home/koraop/nob_dir/sc_transcriptomics/fastq_out/HP1504101T2D_K19.fastq.gz,
HP1504101T2D_K2,/home/koraop/nob_dir/sc_transcriptomics/fastq_out/HP1504101T2D_K2.fastq.gz,
HP1504101T2D_K20,/home/koraop/nob_dir/sc_transcriptomics/fastq_out/HP1504101T2D_K20.fastq.gz,
HP1504101T2D_K21,/home/koraop/nob_dir/sc_transcriptomics/fastq_out/HP1504101T2D_K21.fastq.gz,
HP1504101T2D_K22,/home/koraop/nob_dir/sc_transcriptomics/fastq_out/HP1504101T2D_K22.fastq.gz,
HP1504101T2D_K23,/home/koraop/nob_dir/sc_transcriptomics/fastq_out/HP1504101T2D_K23.fastq.gz,
HP1504101T2D_K24,/home/koraop/nob_dir/sc_transcriptomics/fastq_out/HP1504101T2D_K24.fastq.gz,
HP1504101T2D_K3,/home/koraop/nob_dir/sc_transcriptomics/fastq_out/HP1504101T2D_K3.fastq.gz,
HP1504101T2D_K4,/home/koraop/nob_dir/sc_transcriptomics/fastq_out/HP1504101T2D_K4.fastq.gz,
HP1504101T2D_K5,/home/koraop/nob_dir/sc_transcriptomics/fastq_out/HP1504101T2D_K5.fastq.gz,
HP1504101T2D_K6,/home/koraop/nob_dir/sc_transcriptomics/fastq_out/HP1504101T2D_K6.fastq.gz,
HP1504101T2D_K7,/home/koraop/nob_dir/sc_transcriptomics/fastq_out/HP1504101T2D_K7.fastq.gz,
HP1504101T2D_K8,/home/koraop/nob_dir/sc_transcriptomics/fastq_out/HP1504101T2D_K8.fastq.gz,
HP1504101T2D_K9,/home/koraop/nob_dir/sc_transcriptomics/fastq_out/HP1504101T2D_K9.fastq.gz,
HP1504101T2D_L1,/home/koraop/nob_dir/sc_transcriptomics/fastq_out/HP1504101T2D_L1.fastq.gz,
HP1504101T2D_L10,/home/koraop/nob_dir/sc_transcriptomics/fastq_out/HP1504101T2D_L10.fastq.gz,
HP1504101T2D_L11,/home/koraop/nob_dir/sc_transcriptomics/fastq_out/HP1504101T2D_L11.fastq.gz,
HP1504101T2D_L12,/home/koraop/nob_dir/sc_transcriptomics/fastq_out/HP1504101T2D_L12.fastq.gz,
HP1504101T2D_L13,/home/koraop/nob_dir/sc_transcriptomics/fastq_out/HP1504101T2D_L13.fastq.gz,
HP1504101T2D_L14,/home/koraop/nob_dir/sc_transcriptomics/fastq_out/HP1504101T2D_L14.fastq.gz,
HP1504101T2D_L15,/home/koraop/nob_dir/sc_transcriptomics/fastq_out/HP1504101T2D_L15.fastq.gz,
HP1504101T2D_L16,/home/koraop/nob_dir/sc_transcriptomics/fastq_out/HP1504101T2D_L16.fastq.gz,
HP1504101T2D_L17,/home/koraop/nob_dir/sc_transcriptomics/fastq_out/HP1504101T2D_L17.fastq.gz,
HP1504101T2D_L18,/home/koraop/nob_dir/sc_transcriptomics/fastq_out/HP1504101T2D_L18.fastq.gz,
HP1504101T2D_L19,/home/koraop/nob_dir/sc_transcriptomics/fastq_out/HP1504101T2D_L19.fastq.gz,
HP1504101T2D_L2,/home/koraop/nob_dir/sc_transcriptomics/fastq_out/HP1504101T2D_L2.fastq.gz,
HP1504101T2D_L20,/home/koraop/nob_dir/sc_transcriptomics/fastq_out/HP1504101T2D_L20.fastq.gz,
HP1504101T2D_L21,/home/koraop/nob_dir/sc_transcriptomics/fastq_out/HP1504101T2D_L21.fastq.gz,
HP1504101T2D_L22,/home/koraop/nob_dir/sc_transcriptomics/fastq_out/HP1504101T2D_L22.fastq.gz,
HP1504101T2D_L23,/home/koraop/nob_dir/sc_transcriptomics/fastq_out/HP1504101T2D_L23.fastq.gz,
HP1504101T2D_L24,/home/koraop/nob_dir/sc_transcriptomics/fastq_out/HP1504101T2D_L24.fastq.gz,
HP1504101T2D_L3,/home/koraop/nob_dir/sc_transcriptomics/fastq_out/HP1504101T2D_L3.fastq.gz,
HP1504101T2D_L4,/home/koraop/nob_dir/sc_transcriptomics/fastq_out/HP1504101T2D_L4.fastq.gz,
HP1504101T2D_L5,/home/koraop/nob_dir/sc_transcriptomics/fastq_out/HP1504101T2D_L5.fastq.gz,
HP1504101T2D_L6,/home/koraop/nob_dir/sc_transcriptomics/fastq_out/HP1504101T2D_L6.fastq.gz,
HP1504101T2D_L7,/home/koraop/nob_dir/sc_transcriptomics/fastq_out/HP1504101T2D_L7.fastq.gz,
HP1504101T2D_L8,/home/koraop/nob_dir/sc_transcriptomics/fastq_out/HP1504101T2D_L8.fastq.gz,
HP1504101T2D_L9,/home/koraop/nob_dir/sc_transcriptomics/fastq_out/HP1504101T2D_L9.fastq.gz,
HP1504101T2D_M1,/home/koraop/nob_dir/sc_transcriptomics/fastq_out/HP1504101T2D_M1.fastq.gz,
HP1504101T2D_M10,/home/koraop/nob_dir/sc_transcriptomics/fastq_out/HP1504101T2D_M10.fastq.gz,
HP1504101T2D_M11,/home/koraop/nob_dir/sc_transcriptomics/fastq_out/HP1504101T2D_M11.fastq.gz,
HP1504101T2D_M12,/home/koraop/nob_dir/sc_transcriptomics/fastq_out/HP1504101T2D_M12.fastq.gz,
HP1504101T2D_M13,/home/koraop/nob_dir/sc_transcriptomics/fastq_out/HP1504101T2D_M13.fastq.gz,
HP1504101T2D_M14,/home/koraop/nob_dir/sc_transcriptomics/fastq_out/HP1504101T2D_M14.fastq.gz,
HP1504101T2D_M15,/home/koraop/nob_dir/sc_transcriptomics/fastq_out/HP1504101T2D_M15.fastq.gz,
HP1504101T2D_M16,/home/koraop/nob_dir/sc_transcriptomics/fastq_out/HP1504101T2D_M16.fastq.gz,
HP1504101T2D_M17,/home/koraop/nob_dir/sc_transcriptomics/fastq_out/HP1504101T2D_M17.fastq.gz,
HP1504101T2D_M18,/home/koraop/nob_dir/sc_transcriptomics/fastq_out/HP1504101T2D_M18.fastq.gz,
HP1504101T2D_M19,/home/koraop/nob_dir/sc_transcriptomics/fastq_out/HP1504101T2D_M19.fastq.gz,
HP1504101T2D_M2,/home/koraop/nob_dir/sc_transcriptomics/fastq_out/HP1504101T2D_M2.fastq.gz,
HP1504101T2D_M20,/home/koraop/nob_dir/sc_transcriptomics/fastq_out/HP1504101T2D_M20.fastq.gz,
HP1504101T2D_M21,/home/koraop/nob_dir/sc_transcriptomics/fastq_out/HP1504101T2D_M21.fastq.gz,
HP1504101T2D_M22,/home/koraop/nob_dir/sc_transcriptomics/fastq_out/HP1504101T2D_M22.fastq.gz,
HP1504101T2D_M23,/home/koraop/nob_dir/sc_transcriptomics/fastq_out/HP1504101T2D_M23.fastq.gz,
HP1504101T2D_M24,/home/koraop/nob_dir/sc_transcriptomics/fastq_out/HP1504101T2D_M24.fastq.gz,
HP1504101T2D_M3,/home/koraop/nob_dir/sc_transcriptomics/fastq_out/HP1504101T2D_M3.fastq.gz,
HP1504101T2D_M4,/home/koraop/nob_dir/sc_transcriptomics/fastq_out/HP1504101T2D_M4.fastq.gz,
HP1504101T2D_M5,/home/koraop/nob_dir/sc_transcriptomics/fastq_out/HP1504101T2D_M5.fastq.gz,
HP1504101T2D_M6,/home/koraop/nob_dir/sc_transcriptomics/fastq_out/HP1504101T2D_M6.fastq.gz,
HP1504101T2D_M7,/home/koraop/nob_dir/sc_transcriptomics/fastq_out/HP1504101T2D_M7.fastq.gz,
HP1504101T2D_M8,/home/koraop/nob_dir/sc_transcriptomics/fastq_out/HP1504101T2D_M8.fastq.gz,
HP1504101T2D_M9,/home/koraop/nob_dir/sc_transcriptomics/fastq_out/HP1504101T2D_M9.fastq.gz,
HP1504101T2D_N1,/home/koraop/nob_dir/sc_transcriptomics/fastq_out/HP1504101T2D_N1.fastq.gz,
HP1504101T2D_N10,/home/koraop/nob_dir/sc_transcriptomics/fastq_out/HP1504101T2D_N10.fastq.gz,
HP1504101T2D_N11,/home/koraop/nob_dir/sc_transcriptomics/fastq_out/HP1504101T2D_N11.fastq.gz,
HP1504101T2D_N12,/home/koraop/nob_dir/sc_transcriptomics/fastq_out/HP1504101T2D_N12.fastq.gz,
HP1504101T2D_N13,/home/koraop/nob_dir/sc_transcriptomics/fastq_out/HP1504101T2D_N13.fastq.gz,
HP1504101T2D_N14,/home/koraop/nob_dir/sc_transcriptomics/fastq_out/HP1504101T2D_N14.fastq.gz,
HP1504101T2D_N15,/home/koraop/nob_dir/sc_transcriptomics/fastq_out/HP1504101T2D_N15.fastq.gz,
HP1504101T2D_N16,/home/koraop/nob_dir/sc_transcriptomics/fastq_out/HP1504101T2D_N16.fastq.gz,
HP1504101T2D_N17,/home/koraop/nob_dir/sc_transcriptomics/fastq_out/HP1504101T2D_N17.fastq.gz,
HP1504101T2D_N18,/home/koraop/nob_dir/sc_transcriptomics/fastq_out/HP1504101T2D_N18.fastq.gz,
HP1504101T2D_N19,/home/koraop/nob_dir/sc_transcriptomics/fastq_out/HP1504101T2D_N19.fastq.gz,
HP1504101T2D_N2,/home/koraop/nob_dir/sc_transcriptomics/fastq_out/HP1504101T2D_N2.fastq.gz,
HP1504101T2D_N20,/home/koraop/nob_dir/sc_transcriptomics/fastq_out/HP1504101T2D_N20.fastq.gz,
HP1504101T2D_N21,/home/koraop/nob_dir/sc_transcriptomics/fastq_out/HP1504101T2D_N21.fastq.gz,
HP1504101T2D_N22,/home/koraop/nob_dir/sc_transcriptomics/fastq_out/HP1504101T2D_N22.fastq.gz,
HP1504101T2D_N23,/home/koraop/nob_dir/sc_transcriptomics/fastq_out/HP1504101T2D_N23.fastq.gz,
HP1504101T2D_N24,/home/koraop/nob_dir/sc_transcriptomics/fastq_out/HP1504101T2D_N24.fastq.gz,
HP1504101T2D_N3,/home/koraop/nob_dir/sc_transcriptomics/fastq_out/HP1504101T2D_N3.fastq.gz,
HP1504101T2D_N4,/home/koraop/nob_dir/sc_transcriptomics/fastq_out/HP1504101T2D_N4.fastq.gz,
HP1504101T2D_N5,/home/koraop/nob_dir/sc_transcriptomics/fastq_out/HP1504101T2D_N5.fastq.gz,
HP1504101T2D_N6,/home/koraop/nob_dir/sc_transcriptomics/fastq_out/HP1504101T2D_N6.fastq.gz,
HP1504101T2D_N7,/home/koraop/nob_dir/sc_transcriptomics/fastq_out/HP1504101T2D_N7.fastq.gz,
HP1504101T2D_N8,/home/koraop/nob_dir/sc_transcriptomics/fastq_out/HP1504101T2D_N8.fastq.gz,
HP1504101T2D_N9,/home/koraop/nob_dir/sc_transcriptomics/fastq_out/HP1504101T2D_N9.fastq.gz,
HP1504101T2D_O1,/home/koraop/nob_dir/sc_transcriptomics/fastq_out/HP1504101T2D_O1.fastq.gz,
HP1504101T2D_O10,/home/koraop/nob_dir/sc_transcriptomics/fastq_out/HP1504101T2D_O10.fastq.gz,
HP1504101T2D_O11,/home/koraop/nob_dir/sc_transcriptomics/fastq_out/HP1504101T2D_O11.fastq.gz,
HP1504101T2D_O12,/home/koraop/nob_dir/sc_transcriptomics/fastq_out/HP1504101T2D_O12.fastq.gz,
HP1504101T2D_O13,/home/koraop/nob_dir/sc_transcriptomics/fastq_out/HP1504101T2D_O13.fastq.gz,
HP1504101T2D_O14,/home/koraop/nob_dir/sc_transcriptomics/fastq_out/HP1504101T2D_O14.fastq.gz,
HP1504101T2D_O15,/home/koraop/nob_dir/sc_transcriptomics/fastq_out/HP1504101T2D_O15.fastq.gz,
HP1504101T2D_O16,/home/koraop/nob_dir/sc_transcriptomics/fastq_out/HP1504101T2D_O16.fastq.gz,
HP1504101T2D_O17,/home/koraop/nob_dir/sc_transcriptomics/fastq_out/HP1504101T2D_O17.fastq.gz,
HP1504101T2D_O18,/home/koraop/nob_dir/sc_transcriptomics/fastq_out/HP1504101T2D_O18.fastq.gz,
HP1504101T2D_O19,/home/koraop/nob_dir/sc_transcriptomics/fastq_out/HP1504101T2D_O19.fastq.gz,
HP1504101T2D_O2,/home/koraop/nob_dir/sc_transcriptomics/fastq_out/HP1504101T2D_O2.fastq.gz,
HP1504101T2D_O20,/home/koraop/nob_dir/sc_transcriptomics/fastq_out/HP1504101T2D_O20.fastq.gz,
HP1504101T2D_O21,/home/koraop/nob_dir/sc_transcriptomics/fastq_out/HP1504101T2D_O21.fastq.gz,
HP1504101T2D_O22,/home/koraop/nob_dir/sc_transcriptomics/fastq_out/HP1504101T2D_O22.fastq.gz,
HP1504101T2D_O23,/home/koraop/nob_dir/sc_transcriptomics/fastq_out/HP1504101T2D_O23.fastq.gz,
HP1504101T2D_O24,/home/koraop/nob_dir/sc_transcriptomics/fastq_out/HP1504101T2D_O24.fastq.gz,
HP1504101T2D_O3,/home/koraop/nob_dir/sc_transcriptomics/fastq_out/HP1504101T2D_O3.fastq.gz,
HP1504101T2D_O4,/home/koraop/nob_dir/sc_transcriptomics/fastq_out/HP1504101T2D_O4.fastq.gz,
HP1504101T2D_O5,/home/koraop/nob_dir/sc_transcriptomics/fastq_out/HP1504101T2D_O5.fastq.gz,
HP1504101T2D_O6,/home/koraop/nob_dir/sc_transcriptomics/fastq_out/HP1504101T2D_O6.fastq.gz,
HP1504101T2D_O7,/home/koraop/nob_dir/sc_transcriptomics/fastq_out/HP1504101T2D_O7.fastq.gz,
HP1504101T2D_O8,/home/koraop/nob_dir/sc_transcriptomics/fastq_out/HP1504101T2D_O8.fastq.gz,
HP1504101T2D_O9,/home/koraop/nob_dir/sc_transcriptomics/fastq_out/HP1504101T2D_O9.fastq.gz,
HP1504101T2D_P1,/home/koraop/nob_dir/sc_transcriptomics/fastq_out/HP1504101T2D_P1.fastq.gz,
HP1504101T2D_P10,/home/koraop/nob_dir/sc_transcriptomics/fastq_out/HP1504101T2D_P10.fastq.gz,
HP1504101T2D_P11,/home/koraop/nob_dir/sc_transcriptomics/fastq_out/HP1504101T2D_P11.fastq.gz,
HP1504101T2D_P12,/home/koraop/nob_dir/sc_transcriptomics/fastq_out/HP1504101T2D_P12.fastq.gz,
HP1504101T2D_P14,/home/koraop/nob_dir/sc_transcriptomics/fastq_out/HP1504101T2D_P14.fastq.gz,
HP1504101T2D_P15,/home/koraop/nob_dir/sc_transcriptomics/fastq_out/HP1504101T2D_P15.fastq.gz,
HP1504101T2D_P16,/home/koraop/nob_dir/sc_transcriptomics/fastq_out/HP1504101T2D_P16.fastq.gz,
HP1504101T2D_P17,/home/koraop/nob_dir/sc_transcriptomics/fastq_out/HP1504101T2D_P17.fastq.gz,
HP1504101T2D_P18,/home/koraop/nob_dir/sc_transcriptomics/fastq_out/HP1504101T2D_P18.fastq.gz,
HP1504101T2D_P19,/home/koraop/nob_dir/sc_transcriptomics/fastq_out/HP1504101T2D_P19.fastq.gz,
HP1504101T2D_P2,/home/koraop/nob_dir/sc_transcriptomics/fastq_out/HP1504101T2D_P2.fastq.gz,
HP1504101T2D_P20,/home/koraop/nob_dir/sc_transcriptomics/fastq_out/HP1504101T2D_P20.fastq.gz,
HP1504101T2D_P21,/home/koraop/nob_dir/sc_transcriptomics/fastq_out/HP1504101T2D_P21.fastq.gz,
HP1504101T2D_P22,/home/koraop/nob_dir/sc_transcriptomics/fastq_out/HP1504101T2D_P22.fastq.gz,
HP1504101T2D_P23,/home/koraop/nob_dir/sc_transcriptomics/fastq_out/HP1504101T2D_P23.fastq.gz,
HP1504101T2D_P24,/home/koraop/nob_dir/sc_transcriptomics/fastq_out/HP1504101T2D_P24.fastq.gz,
HP1504101T2D_P3,/home/koraop/nob_dir/sc_transcriptomics/fastq_out/HP1504101T2D_P3.fastq.gz,
HP1504101T2D_P4,/home/koraop/nob_dir/sc_transcriptomics/fastq_out/HP1504101T2D_P4.fastq.gz,
HP1504101T2D_P5,/home/koraop/nob_dir/sc_transcriptomics/fastq_out/HP1504101T2D_P5.fastq.gz,
HP1504101T2D_P6,/home/koraop/nob_dir/sc_transcriptomics/fastq_out/HP1504101T2D_P6.fastq.gz,
HP1504101T2D_P7,/home/koraop/nob_dir/sc_transcriptomics/fastq_out/HP1504101T2D_P7.fastq.gz,
HP1504101T2D_P8,/home/koraop/nob_dir/sc_transcriptomics/fastq_out/HP1504101T2D_P8.fastq.gz,
HP1504101T2D_P9,/home/koraop/nob_dir/sc_transcriptomics/fastq_out/HP1504101T2D_P9.fastq.gz,
HP1504901_A1,/home/koraop/nob_dir/sc_transcriptomics/fastq_out/HP1504901_A1.fastq.gz,
HP1504901_A10,/home/koraop/nob_dir/sc_transcriptomics/fastq_out/HP1504901_A10.fastq.gz,
HP1504901_A11,/home/koraop/nob_dir/sc_transcriptomics/fastq_out/HP1504901_A11.fastq.gz,
HP1504901_A12,/home/koraop/nob_dir/sc_transcriptomics/fastq_out/HP1504901_A12.fastq.gz,
HP1504901_A13,/home/koraop/nob_dir/sc_transcriptomics/fastq_out/HP1504901_A13.fastq.gz,
HP1504901_A14,/home/koraop/nob_dir/sc_transcriptomics/fastq_out/HP1504901_A14.fastq.gz,
HP1504901_A15,/home/koraop/nob_dir/sc_transcriptomics/fastq_out/HP1504901_A15.fastq.gz,
HP1504901_A16,/home/koraop/nob_dir/sc_transcriptomics/fastq_out/HP1504901_A16.fastq.gz,
HP1504901_A17,/home/koraop/nob_dir/sc_transcriptomics/fastq_out/HP1504901_A17.fastq.gz,
HP1504901_A18,/home/koraop/nob_dir/sc_transcriptomics/fastq_out/HP1504901_A18.fastq.gz,
HP1504901_A19,/home/koraop/nob_dir/sc_transcriptomics/fastq_out/HP1504901_A19.fastq.gz,
HP1504901_A2,/home/koraop/nob_dir/sc_transcriptomics/fastq_out/HP1504901_A2.fastq.gz,
HP1504901_A20,/home/koraop/nob_dir/sc_transcriptomics/fastq_out/HP1504901_A20.fastq.gz,
HP1504901_A21,/home/koraop/nob_dir/sc_transcriptomics/fastq_out/HP1504901_A21.fastq.gz,
HP1504901_A22,/home/koraop/nob_dir/sc_transcriptomics/fastq_out/HP1504901_A22.fastq.gz,
HP1504901_A23,/home/koraop/nob_dir/sc_transcriptomics/fastq_out/HP1504901_A23.fastq.gz,
HP1504901_A24,/home/koraop/nob_dir/sc_transcriptomics/fastq_out/HP1504901_A24.fastq.gz,
HP1504901_A3,/home/koraop/nob_dir/sc_transcriptomics/fastq_out/HP1504901_A3.fastq.gz,
HP1504901_A4,/home/koraop/nob_dir/sc_transcriptomics/fastq_out/HP1504901_A4.fastq.gz,
HP1504901_A5,/home/koraop/nob_dir/sc_transcriptomics/fastq_out/HP1504901_A5.fastq.gz,
HP1504901_A6,/home/koraop/nob_dir/sc_transcriptomics/fastq_out/HP1504901_A6.fastq.gz,
HP1504901_A7,/home/koraop/nob_dir/sc_transcriptomics/fastq_out/HP1504901_A7.fastq.gz,
HP1504901_A8,/home/koraop/nob_dir/sc_transcriptomics/fastq_out/HP1504901_A8.fastq.gz,
HP1504901_A9,/home/koraop/nob_dir/sc_transcriptomics/fastq_out/HP1504901_A9.fastq.gz,
HP1504901_B1,/home/koraop/nob_dir/sc_transcriptomics/fastq_out/HP1504901_B1.fastq.gz,
HP1504901_B10,/home/koraop/nob_dir/sc_transcriptomics/fastq_out/HP1504901_B10.fastq.gz,
HP1504901_B11,/home/koraop/nob_dir/sc_transcriptomics/fastq_out/HP1504901_B11.fastq.gz,
HP1504901_B12,/home/koraop/nob_dir/sc_transcriptomics/fastq_out/HP1504901_B12.fastq.gz,
HP1504901_B13,/home/koraop/nob_dir/sc_transcriptomics/fastq_out/HP1504901_B13.fastq.gz,
HP1504901_B14,/home/koraop/nob_dir/sc_transcriptomics/fastq_out/HP1504901_B14.fastq.gz,
HP1504901_B15,/home/koraop/nob_dir/sc_transcriptomics/fastq_out/HP1504901_B15.fastq.gz,
HP1504901_B16,/home/koraop/nob_dir/sc_transcriptomics/fastq_out/HP1504901_B16.fastq.gz,
HP1504901_B17,/home/koraop/nob_dir/sc_transcriptomics/fastq_out/HP1504901_B17.fastq.gz,
HP1504901_B18,/home/koraop/nob_dir/sc_transcriptomics/fastq_out/HP1504901_B18.fastq.gz,
HP1504901_B19,/home/koraop/nob_dir/sc_transcriptomics/fastq_out/HP1504901_B19.fastq.gz,
HP1504901_B2,/home/koraop/nob_dir/sc_transcriptomics/fastq_out/HP1504901_B2.fastq.gz,
HP1504901_B20,/home/koraop/nob_dir/sc_transcriptomics/fastq_out/HP1504901_B20.fastq.gz,
HP1504901_B21,/home/koraop/nob_dir/sc_transcriptomics/fastq_out/HP1504901_B21.fastq.gz,
HP1504901_B22,/home/koraop/nob_dir/sc_transcriptomics/fastq_out/HP1504901_B22.fastq.gz,
HP1504901_B23,/home/koraop/nob_dir/sc_transcriptomics/fastq_out/HP1504901_B23.fastq.gz,
HP1504901_B24,/home/koraop/nob_dir/sc_transcriptomics/fastq_out/HP1504901_B24.fastq.gz,
HP1504901_B3,/home/koraop/nob_dir/sc_transcriptomics/fastq_out/HP1504901_B3.fastq.gz,
HP1504901_B4,/home/koraop/nob_dir/sc_transcriptomics/fastq_out/HP1504901_B4.fastq.gz,
HP1504901_B5,/home/koraop/nob_dir/sc_transcriptomics/fastq_out/HP1504901_B5.fastq.gz,
HP1504901_B6,/home/koraop/nob_dir/sc_transcriptomics/fastq_out/HP1504901_B6.fastq.gz,
HP1504901_B7,/home/koraop/nob_dir/sc_transcriptomics/fastq_out/HP1504901_B7.fastq.gz,
HP1504901_B8,/home/koraop/nob_dir/sc_transcriptomics/fastq_out/HP1504901_B8.fastq.gz,
HP1504901_B9,/home/koraop/nob_dir/sc_transcriptomics/fastq_out/HP1504901_B9.fastq.gz,
HP1504901_C1,/home/koraop/nob_dir/sc_transcriptomics/fastq_out/HP1504901_C1.fastq.gz,
HP1504901_C10,/home/koraop/nob_dir/sc_transcriptomics/fastq_out/HP1504901_C10.fastq.gz,
HP1504901_C11,/home/koraop/nob_dir/sc_transcriptomics/fastq_out/HP1504901_C11.fastq.gz,
HP1504901_C12,/home/koraop/nob_dir/sc_transcriptomics/fastq_out/HP1504901_C12.fastq.gz,
HP1504901_C13,/home/koraop/nob_dir/sc_transcriptomics/fastq_out/HP1504901_C13.fastq.gz,
HP1504901_C14,/home/koraop/nob_dir/sc_transcriptomics/fastq_out/HP1504901_C14.fastq.gz,
HP1504901_C15,/home/koraop/nob_dir/sc_transcriptomics/fastq_out/HP1504901_C15.fastq.gz,
HP1504901_C16,/home/koraop/nob_dir/sc_transcriptomics/fastq_out/HP1504901_C16.fastq.gz,
HP1504901_C17,/home/koraop/nob_dir/sc_transcriptomics/fastq_out/HP1504901_C17.fastq.gz,
HP1504901_C18,/home/koraop/nob_dir/sc_transcriptomics/fastq_out/HP1504901_C18.fastq.gz,
HP1504901_C19,/home/koraop/nob_dir/sc_transcriptomics/fastq_out/HP1504901_C19.fastq.gz,
HP1504901_C2,/home/koraop/nob_dir/sc_transcriptomics/fastq_out/HP1504901_C2.fastq.gz,
HP1504901_C20,/home/koraop/nob_dir/sc_transcriptomics/fastq_out/HP1504901_C20.fastq.gz,
HP1504901_C21,/home/koraop/nob_dir/sc_transcriptomics/fastq_out/HP1504901_C21.fastq.gz,
HP1504901_C22,/home/koraop/nob_dir/sc_transcriptomics/fastq_out/HP1504901_C22.fastq.gz,
HP1504901_C23,/home/koraop/nob_dir/sc_transcriptomics/fastq_out/HP1504901_C23.fastq.gz,
HP1504901_C24,/home/koraop/nob_dir/sc_transcriptomics/fastq_out/HP1504901_C24.fastq.gz,
HP1504901_C3,/home/koraop/nob_dir/sc_transcriptomics/fastq_out/HP1504901_C3.fastq.gz,
HP1504901_C4,/home/koraop/nob_dir/sc_transcriptomics/fastq_out/HP1504901_C4.fastq.gz,
HP1504901_C5,/home/koraop/nob_dir/sc_transcriptomics/fastq_out/HP1504901_C5.fastq.gz,
HP1504901_C6,/home/koraop/nob_dir/sc_transcriptomics/fastq_out/HP1504901_C6.fastq.gz,
HP1504901_C7,/home/koraop/nob_dir/sc_transcriptomics/fastq_out/HP1504901_C7.fastq.gz,
HP1504901_C8,/home/koraop/nob_dir/sc_transcriptomics/fastq_out/HP1504901_C8.fastq.gz,
HP1504901_C9,/home/koraop/nob_dir/sc_transcriptomics/fastq_out/HP1504901_C9.fastq.gz,
HP1504901_D1,/home/koraop/nob_dir/sc_transcriptomics/fastq_out/HP1504901_D1.fastq.gz,
HP1504901_D10,/home/koraop/nob_dir/sc_transcriptomics/fastq_out/HP1504901_D10.fastq.gz,
HP1504901_D11,/home/koraop/nob_dir/sc_transcriptomics/fastq_out/HP1504901_D11.fastq.gz,
HP1504901_D12,/home/koraop/nob_dir/sc_transcriptomics/fastq_out/HP1504901_D12.fastq.gz,
HP1504901_D13,/home/koraop/nob_dir/sc_transcriptomics/fastq_out/HP1504901_D13.fastq.gz,
HP1504901_D14,/home/koraop/nob_dir/sc_transcriptomics/fastq_out/HP1504901_D14.fastq.gz,
HP1504901_D15,/home/koraop/nob_dir/sc_transcriptomics/fastq_out/HP1504901_D15.fastq.gz,
HP1504901_D16,/home/koraop/nob_dir/sc_transcriptomics/fastq_out/HP1504901_D16.fastq.gz,
HP1504901_D17,/home/koraop/nob_dir/sc_transcriptomics/fastq_out/HP1504901_D17.fastq.gz,
HP1504901_D18,/home/koraop/nob_dir/sc_transcriptomics/fastq_out/HP1504901_D18.fastq.gz,
HP1504901_D19,/home/koraop/nob_dir/sc_transcriptomics/fastq_out/HP1504901_D19.fastq.gz,
HP1504901_D2,/home/koraop/nob_dir/sc_transcriptomics/fastq_out/HP1504901_D2.fastq.gz,
HP1504901_D20,/home/koraop/nob_dir/sc_transcriptomics/fastq_out/HP1504901_D20.fastq.gz,
HP1504901_D21,/home/koraop/nob_dir/sc_transcriptomics/fastq_out/HP1504901_D21.fastq.gz,
HP1504901_D22,/home/koraop/nob_dir/sc_transcriptomics/fastq_out/HP1504901_D22.fastq.gz,
HP1504901_D23,/home/koraop/nob_dir/sc_transcriptomics/fastq_out/HP1504901_D23.fastq.gz,
HP1504901_D24,/home/koraop/nob_dir/sc_transcriptomics/fastq_out/HP1504901_D24.fastq.gz,
HP1504901_D3,/home/koraop/nob_dir/sc_transcriptomics/fastq_out/HP1504901_D3.fastq.gz,
HP1504901_D4,/home/koraop/nob_dir/sc_transcriptomics/fastq_out/HP1504901_D4.fastq.gz,
HP1504901_D5,/home/koraop/nob_dir/sc_transcriptomics/fastq_out/HP1504901_D5.fastq.gz,
HP1504901_D6,/home/koraop/nob_dir/sc_transcriptomics/fastq_out/HP1504901_D6.fastq.gz,
HP1504901_D7,/home/koraop/nob_dir/sc_transcriptomics/fastq_out/HP1504901_D7.fastq.gz,
HP1504901_D8,/home/koraop/nob_dir/sc_transcriptomics/fastq_out/HP1504901_D8.fastq.gz,
HP1504901_D9,/home/koraop/nob_dir/sc_transcriptomics/fastq_out/HP1504901_D9.fastq.gz,
HP1504901_E1,/home/koraop/nob_dir/sc_transcriptomics/fastq_out/HP1504901_E1.fastq.gz,
HP1504901_E10,/home/koraop/nob_dir/sc_transcriptomics/fastq_out/HP1504901_E10.fastq.gz,
HP1504901_E11,/home/koraop/nob_dir/sc_transcriptomics/fastq_out/HP1504901_E11.fastq.gz,
HP1504901_E12,/home/koraop/nob_dir/sc_transcriptomics/fastq_out/HP1504901_E12.fastq.gz,
HP1504901_E13,/home/koraop/nob_dir/sc_transcriptomics/fastq_out/HP1504901_E13.fastq.gz,
HP1504901_E14,/home/koraop/nob_dir/sc_transcriptomics/fastq_out/HP1504901_E14.fastq.gz,
HP1504901_E15,/home/koraop/nob_dir/sc_transcriptomics/fastq_out/HP1504901_E15.fastq.gz,
HP1504901_E16,/home/koraop/nob_dir/sc_transcriptomics/fastq_out/HP1504901_E16.fastq.gz,
HP1504901_E17,/home/koraop/nob_dir/sc_transcriptomics/fastq_out/HP1504901_E17.fastq.gz,
HP1504901_E18,/home/koraop/nob_dir/sc_transcriptomics/fastq_out/HP1504901_E18.fastq.gz,
HP1504901_E19,/home/koraop/nob_dir/sc_transcriptomics/fastq_out/HP1504901_E19.fastq.gz,
HP1504901_E2,/home/koraop/nob_dir/sc_transcriptomics/fastq_out/HP1504901_E2.fastq.gz,
HP1504901_E20,/home/koraop/nob_dir/sc_transcriptomics/fastq_out/HP1504901_E20.fastq.gz,
HP1504901_E21,/home/koraop/nob_dir/sc_transcriptomics/fastq_out/HP1504901_E21.fastq.gz,
HP1504901_E22,/home/koraop/nob_dir/sc_transcriptomics/fastq_out/HP1504901_E22.fastq.gz,
HP1504901_E23,/home/koraop/nob_dir/sc_transcriptomics/fastq_out/HP1504901_E23.fastq.gz,
HP1504901_E24,/home/koraop/nob_dir/sc_transcriptomics/fastq_out/HP1504901_E24.fastq.gz,
HP1504901_E3,/home/koraop/nob_dir/sc_transcriptomics/fastq_out/HP1504901_E3.fastq.gz,
HP1504901_E4,/home/koraop/nob_dir/sc_transcriptomics/fastq_out/HP1504901_E4.fastq.gz,
HP1504901_E5,/home/koraop/nob_dir/sc_transcriptomics/fastq_out/HP1504901_E5.fastq.gz,
HP1504901_E6,/home/koraop/nob_dir/sc_transcriptomics/fastq_out/HP1504901_E6.fastq.gz,
HP1504901_E7,/home/koraop/nob_dir/sc_transcriptomics/fastq_out/HP1504901_E7.fastq.gz,
HP1504901_E8,/home/koraop/nob_dir/sc_transcriptomics/fastq_out/HP1504901_E8.fastq.gz,
HP1504901_E9,/home/koraop/nob_dir/sc_transcriptomics/fastq_out/HP1504901_E9.fastq.gz,
HP1504901_F1,/home/koraop/nob_dir/sc_transcriptomics/fastq_out/HP1504901_F1.fastq.gz,
HP1504901_F10,/home/koraop/nob_dir/sc_transcriptomics/fastq_out/HP1504901_F10.fastq.gz,
HP1504901_F11,/home/koraop/nob_dir/sc_transcriptomics/fastq_out/HP1504901_F11.fastq.gz,
HP1504901_F12,/home/koraop/nob_dir/sc_transcriptomics/fastq_out/HP1504901_F12.fastq.gz,
HP1504901_F13,/home/koraop/nob_dir/sc_transcriptomics/fastq_out/HP1504901_F13.fastq.gz,
HP1504901_F14,/home/koraop/nob_dir/sc_transcriptomics/fastq_out/HP1504901_F14.fastq.gz,
HP1504901_F15,/home/koraop/nob_dir/sc_transcriptomics/fastq_out/HP1504901_F15.fastq.gz,
HP1504901_F16,/home/koraop/nob_dir/sc_transcriptomics/fastq_out/HP1504901_F16.fastq.gz,
HP1504901_F17,/home/koraop/nob_dir/sc_transcriptomics/fastq_out/HP1504901_F17.fastq.gz,
HP1504901_F18,/home/koraop/nob_dir/sc_transcriptomics/fastq_out/HP1504901_F18.fastq.gz,
HP1504901_F19,/home/koraop/nob_dir/sc_transcriptomics/fastq_out/HP1504901_F19.fastq.gz,
HP1504901_F2,/home/koraop/nob_dir/sc_transcriptomics/fastq_out/HP1504901_F2.fastq.gz,
HP1504901_F20,/home/koraop/nob_dir/sc_transcriptomics/fastq_out/HP1504901_F20.fastq.gz,
HP1504901_F21,/home/koraop/nob_dir/sc_transcriptomics/fastq_out/HP1504901_F21.fastq.gz,
HP1504901_F22,/home/koraop/nob_dir/sc_transcriptomics/fastq_out/HP1504901_F22.fastq.gz,
HP1504901_F23,/home/koraop/nob_dir/sc_transcriptomics/fastq_out/HP1504901_F23.fastq.gz,
HP1504901_F24,/home/koraop/nob_dir/sc_transcriptomics/fastq_out/HP1504901_F24.fastq.gz,
HP1504901_F3,/home/koraop/nob_dir/sc_transcriptomics/fastq_out/HP1504901_F3.fastq.gz,
HP1504901_F4,/home/koraop/nob_dir/sc_transcriptomics/fastq_out/HP1504901_F4.fastq.gz,
HP1504901_F5,/home/koraop/nob_dir/sc_transcriptomics/fastq_out/HP1504901_F5.fastq.gz,
HP1504901_F6,/home/koraop/nob_dir/sc_transcriptomics/fastq_out/HP1504901_F6.fastq.gz,
HP1504901_F7,/home/koraop/nob_dir/sc_transcriptomics/fastq_out/HP1504901_F7.fastq.gz,
HP1504901_F8,/home/koraop/nob_dir/sc_transcriptomics/fastq_out/HP1504901_F8.fastq.gz,
HP1504901_F9,/home/koraop/nob_dir/sc_transcriptomics/fastq_out/HP1504901_F9.fastq.gz,
HP1504901_G1,/home/koraop/nob_dir/sc_transcriptomics/fastq_out/HP1504901_G1.fastq.gz,
HP1504901_G10,/home/koraop/nob_dir/sc_transcriptomics/fastq_out/HP1504901_G10.fastq.gz,
HP1504901_G11,/home/koraop/nob_dir/sc_transcriptomics/fastq_out/HP1504901_G11.fastq.gz,
HP1504901_G12,/home/koraop/nob_dir/sc_transcriptomics/fastq_out/HP1504901_G12.fastq.gz,
HP1504901_G13,/home/koraop/nob_dir/sc_transcriptomics/fastq_out/HP1504901_G13.fastq.gz,
HP1504901_G14,/home/koraop/nob_dir/sc_transcriptomics/fastq_out/HP1504901_G14.fastq.gz,
HP1504901_G15,/home/koraop/nob_dir/sc_transcriptomics/fastq_out/HP1504901_G15.fastq.gz,
HP1504901_G16,/home/koraop/nob_dir/sc_transcriptomics/fastq_out/HP1504901_G16.fastq.gz,
HP1504901_G17,/home/koraop/nob_dir/sc_transcriptomics/fastq_out/HP1504901_G17.fastq.gz,
HP1504901_G18,/home/koraop/nob_dir/sc_transcriptomics/fastq_out/HP1504901_G18.fastq.gz,
HP1504901_G19,/home/koraop/nob_dir/sc_transcriptomics/fastq_out/HP1504901_G19.fastq.gz,
HP1504901_G2,/home/koraop/nob_dir/sc_transcriptomics/fastq_out/HP1504901_G2.fastq.gz,
HP1504901_G20,/home/koraop/nob_dir/sc_transcriptomics/fastq_out/HP1504901_G20.fastq.gz,
HP1504901_G21,/home/koraop/nob_dir/sc_transcriptomics/fastq_out/HP1504901_G21.fastq.gz,
HP1504901_G22,/home/koraop/nob_dir/sc_transcriptomics/fastq_out/HP1504901_G22.fastq.gz,
HP1504901_G23,/home/koraop/nob_dir/sc_transcriptomics/fastq_out/HP1504901_G23.fastq.gz,
HP1504901_G24,/home/koraop/nob_dir/sc_transcriptomics/fastq_out/HP1504901_G24.fastq.gz,
HP1504901_G3,/home/koraop/nob_dir/sc_transcriptomics/fastq_out/HP1504901_G3.fastq.gz,
HP1504901_G4,/home/koraop/nob_dir/sc_transcriptomics/fastq_out/HP1504901_G4.fastq.gz,
HP1504901_G5,/home/koraop/nob_dir/sc_transcriptomics/fastq_out/HP1504901_G5.fastq.gz,
HP1504901_G6,/home/koraop/nob_dir/sc_transcriptomics/fastq_out/HP1504901_G6.fastq.gz,
HP1504901_G7,/home/koraop/nob_dir/sc_transcriptomics/fastq_out/HP1504901_G7.fastq.gz,
HP1504901_G8,/home/koraop/nob_dir/sc_transcriptomics/fastq_out/HP1504901_G8.fastq.gz,
HP1504901_G9,/home/koraop/nob_dir/sc_transcriptomics/fastq_out/HP1504901_G9.fastq.gz,
HP1504901_H1,/home/koraop/nob_dir/sc_transcriptomics/fastq_out/HP1504901_H1.fastq.gz,
HP1504901_H10,/home/koraop/nob_dir/sc_transcriptomics/fastq_out/HP1504901_H10.fastq.gz,
HP1504901_H11,/home/koraop/nob_dir/sc_transcriptomics/fastq_out/HP1504901_H11.fastq.gz,
HP1504901_H12,/home/koraop/nob_dir/sc_transcriptomics/fastq_out/HP1504901_H12.fastq.gz,
HP1504901_H13,/home/koraop/nob_dir/sc_transcriptomics/fastq_out/HP1504901_H13.fastq.gz,
HP1504901_H14,/home/koraop/nob_dir/sc_transcriptomics/fastq_out/HP1504901_H14.fastq.gz,
HP1504901_H15,/home/koraop/nob_dir/sc_transcriptomics/fastq_out/HP1504901_H15.fastq.gz,
HP1504901_H16,/home/koraop/nob_dir/sc_transcriptomics/fastq_out/HP1504901_H16.fastq.gz,
HP1504901_H17,/home/koraop/nob_dir/sc_transcriptomics/fastq_out/HP1504901_H17.fastq.gz,
HP1504901_H18,/home/koraop/nob_dir/sc_transcriptomics/fastq_out/HP1504901_H18.fastq.gz,
HP1504901_H19,/home/koraop/nob_dir/sc_transcriptomics/fastq_out/HP1504901_H19.fastq.gz,
HP1504901_H2,/home/koraop/nob_dir/sc_transcriptomics/fastq_out/HP1504901_H2.fastq.gz,
HP1504901_H20,/home/koraop/nob_dir/sc_transcriptomics/fastq_out/HP1504901_H20.fastq.gz,
HP1504901_H21,/home/koraop/nob_dir/sc_transcriptomics/fastq_out/HP1504901_H21.fastq.gz,
HP1504901_H22,/home/koraop/nob_dir/sc_transcriptomics/fastq_out/HP1504901_H22.fastq.gz,
HP1504901_H23,/home/koraop/nob_dir/sc_transcriptomics/fastq_out/HP1504901_H23.fastq.gz,
HP1504901_H24,/home/koraop/nob_dir/sc_transcriptomics/fastq_out/HP1504901_H24.fastq.gz,
HP1504901_H3,/home/koraop/nob_dir/sc_transcriptomics/fastq_out/HP1504901_H3.fastq.gz,
HP1504901_H4,/home/koraop/nob_dir/sc_transcriptomics/fastq_out/HP1504901_H4.fastq.gz,
HP1504901_H5,/home/koraop/nob_dir/sc_transcriptomics/fastq_out/HP1504901_H5.fastq.gz,
HP1504901_H6,/home/koraop/nob_dir/sc_transcriptomics/fastq_out/HP1504901_H6.fastq.gz,
HP1504901_H7,/home/koraop/nob_dir/sc_transcriptomics/fastq_out/HP1504901_H7.fastq.gz,
HP1504901_H8,/home/koraop/nob_dir/sc_transcriptomics/fastq_out/HP1504901_H8.fastq.gz,
HP1504901_H9,/home/koraop/nob_dir/sc_transcriptomics/fastq_out/HP1504901_H9.fastq.gz,
HP1504901_I1,/home/koraop/nob_dir/sc_transcriptomics/fastq_out/HP1504901_I1.fastq.gz,
HP1504901_I10,/home/koraop/nob_dir/sc_transcriptomics/fastq_out/HP1504901_I10.fastq.gz,
HP1504901_I11,/home/koraop/nob_dir/sc_transcriptomics/fastq_out/HP1504901_I11.fastq.gz,
HP1504901_I12,/home/koraop/nob_dir/sc_transcriptomics/fastq_out/HP1504901_I12.fastq.gz,
HP1504901_I13,/home/koraop/nob_dir/sc_transcriptomics/fastq_out/HP1504901_I13.fastq.gz,
HP1504901_I14,/home/koraop/nob_dir/sc_transcriptomics/fastq_out/HP1504901_I14.fastq.gz,
HP1504901_I15,/home/koraop/nob_dir/sc_transcriptomics/fastq_out/HP1504901_I15.fastq.gz,
HP1504901_I16,/home/koraop/nob_dir/sc_transcriptomics/fastq_out/HP1504901_I16.fastq.gz,
HP1504901_I17,/home/koraop/nob_dir/sc_transcriptomics/fastq_out/HP1504901_I17.fastq.gz,
HP1504901_I18,/home/koraop/nob_dir/sc_transcriptomics/fastq_out/HP1504901_I18.fastq.gz,
HP1504901_I19,/home/koraop/nob_dir/sc_transcriptomics/fastq_out/HP1504901_I19.fastq.gz,
HP1504901_I2,/home/koraop/nob_dir/sc_transcriptomics/fastq_out/HP1504901_I2.fastq.gz,
HP1504901_I20,/home/koraop/nob_dir/sc_transcriptomics/fastq_out/HP1504901_I20.fastq.gz,
HP1504901_I21,/home/koraop/nob_dir/sc_transcriptomics/fastq_out/HP1504901_I21.fastq.gz,
HP1504901_I22,/home/koraop/nob_dir/sc_transcriptomics/fastq_out/HP1504901_I22.fastq.gz,
HP1504901_I23,/home/koraop/nob_dir/sc_transcriptomics/fastq_out/HP1504901_I23.fastq.gz,
HP1504901_I24,/home/koraop/nob_dir/sc_transcriptomics/fastq_out/HP1504901_I24.fastq.gz,
HP1504901_I3,/home/koraop/nob_dir/sc_transcriptomics/fastq_out/HP1504901_I3.fastq.gz,
HP1504901_I4,/home/koraop/nob_dir/sc_transcriptomics/fastq_out/HP1504901_I4.fastq.gz,
HP1504901_I5,/home/koraop/nob_dir/sc_transcriptomics/fastq_out/HP1504901_I5.fastq.gz,
HP1504901_I6,/home/koraop/nob_dir/sc_transcriptomics/fastq_out/HP1504901_I6.fastq.gz,
HP1504901_I7,/home/koraop/nob_dir/sc_transcriptomics/fastq_out/HP1504901_I7.fastq.gz,
HP1504901_I8,/home/koraop/nob_dir/sc_transcriptomics/fastq_out/HP1504901_I8.fastq.gz,
HP1504901_I9,/home/koraop/nob_dir/sc_transcriptomics/fastq_out/HP1504901_I9.fastq.gz,
HP1504901_J1,/home/koraop/nob_dir/sc_transcriptomics/fastq_out/HP1504901_J1.fastq.gz,
HP1504901_J10,/home/koraop/nob_dir/sc_transcriptomics/fastq_out/HP1504901_J10.fastq.gz,
HP1504901_J11,/home/koraop/nob_dir/sc_transcriptomics/fastq_out/HP1504901_J11.fastq.gz,
HP1504901_J12,/home/koraop/nob_dir/sc_transcriptomics/fastq_out/HP1504901_J12.fastq.gz,
HP1504901_J13,/home/koraop/nob_dir/sc_transcriptomics/fastq_out/HP1504901_J13.fastq.gz,
HP1504901_J14,/home/koraop/nob_dir/sc_transcriptomics/fastq_out/HP1504901_J14.fastq.gz,
HP1504901_J15,/home/koraop/nob_dir/sc_transcriptomics/fastq_out/HP1504901_J15.fastq.gz,
HP1504901_J16,/home/koraop/nob_dir/sc_transcriptomics/fastq_out/HP1504901_J16.fastq.gz,
HP1504901_J17,/home/koraop/nob_dir/sc_transcriptomics/fastq_out/HP1504901_J17.fastq.gz,
HP1504901_J18,/home/koraop/nob_dir/sc_transcriptomics/fastq_out/HP1504901_J18.fastq.gz,
HP1504901_J19,/home/koraop/nob_dir/sc_transcriptomics/fastq_out/HP1504901_J19.fastq.gz,
HP1504901_J2,/home/koraop/nob_dir/sc_transcriptomics/fastq_out/HP1504901_J2.fastq.gz,
HP1504901_J20,/home/koraop/nob_dir/sc_transcriptomics/fastq_out/HP1504901_J20.fastq.gz,
HP1504901_J21,/home/koraop/nob_dir/sc_transcriptomics/fastq_out/HP1504901_J21.fastq.gz,
HP1504901_J22,/home/koraop/nob_dir/sc_transcriptomics/fastq_out/HP1504901_J22.fastq.gz,
HP1504901_J23,/home/koraop/nob_dir/sc_transcriptomics/fastq_out/HP1504901_J23.fastq.gz,
HP1504901_J24,/home/koraop/nob_dir/sc_transcriptomics/fastq_out/HP1504901_J24.fastq.gz,
HP1504901_J3,/home/koraop/nob_dir/sc_transcriptomics/fastq_out/HP1504901_J3.fastq.gz,
HP1504901_J4,/home/koraop/nob_dir/sc_transcriptomics/fastq_out/HP1504901_J4.fastq.gz,
HP1504901_J5,/home/koraop/nob_dir/sc_transcriptomics/fastq_out/HP1504901_J5.fastq.gz,
HP1504901_J6,/home/koraop/nob_dir/sc_transcriptomics/fastq_out/HP1504901_J6.fastq.gz,
HP1504901_J7,/home/koraop/nob_dir/sc_transcriptomics/fastq_out/HP1504901_J7.fastq.gz,
HP1504901_J8,/home/koraop/nob_dir/sc_transcriptomics/fastq_out/HP1504901_J8.fastq.gz,
HP1504901_J9,/home/koraop/nob_dir/sc_transcriptomics/fastq_out/HP1504901_J9.fastq.gz,
HP1504901_K1,/home/koraop/nob_dir/sc_transcriptomics/fastq_out/HP1504901_K1.fastq.gz,
HP1504901_K10,/home/koraop/nob_dir/sc_transcriptomics/fastq_out/HP1504901_K10.fastq.gz,
HP1504901_K11,/home/koraop/nob_dir/sc_transcriptomics/fastq_out/HP1504901_K11.fastq.gz,
HP1504901_K12,/home/koraop/nob_dir/sc_transcriptomics/fastq_out/HP1504901_K12.fastq.gz,
HP1504901_K13,/home/koraop/nob_dir/sc_transcriptomics/fastq_out/HP1504901_K13.fastq.gz,
HP1504901_K14,/home/koraop/nob_dir/sc_transcriptomics/fastq_out/HP1504901_K14.fastq.gz,
HP1504901_K15,/home/koraop/nob_dir/sc_transcriptomics/fastq_out/HP1504901_K15.fastq.gz,
HP1504901_K16,/home/koraop/nob_dir/sc_transcriptomics/fastq_out/HP1504901_K16.fastq.gz,
HP1504901_K17,/home/koraop/nob_dir/sc_transcriptomics/fastq_out/HP1504901_K17.fastq.gz,
HP1504901_K18,/home/koraop/nob_dir/sc_transcriptomics/fastq_out/HP1504901_K18.fastq.gz,
HP1504901_K19,/home/koraop/nob_dir/sc_transcriptomics/fastq_out/HP1504901_K19.fastq.gz,
HP1504901_K2,/home/koraop/nob_dir/sc_transcriptomics/fastq_out/HP1504901_K2.fastq.gz,
HP1504901_K20,/home/koraop/nob_dir/sc_transcriptomics/fastq_out/HP1504901_K20.fastq.gz,
HP1504901_K21,/home/koraop/nob_dir/sc_transcriptomics/fastq_out/HP1504901_K21.fastq.gz,
HP1504901_K22,/home/koraop/nob_dir/sc_transcriptomics/fastq_out/HP1504901_K22.fastq.gz,
HP1504901_K23,/home/koraop/nob_dir/sc_transcriptomics/fastq_out/HP1504901_K23.fastq.gz,
HP1504901_K24,/home/koraop/nob_dir/sc_transcriptomics/fastq_out/HP1504901_K24.fastq.gz,
HP1504901_K3,/home/koraop/nob_dir/sc_transcriptomics/fastq_out/HP1504901_K3.fastq.gz,
HP1504901_K4,/home/koraop/nob_dir/sc_transcriptomics/fastq_out/HP1504901_K4.fastq.gz,
HP1504901_K5,/home/koraop/nob_dir/sc_transcriptomics/fastq_out/HP1504901_K5.fastq.gz,
HP1504901_K6,/home/koraop/nob_dir/sc_transcriptomics/fastq_out/HP1504901_K6.fastq.gz,
HP1504901_K7,/home/koraop/nob_dir/sc_transcriptomics/fastq_out/HP1504901_K7.fastq.gz,
HP1504901_K8,/home/koraop/nob_dir/sc_transcriptomics/fastq_out/HP1504901_K8.fastq.gz,
HP1504901_K9,/home/koraop/nob_dir/sc_transcriptomics/fastq_out/HP1504901_K9.fastq.gz,
HP1504901_L1,/home/koraop/nob_dir/sc_transcriptomics/fastq_out/HP1504901_L1.fastq.gz,
HP1504901_L10,/home/koraop/nob_dir/sc_transcriptomics/fastq_out/HP1504901_L10.fastq.gz,
HP1504901_L11,/home/koraop/nob_dir/sc_transcriptomics/fastq_out/HP1504901_L11.fastq.gz,
HP1504901_L12,/home/koraop/nob_dir/sc_transcriptomics/fastq_out/HP1504901_L12.fastq.gz,
HP1504901_L13,/home/koraop/nob_dir/sc_transcriptomics/fastq_out/HP1504901_L13.fastq.gz,
HP1504901_L14,/home/koraop/nob_dir/sc_transcriptomics/fastq_out/HP1504901_L14.fastq.gz,
HP1504901_L15,/home/koraop/nob_dir/sc_transcriptomics/fastq_out/HP1504901_L15.fastq.gz,
HP1504901_L16,/home/koraop/nob_dir/sc_transcriptomics/fastq_out/HP1504901_L16.fastq.gz,
HP1504901_L17,/home/koraop/nob_dir/sc_transcriptomics/fastq_out/HP1504901_L17.fastq.gz,
HP1504901_L18,/home/koraop/nob_dir/sc_transcriptomics/fastq_out/HP1504901_L18.fastq.gz,
HP1504901_L19,/home/koraop/nob_dir/sc_transcriptomics/fastq_out/HP1504901_L19.fastq.gz,
HP1504901_L2,/home/koraop/nob_dir/sc_transcriptomics/fastq_out/HP1504901_L2.fastq.gz,
HP1504901_L20,/home/koraop/nob_dir/sc_transcriptomics/fastq_out/HP1504901_L20.fastq.gz,
HP1504901_L21,/home/koraop/nob_dir/sc_transcriptomics/fastq_out/HP1504901_L21.fastq.gz,
HP1504901_L22,/home/koraop/nob_dir/sc_transcriptomics/fastq_out/HP1504901_L22.fastq.gz,
HP1504901_L23,/home/koraop/nob_dir/sc_transcriptomics/fastq_out/HP1504901_L23.fastq.gz,
HP1504901_L24,/home/koraop/nob_dir/sc_transcriptomics/fastq_out/HP1504901_L24.fastq.gz,
HP1504901_L3,/home/koraop/nob_dir/sc_transcriptomics/fastq_out/HP1504901_L3.fastq.gz,
HP1504901_L4,/home/koraop/nob_dir/sc_transcriptomics/fastq_out/HP1504901_L4.fastq.gz,
HP1504901_L5,/home/koraop/nob_dir/sc_transcriptomics/fastq_out/HP1504901_L5.fastq.gz,
HP1504901_L6,/home/koraop/nob_dir/sc_transcriptomics/fastq_out/HP1504901_L6.fastq.gz,
HP1504901_L7,/home/koraop/nob_dir/sc_transcriptomics/fastq_out/HP1504901_L7.fastq.gz,
HP1504901_L8,/home/koraop/nob_dir/sc_transcriptomics/fastq_out/HP1504901_L8.fastq.gz,
HP1504901_L9,/home/koraop/nob_dir/sc_transcriptomics/fastq_out/HP1504901_L9.fastq.gz,
HP1504901_M1,/home/koraop/nob_dir/sc_transcriptomics/fastq_out/HP1504901_M1.fastq.gz,
HP1504901_M10,/home/koraop/nob_dir/sc_transcriptomics/fastq_out/HP1504901_M10.fastq.gz,
HP1504901_M11,/home/koraop/nob_dir/sc_transcriptomics/fastq_out/HP1504901_M11.fastq.gz,
HP1504901_M12,/home/koraop/nob_dir/sc_transcriptomics/fastq_out/HP1504901_M12.fastq.gz,
HP1504901_M13,/home/koraop/nob_dir/sc_transcriptomics/fastq_out/HP1504901_M13.fastq.gz,
HP1504901_M14,/home/koraop/nob_dir/sc_transcriptomics/fastq_out/HP1504901_M14.fastq.gz,
HP1504901_M15,/home/koraop/nob_dir/sc_transcriptomics/fastq_out/HP1504901_M15.fastq.gz,
HP1504901_M16,/home/koraop/nob_dir/sc_transcriptomics/fastq_out/HP1504901_M16.fastq.gz,
HP1504901_M17,/home/koraop/nob_dir/sc_transcriptomics/fastq_out/HP1504901_M17.fastq.gz,
HP1504901_M18,/home/koraop/nob_dir/sc_transcriptomics/fastq_out/HP1504901_M18.fastq.gz,
HP1504901_M19,/home/koraop/nob_dir/sc_transcriptomics/fastq_out/HP1504901_M19.fastq.gz,
HP1504901_M2,/home/koraop/nob_dir/sc_transcriptomics/fastq_out/HP1504901_M2.fastq.gz,
HP1504901_M20,/home/koraop/nob_dir/sc_transcriptomics/fastq_out/HP1504901_M20.fastq.gz,
HP1504901_M21,/home/koraop/nob_dir/sc_transcriptomics/fastq_out/HP1504901_M21.fastq.gz,
HP1504901_M22,/home/koraop/nob_dir/sc_transcriptomics/fastq_out/HP1504901_M22.fastq.gz,
HP1504901_M23,/home/koraop/nob_dir/sc_transcriptomics/fastq_out/HP1504901_M23.fastq.gz,
HP1504901_M24,/home/koraop/nob_dir/sc_transcriptomics/fastq_out/HP1504901_M24.fastq.gz,
HP1504901_M3,/home/koraop/nob_dir/sc_transcriptomics/fastq_out/HP1504901_M3.fastq.gz,
HP1504901_M4,/home/koraop/nob_dir/sc_transcriptomics/fastq_out/HP1504901_M4.fastq.gz,
HP1504901_M5,/home/koraop/nob_dir/sc_transcriptomics/fastq_out/HP1504901_M5.fastq.gz,
HP1504901_M6,/home/koraop/nob_dir/sc_transcriptomics/fastq_out/HP1504901_M6.fastq.gz,
HP1504901_M7,/home/koraop/nob_dir/sc_transcriptomics/fastq_out/HP1504901_M7.fastq.gz,
HP1504901_M8,/home/koraop/nob_dir/sc_transcriptomics/fastq_out/HP1504901_M8.fastq.gz,
HP1504901_M9,/home/koraop/nob_dir/sc_transcriptomics/fastq_out/HP1504901_M9.fastq.gz,
HP1504901_N1,/home/koraop/nob_dir/sc_transcriptomics/fastq_out/HP1504901_N1.fastq.gz,
HP1504901_N10,/home/koraop/nob_dir/sc_transcriptomics/fastq_out/HP1504901_N10.fastq.gz,
HP1504901_N11,/home/koraop/nob_dir/sc_transcriptomics/fastq_out/HP1504901_N11.fastq.gz,
HP1504901_N12,/home/koraop/nob_dir/sc_transcriptomics/fastq_out/HP1504901_N12.fastq.gz,
HP1504901_N13,/home/koraop/nob_dir/sc_transcriptomics/fastq_out/HP1504901_N13.fastq.gz,
HP1504901_N14,/home/koraop/nob_dir/sc_transcriptomics/fastq_out/HP1504901_N14.fastq.gz,
HP1504901_N15,/home/koraop/nob_dir/sc_transcriptomics/fastq_out/HP1504901_N15.fastq.gz,
HP1504901_N16,/home/koraop/nob_dir/sc_transcriptomics/fastq_out/HP1504901_N16.fastq.gz,
HP1504901_N17,/home/koraop/nob_dir/sc_transcriptomics/fastq_out/HP1504901_N17.fastq.gz,
HP1504901_N18,/home/koraop/nob_dir/sc_transcriptomics/fastq_out/HP1504901_N18.fastq.gz,
HP1504901_N19,/home/koraop/nob_dir/sc_transcriptomics/fastq_out/HP1504901_N19.fastq.gz,
HP1504901_N2,/home/koraop/nob_dir/sc_transcriptomics/fastq_out/HP1504901_N2.fastq.gz,
HP1504901_N20,/home/koraop/nob_dir/sc_transcriptomics/fastq_out/HP1504901_N20.fastq.gz,
HP1504901_N21,/home/koraop/nob_dir/sc_transcriptomics/fastq_out/HP1504901_N21.fastq.gz,
HP1504901_N22,/home/koraop/nob_dir/sc_transcriptomics/fastq_out/HP1504901_N22.fastq.gz,
HP1504901_N23,/home/koraop/nob_dir/sc_transcriptomics/fastq_out/HP1504901_N23.fastq.gz,
HP1504901_N24,/home/koraop/nob_dir/sc_transcriptomics/fastq_out/HP1504901_N24.fastq.gz,
HP1504901_N3,/home/koraop/nob_dir/sc_transcriptomics/fastq_out/HP1504901_N3.fastq.gz,
HP1504901_N4,/home/koraop/nob_dir/sc_transcriptomics/fastq_out/HP1504901_N4.fastq.gz,
HP1504901_N5,/home/koraop/nob_dir/sc_transcriptomics/fastq_out/HP1504901_N5.fastq.gz,
HP1504901_N6,/home/koraop/nob_dir/sc_transcriptomics/fastq_out/HP1504901_N6.fastq.gz,
HP1504901_N7,/home/koraop/nob_dir/sc_transcriptomics/fastq_out/HP1504901_N7.fastq.gz,
HP1504901_N8,/home/koraop/nob_dir/sc_transcriptomics/fastq_out/HP1504901_N8.fastq.gz,
HP1504901_N9,/home/koraop/nob_dir/sc_transcriptomics/fastq_out/HP1504901_N9.fastq.gz,
HP1504901_O1,/home/koraop/nob_dir/sc_transcriptomics/fastq_out/HP1504901_O1.fastq.gz,
HP1504901_O10,/home/koraop/nob_dir/sc_transcriptomics/fastq_out/HP1504901_O10.fastq.gz,
HP1504901_O11,/home/koraop/nob_dir/sc_transcriptomics/fastq_out/HP1504901_O11.fastq.gz,
HP1504901_O12,/home/koraop/nob_dir/sc_transcriptomics/fastq_out/HP1504901_O12.fastq.gz,
HP1504901_O13,/home/koraop/nob_dir/sc_transcriptomics/fastq_out/HP1504901_O13.fastq.gz,
HP1504901_O14,/home/koraop/nob_dir/sc_transcriptomics/fastq_out/HP1504901_O14.fastq.gz,
HP1504901_O15,/home/koraop/nob_dir/sc_transcriptomics/fastq_out/HP1504901_O15.fastq.gz,
HP1504901_O16,/home/koraop/nob_dir/sc_transcriptomics/fastq_out/HP1504901_O16.fastq.gz,
HP1504901_O17,/home/koraop/nob_dir/sc_transcriptomics/fastq_out/HP1504901_O17.fastq.gz,
HP1504901_O18,/home/koraop/nob_dir/sc_transcriptomics/fastq_out/HP1504901_O18.fastq.gz,
HP1504901_O19,/home/koraop/nob_dir/sc_transcriptomics/fastq_out/HP1504901_O19.fastq.gz,
HP1504901_O2,/home/koraop/nob_dir/sc_transcriptomics/fastq_out/HP1504901_O2.fastq.gz,
HP1504901_O20,/home/koraop/nob_dir/sc_transcriptomics/fastq_out/HP1504901_O20.fastq.gz,
HP1504901_O21,/home/koraop/nob_dir/sc_transcriptomics/fastq_out/HP1504901_O21.fastq.gz,
HP1504901_O22,/home/koraop/nob_dir/sc_transcriptomics/fastq_out/HP1504901_O22.fastq.gz,
HP1504901_O23,/home/koraop/nob_dir/sc_transcriptomics/fastq_out/HP1504901_O23.fastq.gz,
HP1504901_O24,/home/koraop/nob_dir/sc_transcriptomics/fastq_out/HP1504901_O24.fastq.gz,
HP1504901_O3,/home/koraop/nob_dir/sc_transcriptomics/fastq_out/HP1504901_O3.fastq.gz,
HP1504901_O4,/home/koraop/nob_dir/sc_transcriptomics/fastq_out/HP1504901_O4.fastq.gz,
HP1504901_O5,/home/koraop/nob_dir/sc_transcriptomics/fastq_out/HP1504901_O5.fastq.gz,
HP1504901_O6,/home/koraop/nob_dir/sc_transcriptomics/fastq_out/HP1504901_O6.fastq.gz,
HP1504901_O7,/home/koraop/nob_dir/sc_transcriptomics/fastq_out/HP1504901_O7.fastq.gz,
HP1504901_O8,/home/koraop/nob_dir/sc_transcriptomics/fastq_out/HP1504901_O8.fastq.gz,
HP1504901_O9,/home/koraop/nob_dir/sc_transcriptomics/fastq_out/HP1504901_O9.fastq.gz,
HP1504901_P1,/home/koraop/nob_dir/sc_transcriptomics/fastq_out/HP1504901_P1.fastq.gz,
HP1504901_P10,/home/koraop/nob_dir/sc_transcriptomics/fastq_out/HP1504901_P10.fastq.gz,
HP1504901_P11,/home/koraop/nob_dir/sc_transcriptomics/fastq_out/HP1504901_P11.fastq.gz,
HP1504901_P12,/home/koraop/nob_dir/sc_transcriptomics/fastq_out/HP1504901_P12.fastq.gz,
HP1504901_P14,/home/koraop/nob_dir/sc_transcriptomics/fastq_out/HP1504901_P14.fastq.gz,
HP1504901_P15,/home/koraop/nob_dir/sc_transcriptomics/fastq_out/HP1504901_P15.fastq.gz,
HP1504901_P16,/home/koraop/nob_dir/sc_transcriptomics/fastq_out/HP1504901_P16.fastq.gz,
HP1504901_P17,/home/koraop/nob_dir/sc_transcriptomics/fastq_out/HP1504901_P17.fastq.gz,
HP1504901_P18,/home/koraop/nob_dir/sc_transcriptomics/fastq_out/HP1504901_P18.fastq.gz,
HP1504901_P19,/home/koraop/nob_dir/sc_transcriptomics/fastq_out/HP1504901_P19.fastq.gz,
HP1504901_P2,/home/koraop/nob_dir/sc_transcriptomics/fastq_out/HP1504901_P2.fastq.gz,
HP1504901_P20,/home/koraop/nob_dir/sc_transcriptomics/fastq_out/HP1504901_P20.fastq.gz,
HP1504901_P21,/home/koraop/nob_dir/sc_transcriptomics/fastq_out/HP1504901_P21.fastq.gz,
HP1504901_P22,/home/koraop/nob_dir/sc_transcriptomics/fastq_out/HP1504901_P22.fastq.gz,
HP1504901_P23,/home/koraop/nob_dir/sc_transcriptomics/fastq_out/HP1504901_P23.fastq.gz,
HP1504901_P24,/home/koraop/nob_dir/sc_transcriptomics/fastq_out/HP1504901_P24.fastq.gz,
HP1504901_P3,/home/koraop/nob_dir/sc_transcriptomics/fastq_out/HP1504901_P3.fastq.gz,
HP1504901_P4,/home/koraop/nob_dir/sc_transcriptomics/fastq_out/HP1504901_P4.fastq.gz,
HP1504901_P5,/home/koraop/nob_dir/sc_transcriptomics/fastq_out/HP1504901_P5.fastq.gz,
HP1504901_P6,/home/koraop/nob_dir/sc_transcriptomics/fastq_out/HP1504901_P6.fastq.gz,
HP1504901_P7,/home/koraop/nob_dir/sc_transcriptomics/fastq_out/HP1504901_P7.fastq.gz,
HP1504901_P8,/home/koraop/nob_dir/sc_transcriptomics/fastq_out/HP1504901_P8.fastq.gz,
HP1504901_P9,/home/koraop/nob_dir/sc_transcriptomics/fastq_out/HP1504901_P9.fastq.gz,
HP1506401_A1,/home/koraop/nob_dir/sc_transcriptomics/fastq_out/HP1506401_A1.fastq.gz,
HP1506401_A10,/home/koraop/nob_dir/sc_transcriptomics/fastq_out/HP1506401_A10.fastq.gz,
HP1506401_A11,/home/koraop/nob_dir/sc_transcriptomics/fastq_out/HP1506401_A11.fastq.gz,
HP1506401_A12,/home/koraop/nob_dir/sc_transcriptomics/fastq_out/HP1506401_A12.fastq.gz,
HP1506401_A13,/home/koraop/nob_dir/sc_transcriptomics/fastq_out/HP1506401_A13.fastq.gz,
HP1506401_A14,/home/koraop/nob_dir/sc_transcriptomics/fastq_out/HP1506401_A14.fastq.gz,
HP1506401_A15,/home/koraop/nob_dir/sc_transcriptomics/fastq_out/HP1506401_A15.fastq.gz,
HP1506401_A16,/home/koraop/nob_dir/sc_transcriptomics/fastq_out/HP1506401_A16.fastq.gz,
HP1506401_A17,/home/koraop/nob_dir/sc_transcriptomics/fastq_out/HP1506401_A17.fastq.gz,
HP1506401_A18,/home/koraop/nob_dir/sc_transcriptomics/fastq_out/HP1506401_A18.fastq.gz,
HP1506401_A19,/home/koraop/nob_dir/sc_transcriptomics/fastq_out/HP1506401_A19.fastq.gz,
HP1506401_A2,/home/koraop/nob_dir/sc_transcriptomics/fastq_out/HP1506401_A2.fastq.gz,
HP1506401_A20,/home/koraop/nob_dir/sc_transcriptomics/fastq_out/HP1506401_A20.fastq.gz,
HP1506401_A21,/home/koraop/nob_dir/sc_transcriptomics/fastq_out/HP1506401_A21.fastq.gz,
HP1506401_A22,/home/koraop/nob_dir/sc_transcriptomics/fastq_out/HP1506401_A22.fastq.gz,
HP1506401_A23,/home/koraop/nob_dir/sc_transcriptomics/fastq_out/HP1506401_A23.fastq.gz,
HP1506401_A24,/home/koraop/nob_dir/sc_transcriptomics/fastq_out/HP1506401_A24.fastq.gz,
HP1506401_A3,/home/koraop/nob_dir/sc_transcriptomics/fastq_out/HP1506401_A3.fastq.gz,
HP1506401_A4,/home/koraop/nob_dir/sc_transcriptomics/fastq_out/HP1506401_A4.fastq.gz,
HP1506401_A5,/home/koraop/nob_dir/sc_transcriptomics/fastq_out/HP1506401_A5.fastq.gz,
HP1506401_A6,/home/koraop/nob_dir/sc_transcriptomics/fastq_out/HP1506401_A6.fastq.gz,
HP1506401_A7,/home/koraop/nob_dir/sc_transcriptomics/fastq_out/HP1506401_A7.fastq.gz,
HP1506401_A8,/home/koraop/nob_dir/sc_transcriptomics/fastq_out/HP1506401_A8.fastq.gz,
HP1506401_A9,/home/koraop/nob_dir/sc_transcriptomics/fastq_out/HP1506401_A9.fastq.gz,
HP1506401_B1,/home/koraop/nob_dir/sc_transcriptomics/fastq_out/HP1506401_B1.fastq.gz,
HP1506401_B10,/home/koraop/nob_dir/sc_transcriptomics/fastq_out/HP1506401_B10.fastq.gz,
HP1506401_B11,/home/koraop/nob_dir/sc_transcriptomics/fastq_out/HP1506401_B11.fastq.gz,
HP1506401_B12,/home/koraop/nob_dir/sc_transcriptomics/fastq_out/HP1506401_B12.fastq.gz,
HP1506401_B13,/home/koraop/nob_dir/sc_transcriptomics/fastq_out/HP1506401_B13.fastq.gz,
HP1506401_B14,/home/koraop/nob_dir/sc_transcriptomics/fastq_out/HP1506401_B14.fastq.gz,
HP1506401_B15,/home/koraop/nob_dir/sc_transcriptomics/fastq_out/HP1506401_B15.fastq.gz,
HP1506401_B16,/home/koraop/nob_dir/sc_transcriptomics/fastq_out/HP1506401_B16.fastq.gz,
HP1506401_B17,/home/koraop/nob_dir/sc_transcriptomics/fastq_out/HP1506401_B17.fastq.gz,
HP1506401_B18,/home/koraop/nob_dir/sc_transcriptomics/fastq_out/HP1506401_B18.fastq.gz,
HP1506401_B19,/home/koraop/nob_dir/sc_transcriptomics/fastq_out/HP1506401_B19.fastq.gz,
HP1506401_B2,/home/koraop/nob_dir/sc_transcriptomics/fastq_out/HP1506401_B2.fastq.gz,
HP1506401_B20,/home/koraop/nob_dir/sc_transcriptomics/fastq_out/HP1506401_B20.fastq.gz,
HP1506401_B21,/home/koraop/nob_dir/sc_transcriptomics/fastq_out/HP1506401_B21.fastq.gz,
HP1506401_B22,/home/koraop/nob_dir/sc_transcriptomics/fastq_out/HP1506401_B22.fastq.gz,
HP1506401_B23,/home/koraop/nob_dir/sc_transcriptomics/fastq_out/HP1506401_B23.fastq.gz,
HP1506401_B24,/home/koraop/nob_dir/sc_transcriptomics/fastq_out/HP1506401_B24.fastq.gz,
HP1506401_B3,/home/koraop/nob_dir/sc_transcriptomics/fastq_out/HP1506401_B3.fastq.gz,
HP1506401_B4,/home/koraop/nob_dir/sc_transcriptomics/fastq_out/HP1506401_B4.fastq.gz,
HP1506401_B5,/home/koraop/nob_dir/sc_transcriptomics/fastq_out/HP1506401_B5.fastq.gz,
HP1506401_B6,/home/koraop/nob_dir/sc_transcriptomics/fastq_out/HP1506401_B6.fastq.gz,
HP1506401_B7,/home/koraop/nob_dir/sc_transcriptomics/fastq_out/HP1506401_B7.fastq.gz,
HP1506401_B8,/home/koraop/nob_dir/sc_transcriptomics/fastq_out/HP1506401_B8.fastq.gz,
HP1506401_B9,/home/koraop/nob_dir/sc_transcriptomics/fastq_out/HP1506401_B9.fastq.gz,
HP1506401_C1,/home/koraop/nob_dir/sc_transcriptomics/fastq_out/HP1506401_C1.fastq.gz,
HP1506401_C10,/home/koraop/nob_dir/sc_transcriptomics/fastq_out/HP1506401_C10.fastq.gz,
HP1506401_C11,/home/koraop/nob_dir/sc_transcriptomics/fastq_out/HP1506401_C11.fastq.gz,
HP1506401_C12,/home/koraop/nob_dir/sc_transcriptomics/fastq_out/HP1506401_C12.fastq.gz,
HP1506401_C13,/home/koraop/nob_dir/sc_transcriptomics/fastq_out/HP1506401_C13.fastq.gz,
HP1506401_C14,/home/koraop/nob_dir/sc_transcriptomics/fastq_out/HP1506401_C14.fastq.gz,
HP1506401_C15,/home/koraop/nob_dir/sc_transcriptomics/fastq_out/HP1506401_C15.fastq.gz,
HP1506401_C16,/home/koraop/nob_dir/sc_transcriptomics/fastq_out/HP1506401_C16.fastq.gz,
HP1506401_C17,/home/koraop/nob_dir/sc_transcriptomics/fastq_out/HP1506401_C17.fastq.gz,
HP1506401_C18,/home/koraop/nob_dir/sc_transcriptomics/fastq_out/HP1506401_C18.fastq.gz,
HP1506401_C19,/home/koraop/nob_dir/sc_transcriptomics/fastq_out/HP1506401_C19.fastq.gz,
HP1506401_C2,/home/koraop/nob_dir/sc_transcriptomics/fastq_out/HP1506401_C2.fastq.gz,
HP1506401_C20,/home/koraop/nob_dir/sc_transcriptomics/fastq_out/HP1506401_C20.fastq.gz,
HP1506401_C21,/home/koraop/nob_dir/sc_transcriptomics/fastq_out/HP1506401_C21.fastq.gz,
HP1506401_C22,/home/koraop/nob_dir/sc_transcriptomics/fastq_out/HP1506401_C22.fastq.gz,
HP1506401_C23,/home/koraop/nob_dir/sc_transcriptomics/fastq_out/HP1506401_C23.fastq.gz,
HP1506401_C24,/home/koraop/nob_dir/sc_transcriptomics/fastq_out/HP1506401_C24.fastq.gz,
HP1506401_C3,/home/koraop/nob_dir/sc_transcriptomics/fastq_out/HP1506401_C3.fastq.gz,
HP1506401_C4,/home/koraop/nob_dir/sc_transcriptomics/fastq_out/HP1506401_C4.fastq.gz,
HP1506401_C5,/home/koraop/nob_dir/sc_transcriptomics/fastq_out/HP1506401_C5.fastq.gz,
HP1506401_C6,/home/koraop/nob_dir/sc_transcriptomics/fastq_out/HP1506401_C6.fastq.gz,
HP1506401_C7,/home/koraop/nob_dir/sc_transcriptomics/fastq_out/HP1506401_C7.fastq.gz,
HP1506401_C8,/home/koraop/nob_dir/sc_transcriptomics/fastq_out/HP1506401_C8.fastq.gz,
HP1506401_C9,/home/koraop/nob_dir/sc_transcriptomics/fastq_out/HP1506401_C9.fastq.gz,
HP1506401_D1,/home/koraop/nob_dir/sc_transcriptomics/fastq_out/HP1506401_D1.fastq.gz,
HP1506401_D10,/home/koraop/nob_dir/sc_transcriptomics/fastq_out/HP1506401_D10.fastq.gz,
HP1506401_D11,/home/koraop/nob_dir/sc_transcriptomics/fastq_out/HP1506401_D11.fastq.gz,
HP1506401_D12,/home/koraop/nob_dir/sc_transcriptomics/fastq_out/HP1506401_D12.fastq.gz,
HP1506401_D13,/home/koraop/nob_dir/sc_transcriptomics/fastq_out/HP1506401_D13.fastq.gz,
HP1506401_D14,/home/koraop/nob_dir/sc_transcriptomics/fastq_out/HP1506401_D14.fastq.gz,
HP1506401_D15,/home/koraop/nob_dir/sc_transcriptomics/fastq_out/HP1506401_D15.fastq.gz,
HP1506401_D16,/home/koraop/nob_dir/sc_transcriptomics/fastq_out/HP1506401_D16.fastq.gz,
HP1506401_D17,/home/koraop/nob_dir/sc_transcriptomics/fastq_out/HP1506401_D17.fastq.gz,
HP1506401_D18,/home/koraop/nob_dir/sc_transcriptomics/fastq_out/HP1506401_D18.fastq.gz,
HP1506401_D19,/home/koraop/nob_dir/sc_transcriptomics/fastq_out/HP1506401_D19.fastq.gz,
HP1506401_D2,/home/koraop/nob_dir/sc_transcriptomics/fastq_out/HP1506401_D2.fastq.gz,
HP1506401_D20,/home/koraop/nob_dir/sc_transcriptomics/fastq_out/HP1506401_D20.fastq.gz,
HP1506401_D21,/home/koraop/nob_dir/sc_transcriptomics/fastq_out/HP1506401_D21.fastq.gz,
HP1506401_D22,/home/koraop/nob_dir/sc_transcriptomics/fastq_out/HP1506401_D22.fastq.gz,
HP1506401_D23,/home/koraop/nob_dir/sc_transcriptomics/fastq_out/HP1506401_D23.fastq.gz,
HP1506401_D24,/home/koraop/nob_dir/sc_transcriptomics/fastq_out/HP1506401_D24.fastq.gz,
HP1506401_D3,/home/koraop/nob_dir/sc_transcriptomics/fastq_out/HP1506401_D3.fastq.gz,
HP1506401_D4,/home/koraop/nob_dir/sc_transcriptomics/fastq_out/HP1506401_D4.fastq.gz,
HP1506401_D5,/home/koraop/nob_dir/sc_transcriptomics/fastq_out/HP1506401_D5.fastq.gz,
HP1506401_D6,/home/koraop/nob_dir/sc_transcriptomics/fastq_out/HP1506401_D6.fastq.gz,
HP1506401_D7,/home/koraop/nob_dir/sc_transcriptomics/fastq_out/HP1506401_D7.fastq.gz,
HP1506401_D8,/home/koraop/nob_dir/sc_transcriptomics/fastq_out/HP1506401_D8.fastq.gz,
HP1506401_D9,/home/koraop/nob_dir/sc_transcriptomics/fastq_out/HP1506401_D9.fastq.gz,
HP1506401_E1,/home/koraop/nob_dir/sc_transcriptomics/fastq_out/HP1506401_E1.fastq.gz,
HP1506401_E10,/home/koraop/nob_dir/sc_transcriptomics/fastq_out/HP1506401_E10.fastq.gz,
HP1506401_E11,/home/koraop/nob_dir/sc_transcriptomics/fastq_out/HP1506401_E11.fastq.gz,
HP1506401_E12,/home/koraop/nob_dir/sc_transcriptomics/fastq_out/HP1506401_E12.fastq.gz,
HP1506401_E13,/home/koraop/nob_dir/sc_transcriptomics/fastq_out/HP1506401_E13.fastq.gz,
HP1506401_E14,/home/koraop/nob_dir/sc_transcriptomics/fastq_out/HP1506401_E14.fastq.gz,
HP1506401_E15,/home/koraop/nob_dir/sc_transcriptomics/fastq_out/HP1506401_E15.fastq.gz,
HP1506401_E16,/home/koraop/nob_dir/sc_transcriptomics/fastq_out/HP1506401_E16.fastq.gz,
HP1506401_E17,/home/koraop/nob_dir/sc_transcriptomics/fastq_out/HP1506401_E17.fastq.gz,
HP1506401_E18,/home/koraop/nob_dir/sc_transcriptomics/fastq_out/HP1506401_E18.fastq.gz,
HP1506401_E19,/home/koraop/nob_dir/sc_transcriptomics/fastq_out/HP1506401_E19.fastq.gz,
HP1506401_E2,/home/koraop/nob_dir/sc_transcriptomics/fastq_out/HP1506401_E2.fastq.gz,
HP1506401_E20,/home/koraop/nob_dir/sc_transcriptomics/fastq_out/HP1506401_E20.fastq.gz,
HP1506401_E21,/home/koraop/nob_dir/sc_transcriptomics/fastq_out/HP1506401_E21.fastq.gz,
HP1506401_E22,/home/koraop/nob_dir/sc_transcriptomics/fastq_out/HP1506401_E22.fastq.gz,
HP1506401_E23,/home/koraop/nob_dir/sc_transcriptomics/fastq_out/HP1506401_E23.fastq.gz,
HP1506401_E24,/home/koraop/nob_dir/sc_transcriptomics/fastq_out/HP1506401_E24.fastq.gz,
HP1506401_E3,/home/koraop/nob_dir/sc_transcriptomics/fastq_out/HP1506401_E3.fastq.gz,
HP1506401_E4,/home/koraop/nob_dir/sc_transcriptomics/fastq_out/HP1506401_E4.fastq.gz,
HP1506401_E5,/home/koraop/nob_dir/sc_transcriptomics/fastq_out/HP1506401_E5.fastq.gz,
HP1506401_E6,/home/koraop/nob_dir/sc_transcriptomics/fastq_out/HP1506401_E6.fastq.gz,
HP1506401_E7,/home/koraop/nob_dir/sc_transcriptomics/fastq_out/HP1506401_E7.fastq.gz,
HP1506401_E8,/home/koraop/nob_dir/sc_transcriptomics/fastq_out/HP1506401_E8.fastq.gz,
HP1506401_E9,/home/koraop/nob_dir/sc_transcriptomics/fastq_out/HP1506401_E9.fastq.gz,
HP1506401_F1,/home/koraop/nob_dir/sc_transcriptomics/fastq_out/HP1506401_F1.fastq.gz,
HP1506401_F10,/home/koraop/nob_dir/sc_transcriptomics/fastq_out/HP1506401_F10.fastq.gz,
HP1506401_F11,/home/koraop/nob_dir/sc_transcriptomics/fastq_out/HP1506401_F11.fastq.gz,
HP1506401_F12,/home/koraop/nob_dir/sc_transcriptomics/fastq_out/HP1506401_F12.fastq.gz,
HP1506401_F13,/home/koraop/nob_dir/sc_transcriptomics/fastq_out/HP1506401_F13.fastq.gz,
HP1506401_F14,/home/koraop/nob_dir/sc_transcriptomics/fastq_out/HP1506401_F14.fastq.gz,
HP1506401_F15,/home/koraop/nob_dir/sc_transcriptomics/fastq_out/HP1506401_F15.fastq.gz,
HP1506401_F16,/home/koraop/nob_dir/sc_transcriptomics/fastq_out/HP1506401_F16.fastq.gz,
HP1506401_F17,/home/koraop/nob_dir/sc_transcriptomics/fastq_out/HP1506401_F17.fastq.gz,
HP1506401_F18,/home/koraop/nob_dir/sc_transcriptomics/fastq_out/HP1506401_F18.fastq.gz,
HP1506401_F19,/home/koraop/nob_dir/sc_transcriptomics/fastq_out/HP1506401_F19.fastq.gz,
HP1506401_F2,/home/koraop/nob_dir/sc_transcriptomics/fastq_out/HP1506401_F2.fastq.gz,
HP1506401_F20,/home/koraop/nob_dir/sc_transcriptomics/fastq_out/HP1506401_F20.fastq.gz,
HP1506401_F21,/home/koraop/nob_dir/sc_transcriptomics/fastq_out/HP1506401_F21.fastq.gz,
HP1506401_F22,/home/koraop/nob_dir/sc_transcriptomics/fastq_out/HP1506401_F22.fastq.gz,
HP1506401_F23,/home/koraop/nob_dir/sc_transcriptomics/fastq_out/HP1506401_F23.fastq.gz,
HP1506401_F24,/home/koraop/nob_dir/sc_transcriptomics/fastq_out/HP1506401_F24.fastq.gz,
HP1506401_F3,/home/koraop/nob_dir/sc_transcriptomics/fastq_out/HP1506401_F3.fastq.gz,
HP1506401_F4,/home/koraop/nob_dir/sc_transcriptomics/fastq_out/HP1506401_F4.fastq.gz,
HP1506401_F5,/home/koraop/nob_dir/sc_transcriptomics/fastq_out/HP1506401_F5.fastq.gz,
HP1506401_F6,/home/koraop/nob_dir/sc_transcriptomics/fastq_out/HP1506401_F6.fastq.gz,
HP1506401_F7,/home/koraop/nob_dir/sc_transcriptomics/fastq_out/HP1506401_F7.fastq.gz,
HP1506401_F8,/home/koraop/nob_dir/sc_transcriptomics/fastq_out/HP1506401_F8.fastq.gz,
HP1506401_F9,/home/koraop/nob_dir/sc_transcriptomics/fastq_out/HP1506401_F9.fastq.gz,
HP1506401_G1,/home/koraop/nob_dir/sc_transcriptomics/fastq_out/HP1506401_G1.fastq.gz,
HP1506401_G10,/home/koraop/nob_dir/sc_transcriptomics/fastq_out/HP1506401_G10.fastq.gz,
HP1506401_G11,/home/koraop/nob_dir/sc_transcriptomics/fastq_out/HP1506401_G11.fastq.gz,
HP1506401_G12,/home/koraop/nob_dir/sc_transcriptomics/fastq_out/HP1506401_G12.fastq.gz,
HP1506401_G13,/home/koraop/nob_dir/sc_transcriptomics/fastq_out/HP1506401_G13.fastq.gz,
HP1506401_G14,/home/koraop/nob_dir/sc_transcriptomics/fastq_out/HP1506401_G14.fastq.gz,
HP1506401_G15,/home/koraop/nob_dir/sc_transcriptomics/fastq_out/HP1506401_G15.fastq.gz,
HP1506401_G16,/home/koraop/nob_dir/sc_transcriptomics/fastq_out/HP1506401_G16.fastq.gz,
HP1506401_G17,/home/koraop/nob_dir/sc_transcriptomics/fastq_out/HP1506401_G17.fastq.gz,
HP1506401_G18,/home/koraop/nob_dir/sc_transcriptomics/fastq_out/HP1506401_G18.fastq.gz,
HP1506401_G19,/home/koraop/nob_dir/sc_transcriptomics/fastq_out/HP1506401_G19.fastq.gz,
HP1506401_G2,/home/koraop/nob_dir/sc_transcriptomics/fastq_out/HP1506401_G2.fastq.gz,
HP1506401_G20,/home/koraop/nob_dir/sc_transcriptomics/fastq_out/HP1506401_G20.fastq.gz,
HP1506401_G21,/home/koraop/nob_dir/sc_transcriptomics/fastq_out/HP1506401_G21.fastq.gz,
HP1506401_G22,/home/koraop/nob_dir/sc_transcriptomics/fastq_out/HP1506401_G22.fastq.gz,
HP1506401_G23,/home/koraop/nob_dir/sc_transcriptomics/fastq_out/HP1506401_G23.fastq.gz,
HP1506401_G24,/home/koraop/nob_dir/sc_transcriptomics/fastq_out/HP1506401_G24.fastq.gz,
HP1506401_G3,/home/koraop/nob_dir/sc_transcriptomics/fastq_out/HP1506401_G3.fastq.gz,
HP1506401_G4,/home/koraop/nob_dir/sc_transcriptomics/fastq_out/HP1506401_G4.fastq.gz,
HP1506401_G5,/home/koraop/nob_dir/sc_transcriptomics/fastq_out/HP1506401_G5.fastq.gz,
HP1506401_G6,/home/koraop/nob_dir/sc_transcriptomics/fastq_out/HP1506401_G6.fastq.gz,
HP1506401_G7,/home/koraop/nob_dir/sc_transcriptomics/fastq_out/HP1506401_G7.fastq.gz,
HP1506401_G8,/home/koraop/nob_dir/sc_transcriptomics/fastq_out/HP1506401_G8.fastq.gz,
HP1506401_G9,/home/koraop/nob_dir/sc_transcriptomics/fastq_out/HP1506401_G9.fastq.gz,
HP1506401_H1,/home/koraop/nob_dir/sc_transcriptomics/fastq_out/HP1506401_H1.fastq.gz,
HP1506401_H10,/home/koraop/nob_dir/sc_transcriptomics/fastq_out/HP1506401_H10.fastq.gz,
HP1506401_H11,/home/koraop/nob_dir/sc_transcriptomics/fastq_out/HP1506401_H11.fastq.gz,
HP1506401_H12,/home/koraop/nob_dir/sc_transcriptomics/fastq_out/HP1506401_H12.fastq.gz,
HP1506401_H13,/home/koraop/nob_dir/sc_transcriptomics/fastq_out/HP1506401_H13.fastq.gz,
HP1506401_H14,/home/koraop/nob_dir/sc_transcriptomics/fastq_out/HP1506401_H14.fastq.gz,
HP1506401_H15,/home/koraop/nob_dir/sc_transcriptomics/fastq_out/HP1506401_H15.fastq.gz,
HP1506401_H16,/home/koraop/nob_dir/sc_transcriptomics/fastq_out/HP1506401_H16.fastq.gz,
HP1506401_H17,/home/koraop/nob_dir/sc_transcriptomics/fastq_out/HP1506401_H17.fastq.gz,
HP1506401_H18,/home/koraop/nob_dir/sc_transcriptomics/fastq_out/HP1506401_H18.fastq.gz,
HP1506401_H19,/home/koraop/nob_dir/sc_transcriptomics/fastq_out/HP1506401_H19.fastq.gz,
HP1506401_H2,/home/koraop/nob_dir/sc_transcriptomics/fastq_out/HP1506401_H2.fastq.gz,
HP1506401_H20,/home/koraop/nob_dir/sc_transcriptomics/fastq_out/HP1506401_H20.fastq.gz,
HP1506401_H21,/home/koraop/nob_dir/sc_transcriptomics/fastq_out/HP1506401_H21.fastq.gz,
HP1506401_H22,/home/koraop/nob_dir/sc_transcriptomics/fastq_out/HP1506401_H22.fastq.gz,
HP1506401_H23,/home/koraop/nob_dir/sc_transcriptomics/fastq_out/HP1506401_H23.fastq.gz,
HP1506401_H24,/home/koraop/nob_dir/sc_transcriptomics/fastq_out/HP1506401_H24.fastq.gz,
HP1506401_H3,/home/koraop/nob_dir/sc_transcriptomics/fastq_out/HP1506401_H3.fastq.gz,
HP1506401_H4,/home/koraop/nob_dir/sc_transcriptomics/fastq_out/HP1506401_H4.fastq.gz,
HP1506401_H5,/home/koraop/nob_dir/sc_transcriptomics/fastq_out/HP1506401_H5.fastq.gz,
HP1506401_H6,/home/koraop/nob_dir/sc_transcriptomics/fastq_out/HP1506401_H6.fastq.gz,
HP1506401_H7,/home/koraop/nob_dir/sc_transcriptomics/fastq_out/HP1506401_H7.fastq.gz,
HP1506401_H8,/home/koraop/nob_dir/sc_transcriptomics/fastq_out/HP1506401_H8.fastq.gz,
HP1506401_H9,/home/koraop/nob_dir/sc_transcriptomics/fastq_out/HP1506401_H9.fastq.gz,
HP1506401_I1,/home/koraop/nob_dir/sc_transcriptomics/fastq_out/HP1506401_I1.fastq.gz,
HP1506401_I10,/home/koraop/nob_dir/sc_transcriptomics/fastq_out/HP1506401_I10.fastq.gz,
HP1506401_I11,/home/koraop/nob_dir/sc_transcriptomics/fastq_out/HP1506401_I11.fastq.gz,
HP1506401_I12,/home/koraop/nob_dir/sc_transcriptomics/fastq_out/HP1506401_I12.fastq.gz,
HP1506401_I13,/home/koraop/nob_dir/sc_transcriptomics/fastq_out/HP1506401_I13.fastq.gz,
HP1506401_I14,/home/koraop/nob_dir/sc_transcriptomics/fastq_out/HP1506401_I14.fastq.gz,
HP1506401_I15,/home/koraop/nob_dir/sc_transcriptomics/fastq_out/HP1506401_I15.fastq.gz,
HP1506401_I16,/home/koraop/nob_dir/sc_transcriptomics/fastq_out/HP1506401_I16.fastq.gz,
HP1506401_I17,/home/koraop/nob_dir/sc_transcriptomics/fastq_out/HP1506401_I17.fastq.gz,
HP1506401_I18,/home/koraop/nob_dir/sc_transcriptomics/fastq_out/HP1506401_I18.fastq.gz,
HP1506401_I19,/home/koraop/nob_dir/sc_transcriptomics/fastq_out/HP1506401_I19.fastq.gz,
HP1506401_I2,/home/koraop/nob_dir/sc_transcriptomics/fastq_out/HP1506401_I2.fastq.gz,
HP1506401_I20,/home/koraop/nob_dir/sc_transcriptomics/fastq_out/HP1506401_I20.fastq.gz,
HP1506401_I21,/home/koraop/nob_dir/sc_transcriptomics/fastq_out/HP1506401_I21.fastq.gz,
HP1506401_I22,/home/koraop/nob_dir/sc_transcriptomics/fastq_out/HP1506401_I22.fastq.gz,
HP1506401_I23,/home/koraop/nob_dir/sc_transcriptomics/fastq_out/HP1506401_I23.fastq.gz,
HP1506401_I24,/home/koraop/nob_dir/sc_transcriptomics/fastq_out/HP1506401_I24.fastq.gz,
HP1506401_I3,/home/koraop/nob_dir/sc_transcriptomics/fastq_out/HP1506401_I3.fastq.gz,
HP1506401_I4,/home/koraop/nob_dir/sc_transcriptomics/fastq_out/HP1506401_I4.fastq.gz,
HP1506401_I5,/home/koraop/nob_dir/sc_transcriptomics/fastq_out/HP1506401_I5.fastq.gz,
HP1506401_I6,/home/koraop/nob_dir/sc_transcriptomics/fastq_out/HP1506401_I6.fastq.gz,
HP1506401_I7,/home/koraop/nob_dir/sc_transcriptomics/fastq_out/HP1506401_I7.fastq.gz,
HP1506401_I8,/home/koraop/nob_dir/sc_transcriptomics/fastq_out/HP1506401_I8.fastq.gz,
HP1506401_I9,/home/koraop/nob_dir/sc_transcriptomics/fastq_out/HP1506401_I9.fastq.gz,
HP1506401_J1,/home/koraop/nob_dir/sc_transcriptomics/fastq_out/HP1506401_J1.fastq.gz,
HP1506401_J10,/home/koraop/nob_dir/sc_transcriptomics/fastq_out/HP1506401_J10.fastq.gz,
HP1506401_J11,/home/koraop/nob_dir/sc_transcriptomics/fastq_out/HP1506401_J11.fastq.gz,
HP1506401_J12,/home/koraop/nob_dir/sc_transcriptomics/fastq_out/HP1506401_J12.fastq.gz,
HP1506401_J13,/home/koraop/nob_dir/sc_transcriptomics/fastq_out/HP1506401_J13.fastq.gz,
HP1506401_J14,/home/koraop/nob_dir/sc_transcriptomics/fastq_out/HP1506401_J14.fastq.gz,
HP1506401_J15,/home/koraop/nob_dir/sc_transcriptomics/fastq_out/HP1506401_J15.fastq.gz,
HP1506401_J16,/home/koraop/nob_dir/sc_transcriptomics/fastq_out/HP1506401_J16.fastq.gz,
HP1506401_J17,/home/koraop/nob_dir/sc_transcriptomics/fastq_out/HP1506401_J17.fastq.gz,
HP1506401_J18,/home/koraop/nob_dir/sc_transcriptomics/fastq_out/HP1506401_J18.fastq.gz,
HP1506401_J19,/home/koraop/nob_dir/sc_transcriptomics/fastq_out/HP1506401_J19.fastq.gz,
HP1506401_J2,/home/koraop/nob_dir/sc_transcriptomics/fastq_out/HP1506401_J2.fastq.gz,
HP1506401_J20,/home/koraop/nob_dir/sc_transcriptomics/fastq_out/HP1506401_J20.fastq.gz,
HP1506401_J21,/home/koraop/nob_dir/sc_transcriptomics/fastq_out/HP1506401_J21.fastq.gz,
HP1506401_J22,/home/koraop/nob_dir/sc_transcriptomics/fastq_out/HP1506401_J22.fastq.gz,
HP1506401_J23,/home/koraop/nob_dir/sc_transcriptomics/fastq_out/HP1506401_J23.fastq.gz,
HP1506401_J24,/home/koraop/nob_dir/sc_transcriptomics/fastq_out/HP1506401_J24.fastq.gz,
HP1506401_J3,/home/koraop/nob_dir/sc_transcriptomics/fastq_out/HP1506401_J3.fastq.gz,
HP1506401_J4,/home/koraop/nob_dir/sc_transcriptomics/fastq_out/HP1506401_J4.fastq.gz,
HP1506401_J5,/home/koraop/nob_dir/sc_transcriptomics/fastq_out/HP1506401_J5.fastq.gz,
HP1506401_J6,/home/koraop/nob_dir/sc_transcriptomics/fastq_out/HP1506401_J6.fastq.gz,
HP1506401_J7,/home/koraop/nob_dir/sc_transcriptomics/fastq_out/HP1506401_J7.fastq.gz,
HP1506401_J8,/home/koraop/nob_dir/sc_transcriptomics/fastq_out/HP1506401_J8.fastq.gz,
HP1506401_J9,/home/koraop/nob_dir/sc_transcriptomics/fastq_out/HP1506401_J9.fastq.gz,
HP1506401_K1,/home/koraop/nob_dir/sc_transcriptomics/fastq_out/HP1506401_K1.fastq.gz,
HP1506401_K10,/home/koraop/nob_dir/sc_transcriptomics/fastq_out/HP1506401_K10.fastq.gz,
HP1506401_K11,/home/koraop/nob_dir/sc_transcriptomics/fastq_out/HP1506401_K11.fastq.gz,
HP1506401_K12,/home/koraop/nob_dir/sc_transcriptomics/fastq_out/HP1506401_K12.fastq.gz,
HP1506401_K13,/home/koraop/nob_dir/sc_transcriptomics/fastq_out/HP1506401_K13.fastq.gz,
HP1506401_K14,/home/koraop/nob_dir/sc_transcriptomics/fastq_out/HP1506401_K14.fastq.gz,
HP1506401_K15,/home/koraop/nob_dir/sc_transcriptomics/fastq_out/HP1506401_K15.fastq.gz,
HP1506401_K16,/home/koraop/nob_dir/sc_transcriptomics/fastq_out/HP1506401_K16.fastq.gz,
HP1506401_K17,/home/koraop/nob_dir/sc_transcriptomics/fastq_out/HP1506401_K17.fastq.gz,
HP1506401_K18,/home/koraop/nob_dir/sc_transcriptomics/fastq_out/HP1506401_K18.fastq.gz,
HP1506401_K19,/home/koraop/nob_dir/sc_transcriptomics/fastq_out/HP1506401_K19.fastq.gz,
HP1506401_K2,/home/koraop/nob_dir/sc_transcriptomics/fastq_out/HP1506401_K2.fastq.gz,
HP1506401_K20,/home/koraop/nob_dir/sc_transcriptomics/fastq_out/HP1506401_K20.fastq.gz,
HP1506401_K21,/home/koraop/nob_dir/sc_transcriptomics/fastq_out/HP1506401_K21.fastq.gz,
HP1506401_K22,/home/koraop/nob_dir/sc_transcriptomics/fastq_out/HP1506401_K22.fastq.gz,
HP1506401_K23,/home/koraop/nob_dir/sc_transcriptomics/fastq_out/HP1506401_K23.fastq.gz,
HP1506401_K24,/home/koraop/nob_dir/sc_transcriptomics/fastq_out/HP1506401_K24.fastq.gz,
HP1506401_K3,/home/koraop/nob_dir/sc_transcriptomics/fastq_out/HP1506401_K3.fastq.gz,
HP1506401_K4,/home/koraop/nob_dir/sc_transcriptomics/fastq_out/HP1506401_K4.fastq.gz,
HP1506401_K5,/home/koraop/nob_dir/sc_transcriptomics/fastq_out/HP1506401_K5.fastq.gz,
HP1506401_K6,/home/koraop/nob_dir/sc_transcriptomics/fastq_out/HP1506401_K6.fastq.gz,
HP1506401_K7,/home/koraop/nob_dir/sc_transcriptomics/fastq_out/HP1506401_K7.fastq.gz,
HP1506401_K8,/home/koraop/nob_dir/sc_transcriptomics/fastq_out/HP1506401_K8.fastq.gz,
HP1506401_K9,/home/koraop/nob_dir/sc_transcriptomics/fastq_out/HP1506401_K9.fastq.gz,
HP1506401_L1,/home/koraop/nob_dir/sc_transcriptomics/fastq_out/HP1506401_L1.fastq.gz,
HP1506401_L10,/home/koraop/nob_dir/sc_transcriptomics/fastq_out/HP1506401_L10.fastq.gz,
HP1506401_L11,/home/koraop/nob_dir/sc_transcriptomics/fastq_out/HP1506401_L11.fastq.gz,
HP1506401_L12,/home/koraop/nob_dir/sc_transcriptomics/fastq_out/HP1506401_L12.fastq.gz,
HP1506401_L13,/home/koraop/nob_dir/sc_transcriptomics/fastq_out/HP1506401_L13.fastq.gz,
HP1506401_L14,/home/koraop/nob_dir/sc_transcriptomics/fastq_out/HP1506401_L14.fastq.gz,
HP1506401_L15,/home/koraop/nob_dir/sc_transcriptomics/fastq_out/HP1506401_L15.fastq.gz,
HP1506401_L16,/home/koraop/nob_dir/sc_transcriptomics/fastq_out/HP1506401_L16.fastq.gz,
HP1506401_L17,/home/koraop/nob_dir/sc_transcriptomics/fastq_out/HP1506401_L17.fastq.gz,
HP1506401_L18,/home/koraop/nob_dir/sc_transcriptomics/fastq_out/HP1506401_L18.fastq.gz,
HP1506401_L19,/home/koraop/nob_dir/sc_transcriptomics/fastq_out/HP1506401_L19.fastq.gz,
HP1506401_L2,/home/koraop/nob_dir/sc_transcriptomics/fastq_out/HP1506401_L2.fastq.gz,
HP1506401_L20,/home/koraop/nob_dir/sc_transcriptomics/fastq_out/HP1506401_L20.fastq.gz,
HP1506401_L21,/home/koraop/nob_dir/sc_transcriptomics/fastq_out/HP1506401_L21.fastq.gz,
HP1506401_L22,/home/koraop/nob_dir/sc_transcriptomics/fastq_out/HP1506401_L22.fastq.gz,
HP1506401_L23,/home/koraop/nob_dir/sc_transcriptomics/fastq_out/HP1506401_L23.fastq.gz,
HP1506401_L24,/home/koraop/nob_dir/sc_transcriptomics/fastq_out/HP1506401_L24.fastq.gz,
HP1506401_L3,/home/koraop/nob_dir/sc_transcriptomics/fastq_out/HP1506401_L3.fastq.gz,
HP1506401_L4,/home/koraop/nob_dir/sc_transcriptomics/fastq_out/HP1506401_L4.fastq.gz,
HP1506401_L5,/home/koraop/nob_dir/sc_transcriptomics/fastq_out/HP1506401_L5.fastq.gz,
HP1506401_L6,/home/koraop/nob_dir/sc_transcriptomics/fastq_out/HP1506401_L6.fastq.gz,
HP1506401_L7,/home/koraop/nob_dir/sc_transcriptomics/fastq_out/HP1506401_L7.fastq.gz,
HP1506401_L8,/home/koraop/nob_dir/sc_transcriptomics/fastq_out/HP1506401_L8.fastq.gz,
HP1506401_L9,/home/koraop/nob_dir/sc_transcriptomics/fastq_out/HP1506401_L9.fastq.gz,
HP1506401_M1,/home/koraop/nob_dir/sc_transcriptomics/fastq_out/HP1506401_M1.fastq.gz,
HP1506401_M10,/home/koraop/nob_dir/sc_transcriptomics/fastq_out/HP1506401_M10.fastq.gz,
HP1506401_M11,/home/koraop/nob_dir/sc_transcriptomics/fastq_out/HP1506401_M11.fastq.gz,
HP1506401_M12,/home/koraop/nob_dir/sc_transcriptomics/fastq_out/HP1506401_M12.fastq.gz,
HP1506401_M13,/home/koraop/nob_dir/sc_transcriptomics/fastq_out/HP1506401_M13.fastq.gz,
HP1506401_M14,/home/koraop/nob_dir/sc_transcriptomics/fastq_out/HP1506401_M14.fastq.gz,
HP1506401_M15,/home/koraop/nob_dir/sc_transcriptomics/fastq_out/HP1506401_M15.fastq.gz,
HP1506401_M16,/home/koraop/nob_dir/sc_transcriptomics/fastq_out/HP1506401_M16.fastq.gz,
HP1506401_M17,/home/koraop/nob_dir/sc_transcriptomics/fastq_out/HP1506401_M17.fastq.gz,
HP1506401_M18,/home/koraop/nob_dir/sc_transcriptomics/fastq_out/HP1506401_M18.fastq.gz,
HP1506401_M19,/home/koraop/nob_dir/sc_transcriptomics/fastq_out/HP1506401_M19.fastq.gz,
HP1506401_M2,/home/koraop/nob_dir/sc_transcriptomics/fastq_out/HP1506401_M2.fastq.gz,
HP1506401_M20,/home/koraop/nob_dir/sc_transcriptomics/fastq_out/HP1506401_M20.fastq.gz,
HP1506401_M21,/home/koraop/nob_dir/sc_transcriptomics/fastq_out/HP1506401_M21.fastq.gz,
HP1506401_M22,/home/koraop/nob_dir/sc_transcriptomics/fastq_out/HP1506401_M22.fastq.gz,
HP1506401_M23,/home/koraop/nob_dir/sc_transcriptomics/fastq_out/HP1506401_M23.fastq.gz,
HP1506401_M24,/home/koraop/nob_dir/sc_transcriptomics/fastq_out/HP1506401_M24.fastq.gz,
HP1506401_M3,/home/koraop/nob_dir/sc_transcriptomics/fastq_out/HP1506401_M3.fastq.gz,
HP1506401_M4,/home/koraop/nob_dir/sc_transcriptomics/fastq_out/HP1506401_M4.fastq.gz,
HP1506401_M5,/home/koraop/nob_dir/sc_transcriptomics/fastq_out/HP1506401_M5.fastq.gz,
HP1506401_M6,/home/koraop/nob_dir/sc_transcriptomics/fastq_out/HP1506401_M6.fastq.gz,
HP1506401_M7,/home/koraop/nob_dir/sc_transcriptomics/fastq_out/HP1506401_M7.fastq.gz,
HP1506401_M8,/home/koraop/nob_dir/sc_transcriptomics/fastq_out/HP1506401_M8.fastq.gz,
HP1506401_M9,/home/koraop/nob_dir/sc_transcriptomics/fastq_out/HP1506401_M9.fastq.gz,
HP1506401_N1,/home/koraop/nob_dir/sc_transcriptomics/fastq_out/HP1506401_N1.fastq.gz,
HP1506401_N10,/home/koraop/nob_dir/sc_transcriptomics/fastq_out/HP1506401_N10.fastq.gz,
HP1506401_N11,/home/koraop/nob_dir/sc_transcriptomics/fastq_out/HP1506401_N11.fastq.gz,
HP1506401_N12,/home/koraop/nob_dir/sc_transcriptomics/fastq_out/HP1506401_N12.fastq.gz,
HP1506401_N13,/home/koraop/nob_dir/sc_transcriptomics/fastq_out/HP1506401_N13.fastq.gz,
HP1506401_N14,/home/koraop/nob_dir/sc_transcriptomics/fastq_out/HP1506401_N14.fastq.gz,
HP1506401_N15,/home/koraop/nob_dir/sc_transcriptomics/fastq_out/HP1506401_N15.fastq.gz,
HP1506401_N16,/home/koraop/nob_dir/sc_transcriptomics/fastq_out/HP1506401_N16.fastq.gz,
HP1506401_N17,/home/koraop/nob_dir/sc_transcriptomics/fastq_out/HP1506401_N17.fastq.gz,
HP1506401_N18,/home/koraop/nob_dir/sc_transcriptomics/fastq_out/HP1506401_N18.fastq.gz,
HP1506401_N19,/home/koraop/nob_dir/sc_transcriptomics/fastq_out/HP1506401_N19.fastq.gz,
HP1506401_N2,/home/koraop/nob_dir/sc_transcriptomics/fastq_out/HP1506401_N2.fastq.gz,
HP1506401_N20,/home/koraop/nob_dir/sc_transcriptomics/fastq_out/HP1506401_N20.fastq.gz,
HP1506401_N21,/home/koraop/nob_dir/sc_transcriptomics/fastq_out/HP1506401_N21.fastq.gz,
HP1506401_N22,/home/koraop/nob_dir/sc_transcriptomics/fastq_out/HP1506401_N22.fastq.gz,
HP1506401_N23,/home/koraop/nob_dir/sc_transcriptomics/fastq_out/HP1506401_N23.fastq.gz,
HP1506401_N24,/home/koraop/nob_dir/sc_transcriptomics/fastq_out/HP1506401_N24.fastq.gz,
HP1506401_N3,/home/koraop/nob_dir/sc_transcriptomics/fastq_out/HP1506401_N3.fastq.gz,
HP1506401_N4,/home/koraop/nob_dir/sc_transcriptomics/fastq_out/HP1506401_N4.fastq.gz,
HP1506401_N5,/home/koraop/nob_dir/sc_transcriptomics/fastq_out/HP1506401_N5.fastq.gz,
HP1506401_N6,/home/koraop/nob_dir/sc_transcriptomics/fastq_out/HP1506401_N6.fastq.gz,
HP1506401_N7,/home/koraop/nob_dir/sc_transcriptomics/fastq_out/HP1506401_N7.fastq.gz,
HP1506401_N8,/home/koraop/nob_dir/sc_transcriptomics/fastq_out/HP1506401_N8.fastq.gz,
HP1506401_N9,/home/koraop/nob_dir/sc_transcriptomics/fastq_out/HP1506401_N9.fastq.gz,
HP1506401_O1,/home/koraop/nob_dir/sc_transcriptomics/fastq_out/HP1506401_O1.fastq.gz,
HP1506401_O10,/home/koraop/nob_dir/sc_transcriptomics/fastq_out/HP1506401_O10.fastq.gz,
HP1506401_O11,/home/koraop/nob_dir/sc_transcriptomics/fastq_out/HP1506401_O11.fastq.gz,
HP1506401_O12,/home/koraop/nob_dir/sc_transcriptomics/fastq_out/HP1506401_O12.fastq.gz,
HP1506401_O13,/home/koraop/nob_dir/sc_transcriptomics/fastq_out/HP1506401_O13.fastq.gz,
HP1506401_O14,/home/koraop/nob_dir/sc_transcriptomics/fastq_out/HP1506401_O14.fastq.gz,
HP1506401_O15,/home/koraop/nob_dir/sc_transcriptomics/fastq_out/HP1506401_O15.fastq.gz,
HP1506401_O16,/home/koraop/nob_dir/sc_transcriptomics/fastq_out/HP1506401_O16.fastq.gz,
HP1506401_O17,/home/koraop/nob_dir/sc_transcriptomics/fastq_out/HP1506401_O17.fastq.gz,
HP1506401_O18,/home/koraop/nob_dir/sc_transcriptomics/fastq_out/HP1506401_O18.fastq.gz,
HP1506401_O19,/home/koraop/nob_dir/sc_transcriptomics/fastq_out/HP1506401_O19.fastq.gz,
HP1506401_O2,/home/koraop/nob_dir/sc_transcriptomics/fastq_out/HP1506401_O2.fastq.gz,
HP1506401_O20,/home/koraop/nob_dir/sc_transcriptomics/fastq_out/HP1506401_O20.fastq.gz,
HP1506401_O21,/home/koraop/nob_dir/sc_transcriptomics/fastq_out/HP1506401_O21.fastq.gz,
HP1506401_O22,/home/koraop/nob_dir/sc_transcriptomics/fastq_out/HP1506401_O22.fastq.gz,
HP1506401_O23,/home/koraop/nob_dir/sc_transcriptomics/fastq_out/HP1506401_O23.fastq.gz,
HP1506401_O24,/home/koraop/nob_dir/sc_transcriptomics/fastq_out/HP1506401_O24.fastq.gz,
HP1506401_O3,/home/koraop/nob_dir/sc_transcriptomics/fastq_out/HP1506401_O3.fastq.gz,
HP1506401_O4,/home/koraop/nob_dir/sc_transcriptomics/fastq_out/HP1506401_O4.fastq.gz,
HP1506401_O5,/home/koraop/nob_dir/sc_transcriptomics/fastq_out/HP1506401_O5.fastq.gz,
HP1506401_O6,/home/koraop/nob_dir/sc_transcriptomics/fastq_out/HP1506401_O6.fastq.gz,
HP1506401_O7,/home/koraop/nob_dir/sc_transcriptomics/fastq_out/HP1506401_O7.fastq.gz,
HP1506401_O8,/home/koraop/nob_dir/sc_transcriptomics/fastq_out/HP1506401_O8.fastq.gz,
HP1506401_O9,/home/koraop/nob_dir/sc_transcriptomics/fastq_out/HP1506401_O9.fastq.gz,
HP1506401_P1,/home/koraop/nob_dir/sc_transcriptomics/fastq_out/HP1506401_P1.fastq.gz,
HP1506401_P10,/home/koraop/nob_dir/sc_transcriptomics/fastq_out/HP1506401_P10.fastq.gz,
HP1506401_P11,/home/koraop/nob_dir/sc_transcriptomics/fastq_out/HP1506401_P11.fastq.gz,
HP1506401_P12,/home/koraop/nob_dir/sc_transcriptomics/fastq_out/HP1506401_P12.fastq.gz,
HP1506401_P14,/home/koraop/nob_dir/sc_transcriptomics/fastq_out/HP1506401_P14.fastq.gz,
HP1506401_P15,/home/koraop/nob_dir/sc_transcriptomics/fastq_out/HP1506401_P15.fastq.gz,
HP1506401_P16,/home/koraop/nob_dir/sc_transcriptomics/fastq_out/HP1506401_P16.fastq.gz,
HP1506401_P17,/home/koraop/nob_dir/sc_transcriptomics/fastq_out/HP1506401_P17.fastq.gz,
HP1506401_P18,/home/koraop/nob_dir/sc_transcriptomics/fastq_out/HP1506401_P18.fastq.gz,
HP1506401_P19,/home/koraop/nob_dir/sc_transcriptomics/fastq_out/HP1506401_P19.fastq.gz,
HP1506401_P2,/home/koraop/nob_dir/sc_transcriptomics/fastq_out/HP1506401_P2.fastq.gz,
HP1506401_P20,/home/koraop/nob_dir/sc_transcriptomics/fastq_out/HP1506401_P20.fastq.gz,
HP1506401_P21,/home/koraop/nob_dir/sc_transcriptomics/fastq_out/HP1506401_P21.fastq.gz,
HP1506401_P22,/home/koraop/nob_dir/sc_transcriptomics/fastq_out/HP1506401_P22.fastq.gz,
HP1506401_P23,/home/koraop/nob_dir/sc_transcriptomics/fastq_out/HP1506401_P23.fastq.gz,
HP1506401_P24,/home/koraop/nob_dir/sc_transcriptomics/fastq_out/HP1506401_P24.fastq.gz,
HP1506401_P3,/home/koraop/nob_dir/sc_transcriptomics/fastq_out/HP1506401_P3.fastq.gz,
HP1506401_P4,/home/koraop/nob_dir/sc_transcriptomics/fastq_out/HP1506401_P4.fastq.gz,
HP1506401_P5,/home/koraop/nob_dir/sc_transcriptomics/fastq_out/HP1506401_P5.fastq.gz,
HP1506401_P6,/home/koraop/nob_dir/sc_transcriptomics/fastq_out/HP1506401_P6.fastq.gz,
HP1506401_P7,/home/koraop/nob_dir/sc_transcriptomics/fastq_out/HP1506401_P7.fastq.gz,
HP1506401_P8,/home/koraop/nob_dir/sc_transcriptomics/fastq_out/HP1506401_P8.fastq.gz,
HP1506401_P9,/home/koraop/nob_dir/sc_transcriptomics/fastq_out/HP1506401_P9.fastq.gz,
HP1507101_A1,/home/koraop/nob_dir/sc_transcriptomics/fastq_out/HP1507101_A1.fastq.gz,
HP1507101_A10,/home/koraop/nob_dir/sc_transcriptomics/fastq_out/HP1507101_A10.fastq.gz,
HP1507101_A11,/home/koraop/nob_dir/sc_transcriptomics/fastq_out/HP1507101_A11.fastq.gz,
HP1507101_A12,/home/koraop/nob_dir/sc_transcriptomics/fastq_out/HP1507101_A12.fastq.gz,
HP1507101_A13,/home/koraop/nob_dir/sc_transcriptomics/fastq_out/HP1507101_A13.fastq.gz,
HP1507101_A14,/home/koraop/nob_dir/sc_transcriptomics/fastq_out/HP1507101_A14.fastq.gz,
HP1507101_A15,/home/koraop/nob_dir/sc_transcriptomics/fastq_out/HP1507101_A15.fastq.gz,
HP1507101_A16,/home/koraop/nob_dir/sc_transcriptomics/fastq_out/HP1507101_A16.fastq.gz,
HP1507101_A17,/home/koraop/nob_dir/sc_transcriptomics/fastq_out/HP1507101_A17.fastq.gz,
HP1507101_A18,/home/koraop/nob_dir/sc_transcriptomics/fastq_out/HP1507101_A18.fastq.gz,
HP1507101_A19,/home/koraop/nob_dir/sc_transcriptomics/fastq_out/HP1507101_A19.fastq.gz,
HP1507101_A2,/home/koraop/nob_dir/sc_transcriptomics/fastq_out/HP1507101_A2.fastq.gz,
HP1507101_A20,/home/koraop/nob_dir/sc_transcriptomics/fastq_out/HP1507101_A20.fastq.gz,
HP1507101_A21,/home/koraop/nob_dir/sc_transcriptomics/fastq_out/HP1507101_A21.fastq.gz,
HP1507101_A22,/home/koraop/nob_dir/sc_transcriptomics/fastq_out/HP1507101_A22.fastq.gz,
HP1507101_A23,/home/koraop/nob_dir/sc_transcriptomics/fastq_out/HP1507101_A23.fastq.gz,
HP1507101_A24,/home/koraop/nob_dir/sc_transcriptomics/fastq_out/HP1507101_A24.fastq.gz,
HP1507101_A3,/home/koraop/nob_dir/sc_transcriptomics/fastq_out/HP1507101_A3.fastq.gz,
HP1507101_A4,/home/koraop/nob_dir/sc_transcriptomics/fastq_out/HP1507101_A4.fastq.gz,
HP1507101_A5,/home/koraop/nob_dir/sc_transcriptomics/fastq_out/HP1507101_A5.fastq.gz,
HP1507101_A6,/home/koraop/nob_dir/sc_transcriptomics/fastq_out/HP1507101_A6.fastq.gz,
HP1507101_A7,/home/koraop/nob_dir/sc_transcriptomics/fastq_out/HP1507101_A7.fastq.gz,
HP1507101_A8,/home/koraop/nob_dir/sc_transcriptomics/fastq_out/HP1507101_A8.fastq.gz,
HP1507101_A9,/home/koraop/nob_dir/sc_transcriptomics/fastq_out/HP1507101_A9.fastq.gz,
HP1507101_B1,/home/koraop/nob_dir/sc_transcriptomics/fastq_out/HP1507101_B1.fastq.gz,
HP1507101_B10,/home/koraop/nob_dir/sc_transcriptomics/fastq_out/HP1507101_B10.fastq.gz,
HP1507101_B11,/home/koraop/nob_dir/sc_transcriptomics/fastq_out/HP1507101_B11.fastq.gz,
HP1507101_B12,/home/koraop/nob_dir/sc_transcriptomics/fastq_out/HP1507101_B12.fastq.gz,
HP1507101_B13,/home/koraop/nob_dir/sc_transcriptomics/fastq_out/HP1507101_B13.fastq.gz,
HP1507101_B14,/home/koraop/nob_dir/sc_transcriptomics/fastq_out/HP1507101_B14.fastq.gz,
HP1507101_B15,/home/koraop/nob_dir/sc_transcriptomics/fastq_out/HP1507101_B15.fastq.gz,
HP1507101_B16,/home/koraop/nob_dir/sc_transcriptomics/fastq_out/HP1507101_B16.fastq.gz,
HP1507101_B17,/home/koraop/nob_dir/sc_transcriptomics/fastq_out/HP1507101_B17.fastq.gz,
HP1507101_B18,/home/koraop/nob_dir/sc_transcriptomics/fastq_out/HP1507101_B18.fastq.gz,
HP1507101_B19,/home/koraop/nob_dir/sc_transcriptomics/fastq_out/HP1507101_B19.fastq.gz,
HP1507101_B2,/home/koraop/nob_dir/sc_transcriptomics/fastq_out/HP1507101_B2.fastq.gz,
HP1507101_B20,/home/koraop/nob_dir/sc_transcriptomics/fastq_out/HP1507101_B20.fastq.gz,
HP1507101_B21,/home/koraop/nob_dir/sc_transcriptomics/fastq_out/HP1507101_B21.fastq.gz,
HP1507101_B22,/home/koraop/nob_dir/sc_transcriptomics/fastq_out/HP1507101_B22.fastq.gz,
HP1507101_B23,/home/koraop/nob_dir/sc_transcriptomics/fastq_out/HP1507101_B23.fastq.gz,
HP1507101_B24,/home/koraop/nob_dir/sc_transcriptomics/fastq_out/HP1507101_B24.fastq.gz,
HP1507101_B3,/home/koraop/nob_dir/sc_transcriptomics/fastq_out/HP1507101_B3.fastq.gz,
HP1507101_B4,/home/koraop/nob_dir/sc_transcriptomics/fastq_out/HP1507101_B4.fastq.gz,
HP1507101_B5,/home/koraop/nob_dir/sc_transcriptomics/fastq_out/HP1507101_B5.fastq.gz,
HP1507101_B6,/home/koraop/nob_dir/sc_transcriptomics/fastq_out/HP1507101_B6.fastq.gz,
HP1507101_B7,/home/koraop/nob_dir/sc_transcriptomics/fastq_out/HP1507101_B7.fastq.gz,
HP1507101_B8,/home/koraop/nob_dir/sc_transcriptomics/fastq_out/HP1507101_B8.fastq.gz,
HP1507101_B9,/home/koraop/nob_dir/sc_transcriptomics/fastq_out/HP1507101_B9.fastq.gz,
HP1507101_C1,/home/koraop/nob_dir/sc_transcriptomics/fastq_out/HP1507101_C1.fastq.gz,
HP1507101_C10,/home/koraop/nob_dir/sc_transcriptomics/fastq_out/HP1507101_C10.fastq.gz,
HP1507101_C11,/home/koraop/nob_dir/sc_transcriptomics/fastq_out/HP1507101_C11.fastq.gz,
HP1507101_C12,/home/koraop/nob_dir/sc_transcriptomics/fastq_out/HP1507101_C12.fastq.gz,
HP1507101_C13,/home/koraop/nob_dir/sc_transcriptomics/fastq_out/HP1507101_C13.fastq.gz,
HP1507101_C14,/home/koraop/nob_dir/sc_transcriptomics/fastq_out/HP1507101_C14.fastq.gz,
HP1507101_C15,/home/koraop/nob_dir/sc_transcriptomics/fastq_out/HP1507101_C15.fastq.gz,
HP1507101_C16,/home/koraop/nob_dir/sc_transcriptomics/fastq_out/HP1507101_C16.fastq.gz,
HP1507101_C17,/home/koraop/nob_dir/sc_transcriptomics/fastq_out/HP1507101_C17.fastq.gz,
HP1507101_C18,/home/koraop/nob_dir/sc_transcriptomics/fastq_out/HP1507101_C18.fastq.gz,
HP1507101_C19,/home/koraop/nob_dir/sc_transcriptomics/fastq_out/HP1507101_C19.fastq.gz,
HP1507101_C2,/home/koraop/nob_dir/sc_transcriptomics/fastq_out/HP1507101_C2.fastq.gz,
HP1507101_C20,/home/koraop/nob_dir/sc_transcriptomics/fastq_out/HP1507101_C20.fastq.gz,
HP1507101_C21,/home/koraop/nob_dir/sc_transcriptomics/fastq_out/HP1507101_C21.fastq.gz,
HP1507101_C22,/home/koraop/nob_dir/sc_transcriptomics/fastq_out/HP1507101_C22.fastq.gz,
HP1507101_C23,/home/koraop/nob_dir/sc_transcriptomics/fastq_out/HP1507101_C23.fastq.gz,
HP1507101_C24,/home/koraop/nob_dir/sc_transcriptomics/fastq_out/HP1507101_C24.fastq.gz,
HP1507101_C3,/home/koraop/nob_dir/sc_transcriptomics/fastq_out/HP1507101_C3.fastq.gz,
HP1507101_C4,/home/koraop/nob_dir/sc_transcriptomics/fastq_out/HP1507101_C4.fastq.gz,
HP1507101_C5,/home/koraop/nob_dir/sc_transcriptomics/fastq_out/HP1507101_C5.fastq.gz,
HP1507101_C6,/home/koraop/nob_dir/sc_transcriptomics/fastq_out/HP1507101_C6.fastq.gz,
HP1507101_C7,/home/koraop/nob_dir/sc_transcriptomics/fastq_out/HP1507101_C7.fastq.gz,
HP1507101_C8,/home/koraop/nob_dir/sc_transcriptomics/fastq_out/HP1507101_C8.fastq.gz,
HP1507101_C9,/home/koraop/nob_dir/sc_transcriptomics/fastq_out/HP1507101_C9.fastq.gz,
HP1507101_D1,/home/koraop/nob_dir/sc_transcriptomics/fastq_out/HP1507101_D1.fastq.gz,
HP1507101_D10,/home/koraop/nob_dir/sc_transcriptomics/fastq_out/HP1507101_D10.fastq.gz,
HP1507101_D11,/home/koraop/nob_dir/sc_transcriptomics/fastq_out/HP1507101_D11.fastq.gz,
HP1507101_D12,/home/koraop/nob_dir/sc_transcriptomics/fastq_out/HP1507101_D12.fastq.gz,
HP1507101_D13,/home/koraop/nob_dir/sc_transcriptomics/fastq_out/HP1507101_D13.fastq.gz,
HP1507101_D14,/home/koraop/nob_dir/sc_transcriptomics/fastq_out/HP1507101_D14.fastq.gz,
HP1507101_D15,/home/koraop/nob_dir/sc_transcriptomics/fastq_out/HP1507101_D15.fastq.gz,
HP1507101_D16,/home/koraop/nob_dir/sc_transcriptomics/fastq_out/HP1507101_D16.fastq.gz,
HP1507101_D17,/home/koraop/nob_dir/sc_transcriptomics/fastq_out/HP1507101_D17.fastq.gz,
HP1507101_D18,/home/koraop/nob_dir/sc_transcriptomics/fastq_out/HP1507101_D18.fastq.gz,
HP1507101_D19,/home/koraop/nob_dir/sc_transcriptomics/fastq_out/HP1507101_D19.fastq.gz,
HP1507101_D2,/home/koraop/nob_dir/sc_transcriptomics/fastq_out/HP1507101_D2.fastq.gz,
HP1507101_D20,/home/koraop/nob_dir/sc_transcriptomics/fastq_out/HP1507101_D20.fastq.gz,
HP1507101_D21,/home/koraop/nob_dir/sc_transcriptomics/fastq_out/HP1507101_D21.fastq.gz,
HP1507101_D22,/home/koraop/nob_dir/sc_transcriptomics/fastq_out/HP1507101_D22.fastq.gz,
HP1507101_D23,/home/koraop/nob_dir/sc_transcriptomics/fastq_out/HP1507101_D23.fastq.gz,
HP1507101_D24,/home/koraop/nob_dir/sc_transcriptomics/fastq_out/HP1507101_D24.fastq.gz,
HP1507101_D3,/home/koraop/nob_dir/sc_transcriptomics/fastq_out/HP1507101_D3.fastq.gz,
HP1507101_D4,/home/koraop/nob_dir/sc_transcriptomics/fastq_out/HP1507101_D4.fastq.gz,
HP1507101_D5,/home/koraop/nob_dir/sc_transcriptomics/fastq_out/HP1507101_D5.fastq.gz,
HP1507101_D6,/home/koraop/nob_dir/sc_transcriptomics/fastq_out/HP1507101_D6.fastq.gz,
HP1507101_D7,/home/koraop/nob_dir/sc_transcriptomics/fastq_out/HP1507101_D7.fastq.gz,
HP1507101_D8,/home/koraop/nob_dir/sc_transcriptomics/fastq_out/HP1507101_D8.fastq.gz,
HP1507101_D9,/home/koraop/nob_dir/sc_transcriptomics/fastq_out/HP1507101_D9.fastq.gz,
HP1507101_E1,/home/koraop/nob_dir/sc_transcriptomics/fastq_out/HP1507101_E1.fastq.gz,
HP1507101_E10,/home/koraop/nob_dir/sc_transcriptomics/fastq_out/HP1507101_E10.fastq.gz,
HP1507101_E11,/home/koraop/nob_dir/sc_transcriptomics/fastq_out/HP1507101_E11.fastq.gz,
HP1507101_E12,/home/koraop/nob_dir/sc_transcriptomics/fastq_out/HP1507101_E12.fastq.gz,
HP1507101_E13,/home/koraop/nob_dir/sc_transcriptomics/fastq_out/HP1507101_E13.fastq.gz,
HP1507101_E14,/home/koraop/nob_dir/sc_transcriptomics/fastq_out/HP1507101_E14.fastq.gz,
HP1507101_E15,/home/koraop/nob_dir/sc_transcriptomics/fastq_out/HP1507101_E15.fastq.gz,
HP1507101_E16,/home/koraop/nob_dir/sc_transcriptomics/fastq_out/HP1507101_E16.fastq.gz,
HP1507101_E17,/home/koraop/nob_dir/sc_transcriptomics/fastq_out/HP1507101_E17.fastq.gz,
HP1507101_E18,/home/koraop/nob_dir/sc_transcriptomics/fastq_out/HP1507101_E18.fastq.gz,
HP1507101_E19,/home/koraop/nob_dir/sc_transcriptomics/fastq_out/HP1507101_E19.fastq.gz,
HP1507101_E2,/home/koraop/nob_dir/sc_transcriptomics/fastq_out/HP1507101_E2.fastq.gz,
HP1507101_E20,/home/koraop/nob_dir/sc_transcriptomics/fastq_out/HP1507101_E20.fastq.gz,
HP1507101_E21,/home/koraop/nob_dir/sc_transcriptomics/fastq_out/HP1507101_E21.fastq.gz,
HP1507101_E22,/home/koraop/nob_dir/sc_transcriptomics/fastq_out/HP1507101_E22.fastq.gz,
HP1507101_E23,/home/koraop/nob_dir/sc_transcriptomics/fastq_out/HP1507101_E23.fastq.gz,
HP1507101_E24,/home/koraop/nob_dir/sc_transcriptomics/fastq_out/HP1507101_E24.fastq.gz,
HP1507101_E3,/home/koraop/nob_dir/sc_transcriptomics/fastq_out/HP1507101_E3.fastq.gz,
HP1507101_E4,/home/koraop/nob_dir/sc_transcriptomics/fastq_out/HP1507101_E4.fastq.gz,
HP1507101_E5,/home/koraop/nob_dir/sc_transcriptomics/fastq_out/HP1507101_E5.fastq.gz,
HP1507101_E6,/home/koraop/nob_dir/sc_transcriptomics/fastq_out/HP1507101_E6.fastq.gz,
HP1507101_E7,/home/koraop/nob_dir/sc_transcriptomics/fastq_out/HP1507101_E7.fastq.gz,
HP1507101_E8,/home/koraop/nob_dir/sc_transcriptomics/fastq_out/HP1507101_E8.fastq.gz,
HP1507101_E9,/home/koraop/nob_dir/sc_transcriptomics/fastq_out/HP1507101_E9.fastq.gz,
HP1507101_F1,/home/koraop/nob_dir/sc_transcriptomics/fastq_out/HP1507101_F1.fastq.gz,
HP1507101_F10,/home/koraop/nob_dir/sc_transcriptomics/fastq_out/HP1507101_F10.fastq.gz,
HP1507101_F11,/home/koraop/nob_dir/sc_transcriptomics/fastq_out/HP1507101_F11.fastq.gz,
HP1507101_F12,/home/koraop/nob_dir/sc_transcriptomics/fastq_out/HP1507101_F12.fastq.gz,
HP1507101_F13,/home/koraop/nob_dir/sc_transcriptomics/fastq_out/HP1507101_F13.fastq.gz,
HP1507101_F14,/home/koraop/nob_dir/sc_transcriptomics/fastq_out/HP1507101_F14.fastq.gz,
HP1507101_F15,/home/koraop/nob_dir/sc_transcriptomics/fastq_out/HP1507101_F15.fastq.gz,
HP1507101_F16,/home/koraop/nob_dir/sc_transcriptomics/fastq_out/HP1507101_F16.fastq.gz,
HP1507101_F17,/home/koraop/nob_dir/sc_transcriptomics/fastq_out/HP1507101_F17.fastq.gz,
HP1507101_F18,/home/koraop/nob_dir/sc_transcriptomics/fastq_out/HP1507101_F18.fastq.gz,
HP1507101_F19,/home/koraop/nob_dir/sc_transcriptomics/fastq_out/HP1507101_F19.fastq.gz,
HP1507101_F2,/home/koraop/nob_dir/sc_transcriptomics/fastq_out/HP1507101_F2.fastq.gz,
HP1507101_F20,/home/koraop/nob_dir/sc_transcriptomics/fastq_out/HP1507101_F20.fastq.gz,
HP1507101_F21,/home/koraop/nob_dir/sc_transcriptomics/fastq_out/HP1507101_F21.fastq.gz,
HP1507101_F22,/home/koraop/nob_dir/sc_transcriptomics/fastq_out/HP1507101_F22.fastq.gz,
HP1507101_F23,/home/koraop/nob_dir/sc_transcriptomics/fastq_out/HP1507101_F23.fastq.gz,
HP1507101_F24,/home/koraop/nob_dir/sc_transcriptomics/fastq_out/HP1507101_F24.fastq.gz,
HP1507101_F3,/home/koraop/nob_dir/sc_transcriptomics/fastq_out/HP1507101_F3.fastq.gz,
HP1507101_F4,/home/koraop/nob_dir/sc_transcriptomics/fastq_out/HP1507101_F4.fastq.gz,
HP1507101_F5,/home/koraop/nob_dir/sc_transcriptomics/fastq_out/HP1507101_F5.fastq.gz,
HP1507101_F6,/home/koraop/nob_dir/sc_transcriptomics/fastq_out/HP1507101_F6.fastq.gz,
HP1507101_F7,/home/koraop/nob_dir/sc_transcriptomics/fastq_out/HP1507101_F7.fastq.gz,
HP1507101_F8,/home/koraop/nob_dir/sc_transcriptomics/fastq_out/HP1507101_F8.fastq.gz,
HP1507101_F9,/home/koraop/nob_dir/sc_transcriptomics/fastq_out/HP1507101_F9.fastq.gz,
HP1507101_G1,/home/koraop/nob_dir/sc_transcriptomics/fastq_out/HP1507101_G1.fastq.gz,
HP1507101_G10,/home/koraop/nob_dir/sc_transcriptomics/fastq_out/HP1507101_G10.fastq.gz,
HP1507101_G11,/home/koraop/nob_dir/sc_transcriptomics/fastq_out/HP1507101_G11.fastq.gz,
HP1507101_G12,/home/koraop/nob_dir/sc_transcriptomics/fastq_out/HP1507101_G12.fastq.gz,
HP1507101_G13,/home/koraop/nob_dir/sc_transcriptomics/fastq_out/HP1507101_G13.fastq.gz,
HP1507101_G14,/home/koraop/nob_dir/sc_transcriptomics/fastq_out/HP1507101_G14.fastq.gz,
HP1507101_G15,/home/koraop/nob_dir/sc_transcriptomics/fastq_out/HP1507101_G15.fastq.gz,
HP1507101_G16,/home/koraop/nob_dir/sc_transcriptomics/fastq_out/HP1507101_G16.fastq.gz,
HP1507101_G17,/home/koraop/nob_dir/sc_transcriptomics/fastq_out/HP1507101_G17.fastq.gz,
HP1507101_G18,/home/koraop/nob_dir/sc_transcriptomics/fastq_out/HP1507101_G18.fastq.gz,
HP1507101_G19,/home/koraop/nob_dir/sc_transcriptomics/fastq_out/HP1507101_G19.fastq.gz,
HP1507101_G2,/home/koraop/nob_dir/sc_transcriptomics/fastq_out/HP1507101_G2.fastq.gz,
HP1507101_G20,/home/koraop/nob_dir/sc_transcriptomics/fastq_out/HP1507101_G20.fastq.gz,
HP1507101_G21,/home/koraop/nob_dir/sc_transcriptomics/fastq_out/HP1507101_G21.fastq.gz,
HP1507101_G22,/home/koraop/nob_dir/sc_transcriptomics/fastq_out/HP1507101_G22.fastq.gz,
HP1507101_G23,/home/koraop/nob_dir/sc_transcriptomics/fastq_out/HP1507101_G23.fastq.gz,
HP1507101_G24,/home/koraop/nob_dir/sc_transcriptomics/fastq_out/HP1507101_G24.fastq.gz,
HP1507101_G3,/home/koraop/nob_dir/sc_transcriptomics/fastq_out/HP1507101_G3.fastq.gz,
HP1507101_G4,/home/koraop/nob_dir/sc_transcriptomics/fastq_out/HP1507101_G4.fastq.gz,
HP1507101_G5,/home/koraop/nob_dir/sc_transcriptomics/fastq_out/HP1507101_G5.fastq.gz,
HP1507101_G6,/home/koraop/nob_dir/sc_transcriptomics/fastq_out/HP1507101_G6.fastq.gz,
HP1507101_G7,/home/koraop/nob_dir/sc_transcriptomics/fastq_out/HP1507101_G7.fastq.gz,
HP1507101_G8,/home/koraop/nob_dir/sc_transcriptomics/fastq_out/HP1507101_G8.fastq.gz,
HP1507101_G9,/home/koraop/nob_dir/sc_transcriptomics/fastq_out/HP1507101_G9.fastq.gz,
HP1507101_H1,/home/koraop/nob_dir/sc_transcriptomics/fastq_out/HP1507101_H1.fastq.gz,
HP1507101_H10,/home/koraop/nob_dir/sc_transcriptomics/fastq_out/HP1507101_H10.fastq.gz,
HP1507101_H11,/home/koraop/nob_dir/sc_transcriptomics/fastq_out/HP1507101_H11.fastq.gz,
HP1507101_H12,/home/koraop/nob_dir/sc_transcriptomics/fastq_out/HP1507101_H12.fastq.gz,
HP1507101_H13,/home/koraop/nob_dir/sc_transcriptomics/fastq_out/HP1507101_H13.fastq.gz,
HP1507101_H14,/home/koraop/nob_dir/sc_transcriptomics/fastq_out/HP1507101_H14.fastq.gz,
HP1507101_H15,/home/koraop/nob_dir/sc_transcriptomics/fastq_out/HP1507101_H15.fastq.gz,
HP1507101_H16,/home/koraop/nob_dir/sc_transcriptomics/fastq_out/HP1507101_H16.fastq.gz,
HP1507101_H17,/home/koraop/nob_dir/sc_transcriptomics/fastq_out/HP1507101_H17.fastq.gz,
HP1507101_H18,/home/koraop/nob_dir/sc_transcriptomics/fastq_out/HP1507101_H18.fastq.gz,
HP1507101_H19,/home/koraop/nob_dir/sc_transcriptomics/fastq_out/HP1507101_H19.fastq.gz,
HP1507101_H2,/home/koraop/nob_dir/sc_transcriptomics/fastq_out/HP1507101_H2.fastq.gz,
HP1507101_H20,/home/koraop/nob_dir/sc_transcriptomics/fastq_out/HP1507101_H20.fastq.gz,
HP1507101_H21,/home/koraop/nob_dir/sc_transcriptomics/fastq_out/HP1507101_H21.fastq.gz,
HP1507101_H22,/home/koraop/nob_dir/sc_transcriptomics/fastq_out/HP1507101_H22.fastq.gz,
HP1507101_H23,/home/koraop/nob_dir/sc_transcriptomics/fastq_out/HP1507101_H23.fastq.gz,
HP1507101_H24,/home/koraop/nob_dir/sc_transcriptomics/fastq_out/HP1507101_H24.fastq.gz,
HP1507101_H3,/home/koraop/nob_dir/sc_transcriptomics/fastq_out/HP1507101_H3.fastq.gz,
HP1507101_H4,/home/koraop/nob_dir/sc_transcriptomics/fastq_out/HP1507101_H4.fastq.gz,
HP1507101_H5,/home/koraop/nob_dir/sc_transcriptomics/fastq_out/HP1507101_H5.fastq.gz,
HP1507101_H6,/home/koraop/nob_dir/sc_transcriptomics/fastq_out/HP1507101_H6.fastq.gz,
HP1507101_H7,/home/koraop/nob_dir/sc_transcriptomics/fastq_out/HP1507101_H7.fastq.gz,
HP1507101_H8,/home/koraop/nob_dir/sc_transcriptomics/fastq_out/HP1507101_H8.fastq.gz,
HP1507101_H9,/home/koraop/nob_dir/sc_transcriptomics/fastq_out/HP1507101_H9.fastq.gz,
HP1507101_I1,/home/koraop/nob_dir/sc_transcriptomics/fastq_out/HP1507101_I1.fastq.gz,
HP1507101_I10,/home/koraop/nob_dir/sc_transcriptomics/fastq_out/HP1507101_I10.fastq.gz,
HP1507101_I11,/home/koraop/nob_dir/sc_transcriptomics/fastq_out/HP1507101_I11.fastq.gz,
HP1507101_I12,/home/koraop/nob_dir/sc_transcriptomics/fastq_out/HP1507101_I12.fastq.gz,
HP1507101_I13,/home/koraop/nob_dir/sc_transcriptomics/fastq_out/HP1507101_I13.fastq.gz,
HP1507101_I14,/home/koraop/nob_dir/sc_transcriptomics/fastq_out/HP1507101_I14.fastq.gz,
HP1507101_I15,/home/koraop/nob_dir/sc_transcriptomics/fastq_out/HP1507101_I15.fastq.gz,
HP1507101_I16,/home/koraop/nob_dir/sc_transcriptomics/fastq_out/HP1507101_I16.fastq.gz,
HP1507101_I17,/home/koraop/nob_dir/sc_transcriptomics/fastq_out/HP1507101_I17.fastq.gz,
HP1507101_I18,/home/koraop/nob_dir/sc_transcriptomics/fastq_out/HP1507101_I18.fastq.gz,
HP1507101_I19,/home/koraop/nob_dir/sc_transcriptomics/fastq_out/HP1507101_I19.fastq.gz,
HP1507101_I2,/home/koraop/nob_dir/sc_transcriptomics/fastq_out/HP1507101_I2.fastq.gz,
HP1507101_I20,/home/koraop/nob_dir/sc_transcriptomics/fastq_out/HP1507101_I20.fastq.gz,
HP1507101_I21,/home/koraop/nob_dir/sc_transcriptomics/fastq_out/HP1507101_I21.fastq.gz,
HP1507101_I22,/home/koraop/nob_dir/sc_transcriptomics/fastq_out/HP1507101_I22.fastq.gz,
HP1507101_I23,/home/koraop/nob_dir/sc_transcriptomics/fastq_out/HP1507101_I23.fastq.gz,
HP1507101_I24,/home/koraop/nob_dir/sc_transcriptomics/fastq_out/HP1507101_I24.fastq.gz,
HP1507101_I3,/home/koraop/nob_dir/sc_transcriptomics/fastq_out/HP1507101_I3.fastq.gz,
HP1507101_I4,/home/koraop/nob_dir/sc_transcriptomics/fastq_out/HP1507101_I4.fastq.gz,
HP1507101_I5,/home/koraop/nob_dir/sc_transcriptomics/fastq_out/HP1507101_I5.fastq.gz,
HP1507101_I6,/home/koraop/nob_dir/sc_transcriptomics/fastq_out/HP1507101_I6.fastq.gz,
HP1507101_I7,/home/koraop/nob_dir/sc_transcriptomics/fastq_out/HP1507101_I7.fastq.gz,
HP1507101_I8,/home/koraop/nob_dir/sc_transcriptomics/fastq_out/HP1507101_I8.fastq.gz,
HP1507101_I9,/home/koraop/nob_dir/sc_transcriptomics/fastq_out/HP1507101_I9.fastq.gz,
HP1507101_J1,/home/koraop/nob_dir/sc_transcriptomics/fastq_out/HP1507101_J1.fastq.gz,
HP1507101_J10,/home/koraop/nob_dir/sc_transcriptomics/fastq_out/HP1507101_J10.fastq.gz,
HP1507101_J11,/home/koraop/nob_dir/sc_transcriptomics/fastq_out/HP1507101_J11.fastq.gz,
HP1507101_J12,/home/koraop/nob_dir/sc_transcriptomics/fastq_out/HP1507101_J12.fastq.gz,
HP1507101_J13,/home/koraop/nob_dir/sc_transcriptomics/fastq_out/HP1507101_J13.fastq.gz,
HP1507101_J14,/home/koraop/nob_dir/sc_transcriptomics/fastq_out/HP1507101_J14.fastq.gz,
HP1507101_J15,/home/koraop/nob_dir/sc_transcriptomics/fastq_out/HP1507101_J15.fastq.gz,
HP1507101_J16,/home/koraop/nob_dir/sc_transcriptomics/fastq_out/HP1507101_J16.fastq.gz,
HP1507101_J17,/home/koraop/nob_dir/sc_transcriptomics/fastq_out/HP1507101_J17.fastq.gz,
HP1507101_J18,/home/koraop/nob_dir/sc_transcriptomics/fastq_out/HP1507101_J18.fastq.gz,
HP1507101_J19,/home/koraop/nob_dir/sc_transcriptomics/fastq_out/HP1507101_J19.fastq.gz,
HP1507101_J2,/home/koraop/nob_dir/sc_transcriptomics/fastq_out/HP1507101_J2.fastq.gz,
HP1507101_J20,/home/koraop/nob_dir/sc_transcriptomics/fastq_out/HP1507101_J20.fastq.gz,
HP1507101_J21,/home/koraop/nob_dir/sc_transcriptomics/fastq_out/HP1507101_J21.fastq.gz,
HP1507101_J22,/home/koraop/nob_dir/sc_transcriptomics/fastq_out/HP1507101_J22.fastq.gz,
HP1507101_J23,/home/koraop/nob_dir/sc_transcriptomics/fastq_out/HP1507101_J23.fastq.gz,
HP1507101_J24,/home/koraop/nob_dir/sc_transcriptomics/fastq_out/HP1507101_J24.fastq.gz,
HP1507101_J3,/home/koraop/nob_dir/sc_transcriptomics/fastq_out/HP1507101_J3.fastq.gz,
HP1507101_J4,/home/koraop/nob_dir/sc_transcriptomics/fastq_out/HP1507101_J4.fastq.gz,
HP1507101_J5,/home/koraop/nob_dir/sc_transcriptomics/fastq_out/HP1507101_J5.fastq.gz,
HP1507101_J6,/home/koraop/nob_dir/sc_transcriptomics/fastq_out/HP1507101_J6.fastq.gz,
HP1507101_J7,/home/koraop/nob_dir/sc_transcriptomics/fastq_out/HP1507101_J7.fastq.gz,
HP1507101_J8,/home/koraop/nob_dir/sc_transcriptomics/fastq_out/HP1507101_J8.fastq.gz,
HP1507101_J9,/home/koraop/nob_dir/sc_transcriptomics/fastq_out/HP1507101_J9.fastq.gz,
HP1507101_K1,/home/koraop/nob_dir/sc_transcriptomics/fastq_out/HP1507101_K1.fastq.gz,
HP1507101_K10,/home/koraop/nob_dir/sc_transcriptomics/fastq_out/HP1507101_K10.fastq.gz,
HP1507101_K11,/home/koraop/nob_dir/sc_transcriptomics/fastq_out/HP1507101_K11.fastq.gz,
HP1507101_K12,/home/koraop/nob_dir/sc_transcriptomics/fastq_out/HP1507101_K12.fastq.gz,
HP1507101_K13,/home/koraop/nob_dir/sc_transcriptomics/fastq_out/HP1507101_K13.fastq.gz,
HP1507101_K14,/home/koraop/nob_dir/sc_transcriptomics/fastq_out/HP1507101_K14.fastq.gz,
HP1507101_K15,/home/koraop/nob_dir/sc_transcriptomics/fastq_out/HP1507101_K15.fastq.gz,
HP1507101_K16,/home/koraop/nob_dir/sc_transcriptomics/fastq_out/HP1507101_K16.fastq.gz,
HP1507101_K17,/home/koraop/nob_dir/sc_transcriptomics/fastq_out/HP1507101_K17.fastq.gz,
HP1507101_K18,/home/koraop/nob_dir/sc_transcriptomics/fastq_out/HP1507101_K18.fastq.gz,
HP1507101_K19,/home/koraop/nob_dir/sc_transcriptomics/fastq_out/HP1507101_K19.fastq.gz,
HP1507101_K2,/home/koraop/nob_dir/sc_transcriptomics/fastq_out/HP1507101_K2.fastq.gz,
HP1507101_K20,/home/koraop/nob_dir/sc_transcriptomics/fastq_out/HP1507101_K20.fastq.gz,
HP1507101_K21,/home/koraop/nob_dir/sc_transcriptomics/fastq_out/HP1507101_K21.fastq.gz,
HP1507101_K22,/home/koraop/nob_dir/sc_transcriptomics/fastq_out/HP1507101_K22.fastq.gz,
HP1507101_K23,/home/koraop/nob_dir/sc_transcriptomics/fastq_out/HP1507101_K23.fastq.gz,
HP1507101_K24,/home/koraop/nob_dir/sc_transcriptomics/fastq_out/HP1507101_K24.fastq.gz,
HP1507101_K3,/home/koraop/nob_dir/sc_transcriptomics/fastq_out/HP1507101_K3.fastq.gz,
HP1507101_K4,/home/koraop/nob_dir/sc_transcriptomics/fastq_out/HP1507101_K4.fastq.gz,
HP1507101_K5,/home/koraop/nob_dir/sc_transcriptomics/fastq_out/HP1507101_K5.fastq.gz,
HP1507101_K6,/home/koraop/nob_dir/sc_transcriptomics/fastq_out/HP1507101_K6.fastq.gz,
HP1507101_K7,/home/koraop/nob_dir/sc_transcriptomics/fastq_out/HP1507101_K7.fastq.gz,
HP1507101_K8,/home/koraop/nob_dir/sc_transcriptomics/fastq_out/HP1507101_K8.fastq.gz,
HP1507101_K9,/home/koraop/nob_dir/sc_transcriptomics/fastq_out/HP1507101_K9.fastq.gz,
HP1507101_L1,/home/koraop/nob_dir/sc_transcriptomics/fastq_out/HP1507101_L1.fastq.gz,
HP1507101_L10,/home/koraop/nob_dir/sc_transcriptomics/fastq_out/HP1507101_L10.fastq.gz,
HP1507101_L11,/home/koraop/nob_dir/sc_transcriptomics/fastq_out/HP1507101_L11.fastq.gz,
HP1507101_L12,/home/koraop/nob_dir/sc_transcriptomics/fastq_out/HP1507101_L12.fastq.gz,
HP1507101_L13,/home/koraop/nob_dir/sc_transcriptomics/fastq_out/HP1507101_L13.fastq.gz,
HP1507101_L14,/home/koraop/nob_dir/sc_transcriptomics/fastq_out/HP1507101_L14.fastq.gz,
HP1507101_L15,/home/koraop/nob_dir/sc_transcriptomics/fastq_out/HP1507101_L15.fastq.gz,
HP1507101_L16,/home/koraop/nob_dir/sc_transcriptomics/fastq_out/HP1507101_L16.fastq.gz,
HP1507101_L17,/home/koraop/nob_dir/sc_transcriptomics/fastq_out/HP1507101_L17.fastq.gz,
HP1507101_L18,/home/koraop/nob_dir/sc_transcriptomics/fastq_out/HP1507101_L18.fastq.gz,
HP1507101_L19,/home/koraop/nob_dir/sc_transcriptomics/fastq_out/HP1507101_L19.fastq.gz,
HP1507101_L2,/home/koraop/nob_dir/sc_transcriptomics/fastq_out/HP1507101_L2.fastq.gz,
HP1507101_L20,/home/koraop/nob_dir/sc_transcriptomics/fastq_out/HP1507101_L20.fastq.gz,
HP1507101_L21,/home/koraop/nob_dir/sc_transcriptomics/fastq_out/HP1507101_L21.fastq.gz,
HP1507101_L22,/home/koraop/nob_dir/sc_transcriptomics/fastq_out/HP1507101_L22.fastq.gz,
HP1507101_L23,/home/koraop/nob_dir/sc_transcriptomics/fastq_out/HP1507101_L23.fastq.gz,
HP1507101_L24,/home/koraop/nob_dir/sc_transcriptomics/fastq_out/HP1507101_L24.fastq.gz,
HP1507101_L3,/home/koraop/nob_dir/sc_transcriptomics/fastq_out/HP1507101_L3.fastq.gz,
HP1507101_L4,/home/koraop/nob_dir/sc_transcriptomics/fastq_out/HP1507101_L4.fastq.gz,
HP1507101_L5,/home/koraop/nob_dir/sc_transcriptomics/fastq_out/HP1507101_L5.fastq.gz,
HP1507101_L6,/home/koraop/nob_dir/sc_transcriptomics/fastq_out/HP1507101_L6.fastq.gz,
HP1507101_L7,/home/koraop/nob_dir/sc_transcriptomics/fastq_out/HP1507101_L7.fastq.gz,
HP1507101_L8,/home/koraop/nob_dir/sc_transcriptomics/fastq_out/HP1507101_L8.fastq.gz,
HP1507101_L9,/home/koraop/nob_dir/sc_transcriptomics/fastq_out/HP1507101_L9.fastq.gz,
HP1507101_M1,/home/koraop/nob_dir/sc_transcriptomics/fastq_out/HP1507101_M1.fastq.gz,
HP1507101_M10,/home/koraop/nob_dir/sc_transcriptomics/fastq_out/HP1507101_M10.fastq.gz,
HP1507101_M11,/home/koraop/nob_dir/sc_transcriptomics/fastq_out/HP1507101_M11.fastq.gz,
HP1507101_M12,/home/koraop/nob_dir/sc_transcriptomics/fastq_out/HP1507101_M12.fastq.gz,
HP1507101_M13,/home/koraop/nob_dir/sc_transcriptomics/fastq_out/HP1507101_M13.fastq.gz,
HP1507101_M14,/home/koraop/nob_dir/sc_transcriptomics/fastq_out/HP1507101_M14.fastq.gz,
HP1507101_M15,/home/koraop/nob_dir/sc_transcriptomics/fastq_out/HP1507101_M15.fastq.gz,
HP1507101_M16,/home/koraop/nob_dir/sc_transcriptomics/fastq_out/HP1507101_M16.fastq.gz,
HP1507101_M17,/home/koraop/nob_dir/sc_transcriptomics/fastq_out/HP1507101_M17.fastq.gz,
HP1507101_M18,/home/koraop/nob_dir/sc_transcriptomics/fastq_out/HP1507101_M18.fastq.gz,
HP1507101_M19,/home/koraop/nob_dir/sc_transcriptomics/fastq_out/HP1507101_M19.fastq.gz,
HP1507101_M2,/home/koraop/nob_dir/sc_transcriptomics/fastq_out/HP1507101_M2.fastq.gz,
HP1507101_M20,/home/koraop/nob_dir/sc_transcriptomics/fastq_out/HP1507101_M20.fastq.gz,
HP1507101_M21,/home/koraop/nob_dir/sc_transcriptomics/fastq_out/HP1507101_M21.fastq.gz,
HP1507101_M22,/home/koraop/nob_dir/sc_transcriptomics/fastq_out/HP1507101_M22.fastq.gz,
HP1507101_M23,/home/koraop/nob_dir/sc_transcriptomics/fastq_out/HP1507101_M23.fastq.gz,
HP1507101_M24,/home/koraop/nob_dir/sc_transcriptomics/fastq_out/HP1507101_M24.fastq.gz,
HP1507101_M3,/home/koraop/nob_dir/sc_transcriptomics/fastq_out/HP1507101_M3.fastq.gz,
HP1507101_M4,/home/koraop/nob_dir/sc_transcriptomics/fastq_out/HP1507101_M4.fastq.gz,
HP1507101_M5,/home/koraop/nob_dir/sc_transcriptomics/fastq_out/HP1507101_M5.fastq.gz,
HP1507101_M6,/home/koraop/nob_dir/sc_transcriptomics/fastq_out/HP1507101_M6.fastq.gz,
HP1507101_M7,/home/koraop/nob_dir/sc_transcriptomics/fastq_out/HP1507101_M7.fastq.gz,
HP1507101_M8,/home/koraop/nob_dir/sc_transcriptomics/fastq_out/HP1507101_M8.fastq.gz,
HP1507101_M9,/home/koraop/nob_dir/sc_transcriptomics/fastq_out/HP1507101_M9.fastq.gz,
HP1507101_N1,/home/koraop/nob_dir/sc_transcriptomics/fastq_out/HP1507101_N1.fastq.gz,
HP1507101_N10,/home/koraop/nob_dir/sc_transcriptomics/fastq_out/HP1507101_N10.fastq.gz,
HP1507101_N11,/home/koraop/nob_dir/sc_transcriptomics/fastq_out/HP1507101_N11.fastq.gz,
HP1507101_N12,/home/koraop/nob_dir/sc_transcriptomics/fastq_out/HP1507101_N12.fastq.gz,
HP1507101_N13,/home/koraop/nob_dir/sc_transcriptomics/fastq_out/HP1507101_N13.fastq.gz,
HP1507101_N14,/home/koraop/nob_dir/sc_transcriptomics/fastq_out/HP1507101_N14.fastq.gz,
HP1507101_N15,/home/koraop/nob_dir/sc_transcriptomics/fastq_out/HP1507101_N15.fastq.gz,
HP1507101_N16,/home/koraop/nob_dir/sc_transcriptomics/fastq_out/HP1507101_N16.fastq.gz,
HP1507101_N17,/home/koraop/nob_dir/sc_transcriptomics/fastq_out/HP1507101_N17.fastq.gz,
HP1507101_N18,/home/koraop/nob_dir/sc_transcriptomics/fastq_out/HP1507101_N18.fastq.gz,
HP1507101_N19,/home/koraop/nob_dir/sc_transcriptomics/fastq_out/HP1507101_N19.fastq.gz,
HP1507101_N2,/home/koraop/nob_dir/sc_transcriptomics/fastq_out/HP1507101_N2.fastq.gz,
HP1507101_N20,/home/koraop/nob_dir/sc_transcriptomics/fastq_out/HP1507101_N20.fastq.gz,
HP1507101_N21,/home/koraop/nob_dir/sc_transcriptomics/fastq_out/HP1507101_N21.fastq.gz,
HP1507101_N22,/home/koraop/nob_dir/sc_transcriptomics/fastq_out/HP1507101_N22.fastq.gz,
HP1507101_N23,/home/koraop/nob_dir/sc_transcriptomics/fastq_out/HP1507101_N23.fastq.gz,
HP1507101_N24,/home/koraop/nob_dir/sc_transcriptomics/fastq_out/HP1507101_N24.fastq.gz,
HP1507101_N3,/home/koraop/nob_dir/sc_transcriptomics/fastq_out/HP1507101_N3.fastq.gz,
HP1507101_N4,/home/koraop/nob_dir/sc_transcriptomics/fastq_out/HP1507101_N4.fastq.gz,
HP1507101_N5,/home/koraop/nob_dir/sc_transcriptomics/fastq_out/HP1507101_N5.fastq.gz,
HP1507101_N6,/home/koraop/nob_dir/sc_transcriptomics/fastq_out/HP1507101_N6.fastq.gz,
HP1507101_N7,/home/koraop/nob_dir/sc_transcriptomics/fastq_out/HP1507101_N7.fastq.gz,
HP1507101_N8,/home/koraop/nob_dir/sc_transcriptomics/fastq_out/HP1507101_N8.fastq.gz,
HP1507101_N9,/home/koraop/nob_dir/sc_transcriptomics/fastq_out/HP1507101_N9.fastq.gz,
HP1507101_O1,/home/koraop/nob_dir/sc_transcriptomics/fastq_out/HP1507101_O1.fastq.gz,
HP1507101_O10,/home/koraop/nob_dir/sc_transcriptomics/fastq_out/HP1507101_O10.fastq.gz,
HP1507101_O11,/home/koraop/nob_dir/sc_transcriptomics/fastq_out/HP1507101_O11.fastq.gz,
HP1507101_O12,/home/koraop/nob_dir/sc_transcriptomics/fastq_out/HP1507101_O12.fastq.gz,
HP1507101_O13,/home/koraop/nob_dir/sc_transcriptomics/fastq_out/HP1507101_O13.fastq.gz,
HP1507101_O14,/home/koraop/nob_dir/sc_transcriptomics/fastq_out/HP1507101_O14.fastq.gz,
HP1507101_O15,/home/koraop/nob_dir/sc_transcriptomics/fastq_out/HP1507101_O15.fastq.gz,
HP1507101_O16,/home/koraop/nob_dir/sc_transcriptomics/fastq_out/HP1507101_O16.fastq.gz,
HP1507101_O17,/home/koraop/nob_dir/sc_transcriptomics/fastq_out/HP1507101_O17.fastq.gz,
HP1507101_O18,/home/koraop/nob_dir/sc_transcriptomics/fastq_out/HP1507101_O18.fastq.gz,
HP1507101_O19,/home/koraop/nob_dir/sc_transcriptomics/fastq_out/HP1507101_O19.fastq.gz,
HP1507101_O2,/home/koraop/nob_dir/sc_transcriptomics/fastq_out/HP1507101_O2.fastq.gz,
HP1507101_O20,/home/koraop/nob_dir/sc_transcriptomics/fastq_out/HP1507101_O20.fastq.gz,
HP1507101_O21,/home/koraop/nob_dir/sc_transcriptomics/fastq_out/HP1507101_O21.fastq.gz,
HP1507101_O22,/home/koraop/nob_dir/sc_transcriptomics/fastq_out/HP1507101_O22.fastq.gz,
HP1507101_O23,/home/koraop/nob_dir/sc_transcriptomics/fastq_out/HP1507101_O23.fastq.gz,
HP1507101_O24,/home/koraop/nob_dir/sc_transcriptomics/fastq_out/HP1507101_O24.fastq.gz,
HP1507101_O3,/home/koraop/nob_dir/sc_transcriptomics/fastq_out/HP1507101_O3.fastq.gz,
HP1507101_O4,/home/koraop/nob_dir/sc_transcriptomics/fastq_out/HP1507101_O4.fastq.gz,
HP1507101_O5,/home/koraop/nob_dir/sc_transcriptomics/fastq_out/HP1507101_O5.fastq.gz,
HP1507101_O6,/home/koraop/nob_dir/sc_transcriptomics/fastq_out/HP1507101_O6.fastq.gz,
HP1507101_O7,/home/koraop/nob_dir/sc_transcriptomics/fastq_out/HP1507101_O7.fastq.gz,
HP1507101_O8,/home/koraop/nob_dir/sc_transcriptomics/fastq_out/HP1507101_O8.fastq.gz,
HP1507101_O9,/home/koraop/nob_dir/sc_transcriptomics/fastq_out/HP1507101_O9.fastq.gz,
HP1507101_P1,/home/koraop/nob_dir/sc_transcriptomics/fastq_out/HP1507101_P1.fastq.gz,
HP1507101_P10,/home/koraop/nob_dir/sc_transcriptomics/fastq_out/HP1507101_P10.fastq.gz,
HP1507101_P11,/home/koraop/nob_dir/sc_transcriptomics/fastq_out/HP1507101_P11.fastq.gz,
HP1507101_P12,/home/koraop/nob_dir/sc_transcriptomics/fastq_out/HP1507101_P12.fastq.gz,
HP1507101_P14,/home/koraop/nob_dir/sc_transcriptomics/fastq_out/HP1507101_P14.fastq.gz,
HP1507101_P15,/home/koraop/nob_dir/sc_transcriptomics/fastq_out/HP1507101_P15.fastq.gz,
HP1507101_P16,/home/koraop/nob_dir/sc_transcriptomics/fastq_out/HP1507101_P16.fastq.gz,
HP1507101_P17,/home/koraop/nob_dir/sc_transcriptomics/fastq_out/HP1507101_P17.fastq.gz,
HP1507101_P18,/home/koraop/nob_dir/sc_transcriptomics/fastq_out/HP1507101_P18.fastq.gz,
HP1507101_P19,/home/koraop/nob_dir/sc_transcriptomics/fastq_out/HP1507101_P19.fastq.gz,
HP1507101_P2,/home/koraop/nob_dir/sc_transcriptomics/fastq_out/HP1507101_P2.fastq.gz,
HP1507101_P20,/home/koraop/nob_dir/sc_transcriptomics/fastq_out/HP1507101_P20.fastq.gz,
HP1507101_P21,/home/koraop/nob_dir/sc_transcriptomics/fastq_out/HP1507101_P21.fastq.gz,
HP1507101_P22,/home/koraop/nob_dir/sc_transcriptomics/fastq_out/HP1507101_P22.fastq.gz,
HP1507101_P23,/home/koraop/nob_dir/sc_transcriptomics/fastq_out/HP1507101_P23.fastq.gz,
HP1507101_P24,/home/koraop/nob_dir/sc_transcriptomics/fastq_out/HP1507101_P24.fastq.gz,
HP1507101_P3,/home/koraop/nob_dir/sc_transcriptomics/fastq_out/HP1507101_P3.fastq.gz,
HP1507101_P4,/home/koraop/nob_dir/sc_transcriptomics/fastq_out/HP1507101_P4.fastq.gz,
HP1507101_P5,/home/koraop/nob_dir/sc_transcriptomics/fastq_out/HP1507101_P5.fastq.gz,
HP1507101_P6,/home/koraop/nob_dir/sc_transcriptomics/fastq_out/HP1507101_P6.fastq.gz,
HP1507101_P7,/home/koraop/nob_dir/sc_transcriptomics/fastq_out/HP1507101_P7.fastq.gz,
HP1507101_P8,/home/koraop/nob_dir/sc_transcriptomics/fastq_out/HP1507101_P8.fastq.gz,
HP1507101_P9,/home/koraop/nob_dir/sc_transcriptomics/fastq_out/HP1507101_P9.fastq.gz,
HP1508501T2D_A1,/home/koraop/nob_dir/sc_transcriptomics/fastq_out/HP1508501T2D_A1.fastq.gz,
HP1508501T2D_A10,/home/koraop/nob_dir/sc_transcriptomics/fastq_out/HP1508501T2D_A10.fastq.gz,
HP1508501T2D_A11,/home/koraop/nob_dir/sc_transcriptomics/fastq_out/HP1508501T2D_A11.fastq.gz,
HP1508501T2D_A12,/home/koraop/nob_dir/sc_transcriptomics/fastq_out/HP1508501T2D_A12.fastq.gz,
HP1508501T2D_A13,/home/koraop/nob_dir/sc_transcriptomics/fastq_out/HP1508501T2D_A13.fastq.gz,
HP1508501T2D_A14,/home/koraop/nob_dir/sc_transcriptomics/fastq_out/HP1508501T2D_A14.fastq.gz,
HP1508501T2D_A15,/home/koraop/nob_dir/sc_transcriptomics/fastq_out/HP1508501T2D_A15.fastq.gz,
HP1508501T2D_A16,/home/koraop/nob_dir/sc_transcriptomics/fastq_out/HP1508501T2D_A16.fastq.gz,
HP1508501T2D_A17,/home/koraop/nob_dir/sc_transcriptomics/fastq_out/HP1508501T2D_A17.fastq.gz,
HP1508501T2D_A18,/home/koraop/nob_dir/sc_transcriptomics/fastq_out/HP1508501T2D_A18.fastq.gz,
HP1508501T2D_A19,/home/koraop/nob_dir/sc_transcriptomics/fastq_out/HP1508501T2D_A19.fastq.gz,
HP1508501T2D_A2,/home/koraop/nob_dir/sc_transcriptomics/fastq_out/HP1508501T2D_A2.fastq.gz,
HP1508501T2D_A20,/home/koraop/nob_dir/sc_transcriptomics/fastq_out/HP1508501T2D_A20.fastq.gz,
HP1508501T2D_A21,/home/koraop/nob_dir/sc_transcriptomics/fastq_out/HP1508501T2D_A21.fastq.gz,
HP1508501T2D_A22,/home/koraop/nob_dir/sc_transcriptomics/fastq_out/HP1508501T2D_A22.fastq.gz,
HP1508501T2D_A23,/home/koraop/nob_dir/sc_transcriptomics/fastq_out/HP1508501T2D_A23.fastq.gz,
HP1508501T2D_A24,/home/koraop/nob_dir/sc_transcriptomics/fastq_out/HP1508501T2D_A24.fastq.gz,
HP1508501T2D_A3,/home/koraop/nob_dir/sc_transcriptomics/fastq_out/HP1508501T2D_A3.fastq.gz,
HP1508501T2D_A4,/home/koraop/nob_dir/sc_transcriptomics/fastq_out/HP1508501T2D_A4.fastq.gz,
HP1508501T2D_A5,/home/koraop/nob_dir/sc_transcriptomics/fastq_out/HP1508501T2D_A5.fastq.gz,
HP1508501T2D_A6,/home/koraop/nob_dir/sc_transcriptomics/fastq_out/HP1508501T2D_A6.fastq.gz,
HP1508501T2D_A7,/home/koraop/nob_dir/sc_transcriptomics/fastq_out/HP1508501T2D_A7.fastq.gz,
HP1508501T2D_A8,/home/koraop/nob_dir/sc_transcriptomics/fastq_out/HP1508501T2D_A8.fastq.gz,
HP1508501T2D_A9,/home/koraop/nob_dir/sc_transcriptomics/fastq_out/HP1508501T2D_A9.fastq.gz,
HP1508501T2D_B1,/home/koraop/nob_dir/sc_transcriptomics/fastq_out/HP1508501T2D_B1.fastq.gz,
HP1508501T2D_B10,/home/koraop/nob_dir/sc_transcriptomics/fastq_out/HP1508501T2D_B10.fastq.gz,
HP1508501T2D_B11,/home/koraop/nob_dir/sc_transcriptomics/fastq_out/HP1508501T2D_B11.fastq.gz,
HP1508501T2D_B12,/home/koraop/nob_dir/sc_transcriptomics/fastq_out/HP1508501T2D_B12.fastq.gz,
HP1508501T2D_B13,/home/koraop/nob_dir/sc_transcriptomics/fastq_out/HP1508501T2D_B13.fastq.gz,
HP1508501T2D_B14,/home/koraop/nob_dir/sc_transcriptomics/fastq_out/HP1508501T2D_B14.fastq.gz,
HP1508501T2D_B15,/home/koraop/nob_dir/sc_transcriptomics/fastq_out/HP1508501T2D_B15.fastq.gz,
HP1508501T2D_B16,/home/koraop/nob_dir/sc_transcriptomics/fastq_out/HP1508501T2D_B16.fastq.gz,
HP1508501T2D_B17,/home/koraop/nob_dir/sc_transcriptomics/fastq_out/HP1508501T2D_B17.fastq.gz,
HP1508501T2D_B18,/home/koraop/nob_dir/sc_transcriptomics/fastq_out/HP1508501T2D_B18.fastq.gz,
HP1508501T2D_B19,/home/koraop/nob_dir/sc_transcriptomics/fastq_out/HP1508501T2D_B19.fastq.gz,
HP1508501T2D_B2,/home/koraop/nob_dir/sc_transcriptomics/fastq_out/HP1508501T2D_B2.fastq.gz,
HP1508501T2D_B20,/home/koraop/nob_dir/sc_transcriptomics/fastq_out/HP1508501T2D_B20.fastq.gz,
HP1508501T2D_B21,/home/koraop/nob_dir/sc_transcriptomics/fastq_out/HP1508501T2D_B21.fastq.gz,
HP1508501T2D_B22,/home/koraop/nob_dir/sc_transcriptomics/fastq_out/HP1508501T2D_B22.fastq.gz,
HP1508501T2D_B23,/home/koraop/nob_dir/sc_transcriptomics/fastq_out/HP1508501T2D_B23.fastq.gz,
HP1508501T2D_B24,/home/koraop/nob_dir/sc_transcriptomics/fastq_out/HP1508501T2D_B24.fastq.gz,
HP1508501T2D_B3,/home/koraop/nob_dir/sc_transcriptomics/fastq_out/HP1508501T2D_B3.fastq.gz,
HP1508501T2D_B4,/home/koraop/nob_dir/sc_transcriptomics/fastq_out/HP1508501T2D_B4.fastq.gz,
HP1508501T2D_B5,/home/koraop/nob_dir/sc_transcriptomics/fastq_out/HP1508501T2D_B5.fastq.gz,
HP1508501T2D_B6,/home/koraop/nob_dir/sc_transcriptomics/fastq_out/HP1508501T2D_B6.fastq.gz,
HP1508501T2D_B7,/home/koraop/nob_dir/sc_transcriptomics/fastq_out/HP1508501T2D_B7.fastq.gz,
HP1508501T2D_B8,/home/koraop/nob_dir/sc_transcriptomics/fastq_out/HP1508501T2D_B8.fastq.gz,
HP1508501T2D_B9,/home/koraop/nob_dir/sc_transcriptomics/fastq_out/HP1508501T2D_B9.fastq.gz,
HP1508501T2D_C1,/home/koraop/nob_dir/sc_transcriptomics/fastq_out/HP1508501T2D_C1.fastq.gz,
HP1508501T2D_C10,/home/koraop/nob_dir/sc_transcriptomics/fastq_out/HP1508501T2D_C10.fastq.gz,
HP1508501T2D_C11,/home/koraop/nob_dir/sc_transcriptomics/fastq_out/HP1508501T2D_C11.fastq.gz,
HP1508501T2D_C12,/home/koraop/nob_dir/sc_transcriptomics/fastq_out/HP1508501T2D_C12.fastq.gz,
HP1508501T2D_C13,/home/koraop/nob_dir/sc_transcriptomics/fastq_out/HP1508501T2D_C13.fastq.gz,
HP1508501T2D_C14,/home/koraop/nob_dir/sc_transcriptomics/fastq_out/HP1508501T2D_C14.fastq.gz,
HP1508501T2D_C15,/home/koraop/nob_dir/sc_transcriptomics/fastq_out/HP1508501T2D_C15.fastq.gz,
HP1508501T2D_C16,/home/koraop/nob_dir/sc_transcriptomics/fastq_out/HP1508501T2D_C16.fastq.gz,
HP1508501T2D_C17,/home/koraop/nob_dir/sc_transcriptomics/fastq_out/HP1508501T2D_C17.fastq.gz,
HP1508501T2D_C18,/home/koraop/nob_dir/sc_transcriptomics/fastq_out/HP1508501T2D_C18.fastq.gz,
HP1508501T2D_C19,/home/koraop/nob_dir/sc_transcriptomics/fastq_out/HP1508501T2D_C19.fastq.gz,
HP1508501T2D_C2,/home/koraop/nob_dir/sc_transcriptomics/fastq_out/HP1508501T2D_C2.fastq.gz,
HP1508501T2D_C20,/home/koraop/nob_dir/sc_transcriptomics/fastq_out/HP1508501T2D_C20.fastq.gz,
HP1508501T2D_C21,/home/koraop/nob_dir/sc_transcriptomics/fastq_out/HP1508501T2D_C21.fastq.gz,
HP1508501T2D_C22,/home/koraop/nob_dir/sc_transcriptomics/fastq_out/HP1508501T2D_C22.fastq.gz,
HP1508501T2D_C23,/home/koraop/nob_dir/sc_transcriptomics/fastq_out/HP1508501T2D_C23.fastq.gz,
HP1508501T2D_C24,/home/koraop/nob_dir/sc_transcriptomics/fastq_out/HP1508501T2D_C24.fastq.gz,
HP1508501T2D_C3,/home/koraop/nob_dir/sc_transcriptomics/fastq_out/HP1508501T2D_C3.fastq.gz,
HP1508501T2D_C4,/home/koraop/nob_dir/sc_transcriptomics/fastq_out/HP1508501T2D_C4.fastq.gz,
HP1508501T2D_C5,/home/koraop/nob_dir/sc_transcriptomics/fastq_out/HP1508501T2D_C5.fastq.gz,
HP1508501T2D_C6,/home/koraop/nob_dir/sc_transcriptomics/fastq_out/HP1508501T2D_C6.fastq.gz,
HP1508501T2D_C7,/home/koraop/nob_dir/sc_transcriptomics/fastq_out/HP1508501T2D_C7.fastq.gz,
HP1508501T2D_C8,/home/koraop/nob_dir/sc_transcriptomics/fastq_out/HP1508501T2D_C8.fastq.gz,
HP1508501T2D_C9,/home/koraop/nob_dir/sc_transcriptomics/fastq_out/HP1508501T2D_C9.fastq.gz,
HP1508501T2D_D1,/home/koraop/nob_dir/sc_transcriptomics/fastq_out/HP1508501T2D_D1.fastq.gz,
HP1508501T2D_D10,/home/koraop/nob_dir/sc_transcriptomics/fastq_out/HP1508501T2D_D10.fastq.gz,
HP1508501T2D_D11,/home/koraop/nob_dir/sc_transcriptomics/fastq_out/HP1508501T2D_D11.fastq.gz,
HP1508501T2D_D12,/home/koraop/nob_dir/sc_transcriptomics/fastq_out/HP1508501T2D_D12.fastq.gz,
HP1508501T2D_D13,/home/koraop/nob_dir/sc_transcriptomics/fastq_out/HP1508501T2D_D13.fastq.gz,
HP1508501T2D_D14,/home/koraop/nob_dir/sc_transcriptomics/fastq_out/HP1508501T2D_D14.fastq.gz,
HP1508501T2D_D15,/home/koraop/nob_dir/sc_transcriptomics/fastq_out/HP1508501T2D_D15.fastq.gz,
HP1508501T2D_D16,/home/koraop/nob_dir/sc_transcriptomics/fastq_out/HP1508501T2D_D16.fastq.gz,
HP1508501T2D_D17,/home/koraop/nob_dir/sc_transcriptomics/fastq_out/HP1508501T2D_D17.fastq.gz,
HP1508501T2D_D18,/home/koraop/nob_dir/sc_transcriptomics/fastq_out/HP1508501T2D_D18.fastq.gz,
HP1508501T2D_D19,/home/koraop/nob_dir/sc_transcriptomics/fastq_out/HP1508501T2D_D19.fastq.gz,
HP1508501T2D_D2,/home/koraop/nob_dir/sc_transcriptomics/fastq_out/HP1508501T2D_D2.fastq.gz,
HP1508501T2D_D20,/home/koraop/nob_dir/sc_transcriptomics/fastq_out/HP1508501T2D_D20.fastq.gz,
HP1508501T2D_D21,/home/koraop/nob_dir/sc_transcriptomics/fastq_out/HP1508501T2D_D21.fastq.gz,
HP1508501T2D_D22,/home/koraop/nob_dir/sc_transcriptomics/fastq_out/HP1508501T2D_D22.fastq.gz,
HP1508501T2D_D23,/home/koraop/nob_dir/sc_transcriptomics/fastq_out/HP1508501T2D_D23.fastq.gz,
HP1508501T2D_D24,/home/koraop/nob_dir/sc_transcriptomics/fastq_out/HP1508501T2D_D24.fastq.gz,
HP1508501T2D_D3,/home/koraop/nob_dir/sc_transcriptomics/fastq_out/HP1508501T2D_D3.fastq.gz,
HP1508501T2D_D4,/home/koraop/nob_dir/sc_transcriptomics/fastq_out/HP1508501T2D_D4.fastq.gz,
HP1508501T2D_D5,/home/koraop/nob_dir/sc_transcriptomics/fastq_out/HP1508501T2D_D5.fastq.gz,
HP1508501T2D_D6,/home/koraop/nob_dir/sc_transcriptomics/fastq_out/HP1508501T2D_D6.fastq.gz,
HP1508501T2D_D7,/home/koraop/nob_dir/sc_transcriptomics/fastq_out/HP1508501T2D_D7.fastq.gz,
HP1508501T2D_D8,/home/koraop/nob_dir/sc_transcriptomics/fastq_out/HP1508501T2D_D8.fastq.gz,
HP1508501T2D_D9,/home/koraop/nob_dir/sc_transcriptomics/fastq_out/HP1508501T2D_D9.fastq.gz,
HP1508501T2D_E1,/home/koraop/nob_dir/sc_transcriptomics/fastq_out/HP1508501T2D_E1.fastq.gz,
HP1508501T2D_E10,/home/koraop/nob_dir/sc_transcriptomics/fastq_out/HP1508501T2D_E10.fastq.gz,
HP1508501T2D_E11,/home/koraop/nob_dir/sc_transcriptomics/fastq_out/HP1508501T2D_E11.fastq.gz,
HP1508501T2D_E12,/home/koraop/nob_dir/sc_transcriptomics/fastq_out/HP1508501T2D_E12.fastq.gz,
HP1508501T2D_E13,/home/koraop/nob_dir/sc_transcriptomics/fastq_out/HP1508501T2D_E13.fastq.gz,
HP1508501T2D_E14,/home/koraop/nob_dir/sc_transcriptomics/fastq_out/HP1508501T2D_E14.fastq.gz,
HP1508501T2D_E15,/home/koraop/nob_dir/sc_transcriptomics/fastq_out/HP1508501T2D_E15.fastq.gz,
HP1508501T2D_E16,/home/koraop/nob_dir/sc_transcriptomics/fastq_out/HP1508501T2D_E16.fastq.gz,
HP1508501T2D_E17,/home/koraop/nob_dir/sc_transcriptomics/fastq_out/HP1508501T2D_E17.fastq.gz,
HP1508501T2D_E18,/home/koraop/nob_dir/sc_transcriptomics/fastq_out/HP1508501T2D_E18.fastq.gz,
HP1508501T2D_E19,/home/koraop/nob_dir/sc_transcriptomics/fastq_out/HP1508501T2D_E19.fastq.gz,
HP1508501T2D_E2,/home/koraop/nob_dir/sc_transcriptomics/fastq_out/HP1508501T2D_E2.fastq.gz,
HP1508501T2D_E20,/home/koraop/nob_dir/sc_transcriptomics/fastq_out/HP1508501T2D_E20.fastq.gz,
HP1508501T2D_E21,/home/koraop/nob_dir/sc_transcriptomics/fastq_out/HP1508501T2D_E21.fastq.gz,
HP1508501T2D_E22,/home/koraop/nob_dir/sc_transcriptomics/fastq_out/HP1508501T2D_E22.fastq.gz,
HP1508501T2D_E23,/home/koraop/nob_dir/sc_transcriptomics/fastq_out/HP1508501T2D_E23.fastq.gz,
HP1508501T2D_E24,/home/koraop/nob_dir/sc_transcriptomics/fastq_out/HP1508501T2D_E24.fastq.gz,
HP1508501T2D_E3,/home/koraop/nob_dir/sc_transcriptomics/fastq_out/HP1508501T2D_E3.fastq.gz,
HP1508501T2D_E4,/home/koraop/nob_dir/sc_transcriptomics/fastq_out/HP1508501T2D_E4.fastq.gz,
HP1508501T2D_E5,/home/koraop/nob_dir/sc_transcriptomics/fastq_out/HP1508501T2D_E5.fastq.gz,
HP1508501T2D_E6,/home/koraop/nob_dir/sc_transcriptomics/fastq_out/HP1508501T2D_E6.fastq.gz,
HP1508501T2D_E7,/home/koraop/nob_dir/sc_transcriptomics/fastq_out/HP1508501T2D_E7.fastq.gz,
HP1508501T2D_E8,/home/koraop/nob_dir/sc_transcriptomics/fastq_out/HP1508501T2D_E8.fastq.gz,
HP1508501T2D_E9,/home/koraop/nob_dir/sc_transcriptomics/fastq_out/HP1508501T2D_E9.fastq.gz,
HP1508501T2D_F1,/home/koraop/nob_dir/sc_transcriptomics/fastq_out/HP1508501T2D_F1.fastq.gz,
HP1508501T2D_F10,/home/koraop/nob_dir/sc_transcriptomics/fastq_out/HP1508501T2D_F10.fastq.gz,
HP1508501T2D_F11,/home/koraop/nob_dir/sc_transcriptomics/fastq_out/HP1508501T2D_F11.fastq.gz,
HP1508501T2D_F12,/home/koraop/nob_dir/sc_transcriptomics/fastq_out/HP1508501T2D_F12.fastq.gz,
HP1508501T2D_F13,/home/koraop/nob_dir/sc_transcriptomics/fastq_out/HP1508501T2D_F13.fastq.gz,
HP1508501T2D_F14,/home/koraop/nob_dir/sc_transcriptomics/fastq_out/HP1508501T2D_F14.fastq.gz,
HP1508501T2D_F15,/home/koraop/nob_dir/sc_transcriptomics/fastq_out/HP1508501T2D_F15.fastq.gz,
HP1508501T2D_F16,/home/koraop/nob_dir/sc_transcriptomics/fastq_out/HP1508501T2D_F16.fastq.gz,
HP1508501T2D_F17,/home/koraop/nob_dir/sc_transcriptomics/fastq_out/HP1508501T2D_F17.fastq.gz,
HP1508501T2D_F18,/home/koraop/nob_dir/sc_transcriptomics/fastq_out/HP1508501T2D_F18.fastq.gz,
HP1508501T2D_F19,/home/koraop/nob_dir/sc_transcriptomics/fastq_out/HP1508501T2D_F19.fastq.gz,
HP1508501T2D_F2,/home/koraop/nob_dir/sc_transcriptomics/fastq_out/HP1508501T2D_F2.fastq.gz,
HP1508501T2D_F20,/home/koraop/nob_dir/sc_transcriptomics/fastq_out/HP1508501T2D_F20.fastq.gz,
HP1508501T2D_F21,/home/koraop/nob_dir/sc_transcriptomics/fastq_out/HP1508501T2D_F21.fastq.gz,
HP1508501T2D_F22,/home/koraop/nob_dir/sc_transcriptomics/fastq_out/HP1508501T2D_F22.fastq.gz,
HP1508501T2D_F23,/home/koraop/nob_dir/sc_transcriptomics/fastq_out/HP1508501T2D_F23.fastq.gz,
HP1508501T2D_F24,/home/koraop/nob_dir/sc_transcriptomics/fastq_out/HP1508501T2D_F24.fastq.gz,
HP1508501T2D_F3,/home/koraop/nob_dir/sc_transcriptomics/fastq_out/HP1508501T2D_F3.fastq.gz,
HP1508501T2D_F4,/home/koraop/nob_dir/sc_transcriptomics/fastq_out/HP1508501T2D_F4.fastq.gz,
HP1508501T2D_F5,/home/koraop/nob_dir/sc_transcriptomics/fastq_out/HP1508501T2D_F5.fastq.gz,
HP1508501T2D_F6,/home/koraop/nob_dir/sc_transcriptomics/fastq_out/HP1508501T2D_F6.fastq.gz,
HP1508501T2D_F7,/home/koraop/nob_dir/sc_transcriptomics/fastq_out/HP1508501T2D_F7.fastq.gz,
HP1508501T2D_F8,/home/koraop/nob_dir/sc_transcriptomics/fastq_out/HP1508501T2D_F8.fastq.gz,
HP1508501T2D_F9,/home/koraop/nob_dir/sc_transcriptomics/fastq_out/HP1508501T2D_F9.fastq.gz,
HP1508501T2D_G1,/home/koraop/nob_dir/sc_transcriptomics/fastq_out/HP1508501T2D_G1.fastq.gz,
HP1508501T2D_G10,/home/koraop/nob_dir/sc_transcriptomics/fastq_out/HP1508501T2D_G10.fastq.gz,
HP1508501T2D_G11,/home/koraop/nob_dir/sc_transcriptomics/fastq_out/HP1508501T2D_G11.fastq.gz,
HP1508501T2D_G12,/home/koraop/nob_dir/sc_transcriptomics/fastq_out/HP1508501T2D_G12.fastq.gz,
HP1508501T2D_G13,/home/koraop/nob_dir/sc_transcriptomics/fastq_out/HP1508501T2D_G13.fastq.gz,
HP1508501T2D_G14,/home/koraop/nob_dir/sc_transcriptomics/fastq_out/HP1508501T2D_G14.fastq.gz,
HP1508501T2D_G15,/home/koraop/nob_dir/sc_transcriptomics/fastq_out/HP1508501T2D_G15.fastq.gz,
HP1508501T2D_G16,/home/koraop/nob_dir/sc_transcriptomics/fastq_out/HP1508501T2D_G16.fastq.gz,
HP1508501T2D_G17,/home/koraop/nob_dir/sc_transcriptomics/fastq_out/HP1508501T2D_G17.fastq.gz,
HP1508501T2D_G18,/home/koraop/nob_dir/sc_transcriptomics/fastq_out/HP1508501T2D_G18.fastq.gz,
HP1508501T2D_G19,/home/koraop/nob_dir/sc_transcriptomics/fastq_out/HP1508501T2D_G19.fastq.gz,
HP1508501T2D_G2,/home/koraop/nob_dir/sc_transcriptomics/fastq_out/HP1508501T2D_G2.fastq.gz,
HP1508501T2D_G20,/home/koraop/nob_dir/sc_transcriptomics/fastq_out/HP1508501T2D_G20.fastq.gz,
HP1508501T2D_G21,/home/koraop/nob_dir/sc_transcriptomics/fastq_out/HP1508501T2D_G21.fastq.gz,
HP1508501T2D_G22,/home/koraop/nob_dir/sc_transcriptomics/fastq_out/HP1508501T2D_G22.fastq.gz,
HP1508501T2D_G23,/home/koraop/nob_dir/sc_transcriptomics/fastq_out/HP1508501T2D_G23.fastq.gz,
HP1508501T2D_G24,/home/koraop/nob_dir/sc_transcriptomics/fastq_out/HP1508501T2D_G24.fastq.gz,
HP1508501T2D_G3,/home/koraop/nob_dir/sc_transcriptomics/fastq_out/HP1508501T2D_G3.fastq.gz,
HP1508501T2D_G4,/home/koraop/nob_dir/sc_transcriptomics/fastq_out/HP1508501T2D_G4.fastq.gz,
HP1508501T2D_G5,/home/koraop/nob_dir/sc_transcriptomics/fastq_out/HP1508501T2D_G5.fastq.gz,
HP1508501T2D_G6,/home/koraop/nob_dir/sc_transcriptomics/fastq_out/HP1508501T2D_G6.fastq.gz,
HP1508501T2D_G7,/home/koraop/nob_dir/sc_transcriptomics/fastq_out/HP1508501T2D_G7.fastq.gz,
HP1508501T2D_G8,/home/koraop/nob_dir/sc_transcriptomics/fastq_out/HP1508501T2D_G8.fastq.gz,
HP1508501T2D_G9,/home/koraop/nob_dir/sc_transcriptomics/fastq_out/HP1508501T2D_G9.fastq.gz,
HP1508501T2D_H1,/home/koraop/nob_dir/sc_transcriptomics/fastq_out/HP1508501T2D_H1.fastq.gz,
HP1508501T2D_H10,/home/koraop/nob_dir/sc_transcriptomics/fastq_out/HP1508501T2D_H10.fastq.gz,
HP1508501T2D_H11,/home/koraop/nob_dir/sc_transcriptomics/fastq_out/HP1508501T2D_H11.fastq.gz,
HP1508501T2D_H12,/home/koraop/nob_dir/sc_transcriptomics/fastq_out/HP1508501T2D_H12.fastq.gz,
HP1508501T2D_H13,/home/koraop/nob_dir/sc_transcriptomics/fastq_out/HP1508501T2D_H13.fastq.gz,
HP1508501T2D_H14,/home/koraop/nob_dir/sc_transcriptomics/fastq_out/HP1508501T2D_H14.fastq.gz,
HP1508501T2D_H15,/home/koraop/nob_dir/sc_transcriptomics/fastq_out/HP1508501T2D_H15.fastq.gz,
HP1508501T2D_H16,/home/koraop/nob_dir/sc_transcriptomics/fastq_out/HP1508501T2D_H16.fastq.gz,
HP1508501T2D_H17,/home/koraop/nob_dir/sc_transcriptomics/fastq_out/HP1508501T2D_H17.fastq.gz,
HP1508501T2D_H18,/home/koraop/nob_dir/sc_transcriptomics/fastq_out/HP1508501T2D_H18.fastq.gz,
HP1508501T2D_H19,/home/koraop/nob_dir/sc_transcriptomics/fastq_out/HP1508501T2D_H19.fastq.gz,
HP1508501T2D_H2,/home/koraop/nob_dir/sc_transcriptomics/fastq_out/HP1508501T2D_H2.fastq.gz,
HP1508501T2D_H20,/home/koraop/nob_dir/sc_transcriptomics/fastq_out/HP1508501T2D_H20.fastq.gz,
HP1508501T2D_H21,/home/koraop/nob_dir/sc_transcriptomics/fastq_out/HP1508501T2D_H21.fastq.gz,
HP1508501T2D_H22,/home/koraop/nob_dir/sc_transcriptomics/fastq_out/HP1508501T2D_H22.fastq.gz,
HP1508501T2D_H23,/home/koraop/nob_dir/sc_transcriptomics/fastq_out/HP1508501T2D_H23.fastq.gz,
HP1508501T2D_H24,/home/koraop/nob_dir/sc_transcriptomics/fastq_out/HP1508501T2D_H24.fastq.gz,
HP1508501T2D_H3,/home/koraop/nob_dir/sc_transcriptomics/fastq_out/HP1508501T2D_H3.fastq.gz,
HP1508501T2D_H4,/home/koraop/nob_dir/sc_transcriptomics/fastq_out/HP1508501T2D_H4.fastq.gz,
HP1508501T2D_H5,/home/koraop/nob_dir/sc_transcriptomics/fastq_out/HP1508501T2D_H5.fastq.gz,
HP1508501T2D_H6,/home/koraop/nob_dir/sc_transcriptomics/fastq_out/HP1508501T2D_H6.fastq.gz,
HP1508501T2D_H7,/home/koraop/nob_dir/sc_transcriptomics/fastq_out/HP1508501T2D_H7.fastq.gz,
HP1508501T2D_H8,/home/koraop/nob_dir/sc_transcriptomics/fastq_out/HP1508501T2D_H8.fastq.gz,
HP1508501T2D_H9,/home/koraop/nob_dir/sc_transcriptomics/fastq_out/HP1508501T2D_H9.fastq.gz,
HP1508501T2D_I1,/home/koraop/nob_dir/sc_transcriptomics/fastq_out/HP1508501T2D_I1.fastq.gz,
HP1508501T2D_I10,/home/koraop/nob_dir/sc_transcriptomics/fastq_out/HP1508501T2D_I10.fastq.gz,
HP1508501T2D_I11,/home/koraop/nob_dir/sc_transcriptomics/fastq_out/HP1508501T2D_I11.fastq.gz,
HP1508501T2D_I12,/home/koraop/nob_dir/sc_transcriptomics/fastq_out/HP1508501T2D_I12.fastq.gz,
HP1508501T2D_I13,/home/koraop/nob_dir/sc_transcriptomics/fastq_out/HP1508501T2D_I13.fastq.gz,
HP1508501T2D_I14,/home/koraop/nob_dir/sc_transcriptomics/fastq_out/HP1508501T2D_I14.fastq.gz,
HP1508501T2D_I15,/home/koraop/nob_dir/sc_transcriptomics/fastq_out/HP1508501T2D_I15.fastq.gz,
HP1508501T2D_I16,/home/koraop/nob_dir/sc_transcriptomics/fastq_out/HP1508501T2D_I16.fastq.gz,
HP1508501T2D_I17,/home/koraop/nob_dir/sc_transcriptomics/fastq_out/HP1508501T2D_I17.fastq.gz,
HP1508501T2D_I18,/home/koraop/nob_dir/sc_transcriptomics/fastq_out/HP1508501T2D_I18.fastq.gz,
HP1508501T2D_I19,/home/koraop/nob_dir/sc_transcriptomics/fastq_out/HP1508501T2D_I19.fastq.gz,
HP1508501T2D_I2,/home/koraop/nob_dir/sc_transcriptomics/fastq_out/HP1508501T2D_I2.fastq.gz,
HP1508501T2D_I20,/home/koraop/nob_dir/sc_transcriptomics/fastq_out/HP1508501T2D_I20.fastq.gz,
HP1508501T2D_I21,/home/koraop/nob_dir/sc_transcriptomics/fastq_out/HP1508501T2D_I21.fastq.gz,
HP1508501T2D_I22,/home/koraop/nob_dir/sc_transcriptomics/fastq_out/HP1508501T2D_I22.fastq.gz,
HP1508501T2D_I23,/home/koraop/nob_dir/sc_transcriptomics/fastq_out/HP1508501T2D_I23.fastq.gz,
HP1508501T2D_I24,/home/koraop/nob_dir/sc_transcriptomics/fastq_out/HP1508501T2D_I24.fastq.gz,
HP1508501T2D_I3,/home/koraop/nob_dir/sc_transcriptomics/fastq_out/HP1508501T2D_I3.fastq.gz,
HP1508501T2D_I4,/home/koraop/nob_dir/sc_transcriptomics/fastq_out/HP1508501T2D_I4.fastq.gz,
HP1508501T2D_I5,/home/koraop/nob_dir/sc_transcriptomics/fastq_out/HP1508501T2D_I5.fastq.gz,
HP1508501T2D_I6,/home/koraop/nob_dir/sc_transcriptomics/fastq_out/HP1508501T2D_I6.fastq.gz,
HP1508501T2D_I7,/home/koraop/nob_dir/sc_transcriptomics/fastq_out/HP1508501T2D_I7.fastq.gz,
HP1508501T2D_I8,/home/koraop/nob_dir/sc_transcriptomics/fastq_out/HP1508501T2D_I8.fastq.gz,
HP1508501T2D_I9,/home/koraop/nob_dir/sc_transcriptomics/fastq_out/HP1508501T2D_I9.fastq.gz,
HP1508501T2D_J1,/home/koraop/nob_dir/sc_transcriptomics/fastq_out/HP1508501T2D_J1.fastq.gz,
HP1508501T2D_J10,/home/koraop/nob_dir/sc_transcriptomics/fastq_out/HP1508501T2D_J10.fastq.gz,
HP1508501T2D_J11,/home/koraop/nob_dir/sc_transcriptomics/fastq_out/HP1508501T2D_J11.fastq.gz,
HP1508501T2D_J12,/home/koraop/nob_dir/sc_transcriptomics/fastq_out/HP1508501T2D_J12.fastq.gz,
HP1508501T2D_J13,/home/koraop/nob_dir/sc_transcriptomics/fastq_out/HP1508501T2D_J13.fastq.gz,
HP1508501T2D_J14,/home/koraop/nob_dir/sc_transcriptomics/fastq_out/HP1508501T2D_J14.fastq.gz,
HP1508501T2D_J15,/home/koraop/nob_dir/sc_transcriptomics/fastq_out/HP1508501T2D_J15.fastq.gz,
HP1508501T2D_J16,/home/koraop/nob_dir/sc_transcriptomics/fastq_out/HP1508501T2D_J16.fastq.gz,
HP1508501T2D_J17,/home/koraop/nob_dir/sc_transcriptomics/fastq_out/HP1508501T2D_J17.fastq.gz,
HP1508501T2D_J18,/home/koraop/nob_dir/sc_transcriptomics/fastq_out/HP1508501T2D_J18.fastq.gz,
HP1508501T2D_J19,/home/koraop/nob_dir/sc_transcriptomics/fastq_out/HP1508501T2D_J19.fastq.gz,
HP1508501T2D_J2,/home/koraop/nob_dir/sc_transcriptomics/fastq_out/HP1508501T2D_J2.fastq.gz,
HP1508501T2D_J20,/home/koraop/nob_dir/sc_transcriptomics/fastq_out/HP1508501T2D_J20.fastq.gz,
HP1508501T2D_J21,/home/koraop/nob_dir/sc_transcriptomics/fastq_out/HP1508501T2D_J21.fastq.gz,
HP1508501T2D_J22,/home/koraop/nob_dir/sc_transcriptomics/fastq_out/HP1508501T2D_J22.fastq.gz,
HP1508501T2D_J23,/home/koraop/nob_dir/sc_transcriptomics/fastq_out/HP1508501T2D_J23.fastq.gz,
HP1508501T2D_J24,/home/koraop/nob_dir/sc_transcriptomics/fastq_out/HP1508501T2D_J24.fastq.gz,
HP1508501T2D_J3,/home/koraop/nob_dir/sc_transcriptomics/fastq_out/HP1508501T2D_J3.fastq.gz,
HP1508501T2D_J4,/home/koraop/nob_dir/sc_transcriptomics/fastq_out/HP1508501T2D_J4.fastq.gz,
HP1508501T2D_J5,/home/koraop/nob_dir/sc_transcriptomics/fastq_out/HP1508501T2D_J5.fastq.gz,
HP1508501T2D_J6,/home/koraop/nob_dir/sc_transcriptomics/fastq_out/HP1508501T2D_J6.fastq.gz,
HP1508501T2D_J7,/home/koraop/nob_dir/sc_transcriptomics/fastq_out/HP1508501T2D_J7.fastq.gz,
HP1508501T2D_J8,/home/koraop/nob_dir/sc_transcriptomics/fastq_out/HP1508501T2D_J8.fastq.gz,
HP1508501T2D_J9,/home/koraop/nob_dir/sc_transcriptomics/fastq_out/HP1508501T2D_J9.fastq.gz,
HP1508501T2D_K1,/home/koraop/nob_dir/sc_transcriptomics/fastq_out/HP1508501T2D_K1.fastq.gz,
HP1508501T2D_K10,/home/koraop/nob_dir/sc_transcriptomics/fastq_out/HP1508501T2D_K10.fastq.gz,
HP1508501T2D_K11,/home/koraop/nob_dir/sc_transcriptomics/fastq_out/HP1508501T2D_K11.fastq.gz,
HP1508501T2D_K12,/home/koraop/nob_dir/sc_transcriptomics/fastq_out/HP1508501T2D_K12.fastq.gz,
HP1508501T2D_K13,/home/koraop/nob_dir/sc_transcriptomics/fastq_out/HP1508501T2D_K13.fastq.gz,
HP1508501T2D_K14,/home/koraop/nob_dir/sc_transcriptomics/fastq_out/HP1508501T2D_K14.fastq.gz,
HP1508501T2D_K15,/home/koraop/nob_dir/sc_transcriptomics/fastq_out/HP1508501T2D_K15.fastq.gz,
HP1508501T2D_K16,/home/koraop/nob_dir/sc_transcriptomics/fastq_out/HP1508501T2D_K16.fastq.gz,
HP1508501T2D_K17,/home/koraop/nob_dir/sc_transcriptomics/fastq_out/HP1508501T2D_K17.fastq.gz,
HP1508501T2D_K18,/home/koraop/nob_dir/sc_transcriptomics/fastq_out/HP1508501T2D_K18.fastq.gz,
HP1508501T2D_K19,/home/koraop/nob_dir/sc_transcriptomics/fastq_out/HP1508501T2D_K19.fastq.gz,
HP1508501T2D_K2,/home/koraop/nob_dir/sc_transcriptomics/fastq_out/HP1508501T2D_K2.fastq.gz,
HP1508501T2D_K20,/home/koraop/nob_dir/sc_transcriptomics/fastq_out/HP1508501T2D_K20.fastq.gz,
HP1508501T2D_K21,/home/koraop/nob_dir/sc_transcriptomics/fastq_out/HP1508501T2D_K21.fastq.gz,
HP1508501T2D_K22,/home/koraop/nob_dir/sc_transcriptomics/fastq_out/HP1508501T2D_K22.fastq.gz,
HP1508501T2D_K23,/home/koraop/nob_dir/sc_transcriptomics/fastq_out/HP1508501T2D_K23.fastq.gz,
HP1508501T2D_K24,/home/koraop/nob_dir/sc_transcriptomics/fastq_out/HP1508501T2D_K24.fastq.gz,
HP1508501T2D_K3,/home/koraop/nob_dir/sc_transcriptomics/fastq_out/HP1508501T2D_K3.fastq.gz,
HP1508501T2D_K4,/home/koraop/nob_dir/sc_transcriptomics/fastq_out/HP1508501T2D_K4.fastq.gz,
HP1508501T2D_K5,/home/koraop/nob_dir/sc_transcriptomics/fastq_out/HP1508501T2D_K5.fastq.gz,
HP1508501T2D_K6,/home/koraop/nob_dir/sc_transcriptomics/fastq_out/HP1508501T2D_K6.fastq.gz,
HP1508501T2D_K7,/home/koraop/nob_dir/sc_transcriptomics/fastq_out/HP1508501T2D_K7.fastq.gz,
HP1508501T2D_K8,/home/koraop/nob_dir/sc_transcriptomics/fastq_out/HP1508501T2D_K8.fastq.gz,
HP1508501T2D_K9,/home/koraop/nob_dir/sc_transcriptomics/fastq_out/HP1508501T2D_K9.fastq.gz,
HP1508501T2D_L1,/home/koraop/nob_dir/sc_transcriptomics/fastq_out/HP1508501T2D_L1.fastq.gz,
HP1508501T2D_L10,/home/koraop/nob_dir/sc_transcriptomics/fastq_out/HP1508501T2D_L10.fastq.gz,
HP1508501T2D_L11,/home/koraop/nob_dir/sc_transcriptomics/fastq_out/HP1508501T2D_L11.fastq.gz,
HP1508501T2D_L12,/home/koraop/nob_dir/sc_transcriptomics/fastq_out/HP1508501T2D_L12.fastq.gz,
HP1508501T2D_L13,/home/koraop/nob_dir/sc_transcriptomics/fastq_out/HP1508501T2D_L13.fastq.gz,
HP1508501T2D_L14,/home/koraop/nob_dir/sc_transcriptomics/fastq_out/HP1508501T2D_L14.fastq.gz,
HP1508501T2D_L15,/home/koraop/nob_dir/sc_transcriptomics/fastq_out/HP1508501T2D_L15.fastq.gz,
HP1508501T2D_L16,/home/koraop/nob_dir/sc_transcriptomics/fastq_out/HP1508501T2D_L16.fastq.gz,
HP1508501T2D_L17,/home/koraop/nob_dir/sc_transcriptomics/fastq_out/HP1508501T2D_L17.fastq.gz,
HP1508501T2D_L18,/home/koraop/nob_dir/sc_transcriptomics/fastq_out/HP1508501T2D_L18.fastq.gz,
HP1508501T2D_L19,/home/koraop/nob_dir/sc_transcriptomics/fastq_out/HP1508501T2D_L19.fastq.gz,
HP1508501T2D_L2,/home/koraop/nob_dir/sc_transcriptomics/fastq_out/HP1508501T2D_L2.fastq.gz,
HP1508501T2D_L20,/home/koraop/nob_dir/sc_transcriptomics/fastq_out/HP1508501T2D_L20.fastq.gz,
HP1508501T2D_L21,/home/koraop/nob_dir/sc_transcriptomics/fastq_out/HP1508501T2D_L21.fastq.gz,
HP1508501T2D_L22,/home/koraop/nob_dir/sc_transcriptomics/fastq_out/HP1508501T2D_L22.fastq.gz,
HP1508501T2D_L23,/home/koraop/nob_dir/sc_transcriptomics/fastq_out/HP1508501T2D_L23.fastq.gz,
HP1508501T2D_L24,/home/koraop/nob_dir/sc_transcriptomics/fastq_out/HP1508501T2D_L24.fastq.gz,
HP1508501T2D_L3,/home/koraop/nob_dir/sc_transcriptomics/fastq_out/HP1508501T2D_L3.fastq.gz,
HP1508501T2D_L4,/home/koraop/nob_dir/sc_transcriptomics/fastq_out/HP1508501T2D_L4.fastq.gz,
HP1508501T2D_L5,/home/koraop/nob_dir/sc_transcriptomics/fastq_out/HP1508501T2D_L5.fastq.gz,
HP1508501T2D_L6,/home/koraop/nob_dir/sc_transcriptomics/fastq_out/HP1508501T2D_L6.fastq.gz,
HP1508501T2D_L7,/home/koraop/nob_dir/sc_transcriptomics/fastq_out/HP1508501T2D_L7.fastq.gz,
HP1508501T2D_L8,/home/koraop/nob_dir/sc_transcriptomics/fastq_out/HP1508501T2D_L8.fastq.gz,
HP1508501T2D_L9,/home/koraop/nob_dir/sc_transcriptomics/fastq_out/HP1508501T2D_L9.fastq.gz,
HP1508501T2D_M1,/home/koraop/nob_dir/sc_transcriptomics/fastq_out/HP1508501T2D_M1.fastq.gz,
HP1508501T2D_M10,/home/koraop/nob_dir/sc_transcriptomics/fastq_out/HP1508501T2D_M10.fastq.gz,
HP1508501T2D_M11,/home/koraop/nob_dir/sc_transcriptomics/fastq_out/HP1508501T2D_M11.fastq.gz,
HP1508501T2D_M12,/home/koraop/nob_dir/sc_transcriptomics/fastq_out/HP1508501T2D_M12.fastq.gz,
HP1508501T2D_M13,/home/koraop/nob_dir/sc_transcriptomics/fastq_out/HP1508501T2D_M13.fastq.gz,
HP1508501T2D_M14,/home/koraop/nob_dir/sc_transcriptomics/fastq_out/HP1508501T2D_M14.fastq.gz,
HP1508501T2D_M15,/home/koraop/nob_dir/sc_transcriptomics/fastq_out/HP1508501T2D_M15.fastq.gz,
HP1508501T2D_M16,/home/koraop/nob_dir/sc_transcriptomics/fastq_out/HP1508501T2D_M16.fastq.gz,
HP1508501T2D_M17,/home/koraop/nob_dir/sc_transcriptomics/fastq_out/HP1508501T2D_M17.fastq.gz,
HP1508501T2D_M18,/home/koraop/nob_dir/sc_transcriptomics/fastq_out/HP1508501T2D_M18.fastq.gz,
HP1508501T2D_M19,/home/koraop/nob_dir/sc_transcriptomics/fastq_out/HP1508501T2D_M19.fastq.gz,
HP1508501T2D_M2,/home/koraop/nob_dir/sc_transcriptomics/fastq_out/HP1508501T2D_M2.fastq.gz,
HP1508501T2D_M20,/home/koraop/nob_dir/sc_transcriptomics/fastq_out/HP1508501T2D_M20.fastq.gz,
HP1508501T2D_M21,/home/koraop/nob_dir/sc_transcriptomics/fastq_out/HP1508501T2D_M21.fastq.gz,
HP1508501T2D_M22,/home/koraop/nob_dir/sc_transcriptomics/fastq_out/HP1508501T2D_M22.fastq.gz,
HP1508501T2D_M23,/home/koraop/nob_dir/sc_transcriptomics/fastq_out/HP1508501T2D_M23.fastq.gz,
HP1508501T2D_M24,/home/koraop/nob_dir/sc_transcriptomics/fastq_out/HP1508501T2D_M24.fastq.gz,
HP1508501T2D_M3,/home/koraop/nob_dir/sc_transcriptomics/fastq_out/HP1508501T2D_M3.fastq.gz,
HP1508501T2D_M4,/home/koraop/nob_dir/sc_transcriptomics/fastq_out/HP1508501T2D_M4.fastq.gz,
HP1508501T2D_M5,/home/koraop/nob_dir/sc_transcriptomics/fastq_out/HP1508501T2D_M5.fastq.gz,
HP1508501T2D_M6,/home/koraop/nob_dir/sc_transcriptomics/fastq_out/HP1508501T2D_M6.fastq.gz,
HP1508501T2D_M7,/home/koraop/nob_dir/sc_transcriptomics/fastq_out/HP1508501T2D_M7.fastq.gz,
HP1508501T2D_M8,/home/koraop/nob_dir/sc_transcriptomics/fastq_out/HP1508501T2D_M8.fastq.gz,
HP1508501T2D_M9,/home/koraop/nob_dir/sc_transcriptomics/fastq_out/HP1508501T2D_M9.fastq.gz,
HP1508501T2D_N1,/home/koraop/nob_dir/sc_transcriptomics/fastq_out/HP1508501T2D_N1.fastq.gz,
HP1508501T2D_N10,/home/koraop/nob_dir/sc_transcriptomics/fastq_out/HP1508501T2D_N10.fastq.gz,
HP1508501T2D_N11,/home/koraop/nob_dir/sc_transcriptomics/fastq_out/HP1508501T2D_N11.fastq.gz,
HP1508501T2D_N12,/home/koraop/nob_dir/sc_transcriptomics/fastq_out/HP1508501T2D_N12.fastq.gz,
HP1508501T2D_N13,/home/koraop/nob_dir/sc_transcriptomics/fastq_out/HP1508501T2D_N13.fastq.gz,
HP1508501T2D_N14,/home/koraop/nob_dir/sc_transcriptomics/fastq_out/HP1508501T2D_N14.fastq.gz,
HP1508501T2D_N15,/home/koraop/nob_dir/sc_transcriptomics/fastq_out/HP1508501T2D_N15.fastq.gz,
HP1508501T2D_N16,/home/koraop/nob_dir/sc_transcriptomics/fastq_out/HP1508501T2D_N16.fastq.gz,
HP1508501T2D_N17,/home/koraop/nob_dir/sc_transcriptomics/fastq_out/HP1508501T2D_N17.fastq.gz,
HP1508501T2D_N18,/home/koraop/nob_dir/sc_transcriptomics/fastq_out/HP1508501T2D_N18.fastq.gz,
HP1508501T2D_N19,/home/koraop/nob_dir/sc_transcriptomics/fastq_out/HP1508501T2D_N19.fastq.gz,
HP1508501T2D_N2,/home/koraop/nob_dir/sc_transcriptomics/fastq_out/HP1508501T2D_N2.fastq.gz,
HP1508501T2D_N20,/home/koraop/nob_dir/sc_transcriptomics/fastq_out/HP1508501T2D_N20.fastq.gz,
HP1508501T2D_N21,/home/koraop/nob_dir/sc_transcriptomics/fastq_out/HP1508501T2D_N21.fastq.gz,
HP1508501T2D_N22,/home/koraop/nob_dir/sc_transcriptomics/fastq_out/HP1508501T2D_N22.fastq.gz,
HP1508501T2D_N23,/home/koraop/nob_dir/sc_transcriptomics/fastq_out/HP1508501T2D_N23.fastq.gz,
HP1508501T2D_N24,/home/koraop/nob_dir/sc_transcriptomics/fastq_out/HP1508501T2D_N24.fastq.gz,
HP1508501T2D_N3,/home/koraop/nob_dir/sc_transcriptomics/fastq_out/HP1508501T2D_N3.fastq.gz,
HP1508501T2D_N4,/home/koraop/nob_dir/sc_transcriptomics/fastq_out/HP1508501T2D_N4.fastq.gz,
HP1508501T2D_N5,/home/koraop/nob_dir/sc_transcriptomics/fastq_out/HP1508501T2D_N5.fastq.gz,
HP1508501T2D_N6,/home/koraop/nob_dir/sc_transcriptomics/fastq_out/HP1508501T2D_N6.fastq.gz,
HP1508501T2D_N7,/home/koraop/nob_dir/sc_transcriptomics/fastq_out/HP1508501T2D_N7.fastq.gz,
HP1508501T2D_N8,/home/koraop/nob_dir/sc_transcriptomics/fastq_out/HP1508501T2D_N8.fastq.gz,
HP1508501T2D_N9,/home/koraop/nob_dir/sc_transcriptomics/fastq_out/HP1508501T2D_N9.fastq.gz,
HP1508501T2D_O1,/home/koraop/nob_dir/sc_transcriptomics/fastq_out/HP1508501T2D_O1.fastq.gz,
HP1508501T2D_O10,/home/koraop/nob_dir/sc_transcriptomics/fastq_out/HP1508501T2D_O10.fastq.gz,
HP1508501T2D_O11,/home/koraop/nob_dir/sc_transcriptomics/fastq_out/HP1508501T2D_O11.fastq.gz,
HP1508501T2D_O12,/home/koraop/nob_dir/sc_transcriptomics/fastq_out/HP1508501T2D_O12.fastq.gz,
HP1508501T2D_O13,/home/koraop/nob_dir/sc_transcriptomics/fastq_out/HP1508501T2D_O13.fastq.gz,
HP1508501T2D_O14,/home/koraop/nob_dir/sc_transcriptomics/fastq_out/HP1508501T2D_O14.fastq.gz,
HP1508501T2D_O15,/home/koraop/nob_dir/sc_transcriptomics/fastq_out/HP1508501T2D_O15.fastq.gz,
HP1508501T2D_O16,/home/koraop/nob_dir/sc_transcriptomics/fastq_out/HP1508501T2D_O16.fastq.gz,
HP1508501T2D_O17,/home/koraop/nob_dir/sc_transcriptomics/fastq_out/HP1508501T2D_O17.fastq.gz,
HP1508501T2D_O18,/home/koraop/nob_dir/sc_transcriptomics/fastq_out/HP1508501T2D_O18.fastq.gz,
HP1508501T2D_O19,/home/koraop/nob_dir/sc_transcriptomics/fastq_out/HP1508501T2D_O19.fastq.gz,
HP1508501T2D_O2,/home/koraop/nob_dir/sc_transcriptomics/fastq_out/HP1508501T2D_O2.fastq.gz,
HP1508501T2D_O20,/home/koraop/nob_dir/sc_transcriptomics/fastq_out/HP1508501T2D_O20.fastq.gz,
HP1508501T2D_O21,/home/koraop/nob_dir/sc_transcriptomics/fastq_out/HP1508501T2D_O21.fastq.gz,
HP1508501T2D_O22,/home/koraop/nob_dir/sc_transcriptomics/fastq_out/HP1508501T2D_O22.fastq.gz,
HP1508501T2D_O23,/home/koraop/nob_dir/sc_transcriptomics/fastq_out/HP1508501T2D_O23.fastq.gz,
HP1508501T2D_O24,/home/koraop/nob_dir/sc_transcriptomics/fastq_out/HP1508501T2D_O24.fastq.gz,
HP1508501T2D_O3,/home/koraop/nob_dir/sc_transcriptomics/fastq_out/HP1508501T2D_O3.fastq.gz,
HP1508501T2D_O4,/home/koraop/nob_dir/sc_transcriptomics/fastq_out/HP1508501T2D_O4.fastq.gz,
HP1508501T2D_O5,/home/koraop/nob_dir/sc_transcriptomics/fastq_out/HP1508501T2D_O5.fastq.gz,
HP1508501T2D_O6,/home/koraop/nob_dir/sc_transcriptomics/fastq_out/HP1508501T2D_O6.fastq.gz,
HP1508501T2D_O7,/home/koraop/nob_dir/sc_transcriptomics/fastq_out/HP1508501T2D_O7.fastq.gz,
HP1508501T2D_O8,/home/koraop/nob_dir/sc_transcriptomics/fastq_out/HP1508501T2D_O8.fastq.gz,
HP1508501T2D_O9,/home/koraop/nob_dir/sc_transcriptomics/fastq_out/HP1508501T2D_O9.fastq.gz,
HP1508501T2D_P1,/home/koraop/nob_dir/sc_transcriptomics/fastq_out/HP1508501T2D_P1.fastq.gz,
HP1508501T2D_P10,/home/koraop/nob_dir/sc_transcriptomics/fastq_out/HP1508501T2D_P10.fastq.gz,
HP1508501T2D_P11,/home/koraop/nob_dir/sc_transcriptomics/fastq_out/HP1508501T2D_P11.fastq.gz,
HP1508501T2D_P12,/home/koraop/nob_dir/sc_transcriptomics/fastq_out/HP1508501T2D_P12.fastq.gz,
HP1508501T2D_P14,/home/koraop/nob_dir/sc_transcriptomics/fastq_out/HP1508501T2D_P14.fastq.gz,
HP1508501T2D_P15,/home/koraop/nob_dir/sc_transcriptomics/fastq_out/HP1508501T2D_P15.fastq.gz,
HP1508501T2D_P16,/home/koraop/nob_dir/sc_transcriptomics/fastq_out/HP1508501T2D_P16.fastq.gz,
HP1508501T2D_P17,/home/koraop/nob_dir/sc_transcriptomics/fastq_out/HP1508501T2D_P17.fastq.gz,
HP1508501T2D_P18,/home/koraop/nob_dir/sc_transcriptomics/fastq_out/HP1508501T2D_P18.fastq.gz,
HP1508501T2D_P19,/home/koraop/nob_dir/sc_transcriptomics/fastq_out/HP1508501T2D_P19.fastq.gz,
HP1508501T2D_P2,/home/koraop/nob_dir/sc_transcriptomics/fastq_out/HP1508501T2D_P2.fastq.gz,
HP1508501T2D_P20,/home/koraop/nob_dir/sc_transcriptomics/fastq_out/HP1508501T2D_P20.fastq.gz,
HP1508501T2D_P21,/home/koraop/nob_dir/sc_transcriptomics/fastq_out/HP1508501T2D_P21.fastq.gz,
HP1508501T2D_P22,/home/koraop/nob_dir/sc_transcriptomics/fastq_out/HP1508501T2D_P22.fastq.gz,
HP1508501T2D_P23,/home/koraop/nob_dir/sc_transcriptomics/fastq_out/HP1508501T2D_P23.fastq.gz,
HP1508501T2D_P24,/home/koraop/nob_dir/sc_transcriptomics/fastq_out/HP1508501T2D_P24.fastq.gz,
HP1508501T2D_P3,/home/koraop/nob_dir/sc_transcriptomics/fastq_out/HP1508501T2D_P3.fastq.gz,
HP1508501T2D_P4,/home/koraop/nob_dir/sc_transcriptomics/fastq_out/HP1508501T2D_P4.fastq.gz,
HP1508501T2D_P5,/home/koraop/nob_dir/sc_transcriptomics/fastq_out/HP1508501T2D_P5.fastq.gz,
HP1508501T2D_P6,/home/koraop/nob_dir/sc_transcriptomics/fastq_out/HP1508501T2D_P6.fastq.gz,
HP1508501T2D_P7,/home/koraop/nob_dir/sc_transcriptomics/fastq_out/HP1508501T2D_P7.fastq.gz,
HP1508501T2D_P8,/home/koraop/nob_dir/sc_transcriptomics/fastq_out/HP1508501T2D_P8.fastq.gz,
HP1508501T2D_P9,/home/koraop/nob_dir/sc_transcriptomics/fastq_out/HP1508501T2D_P9.fastq.gz,
HP1509101_A1,/home/koraop/nob_dir/sc_transcriptomics/fastq_out/HP1509101_A1.fastq.gz,
HP1509101_A10,/home/koraop/nob_dir/sc_transcriptomics/fastq_out/HP1509101_A10.fastq.gz,
HP1509101_A11,/home/koraop/nob_dir/sc_transcriptomics/fastq_out/HP1509101_A11.fastq.gz,
HP1509101_A12,/home/koraop/nob_dir/sc_transcriptomics/fastq_out/HP1509101_A12.fastq.gz,
HP1509101_A13,/home/koraop/nob_dir/sc_transcriptomics/fastq_out/HP1509101_A13.fastq.gz,
HP1509101_A14,/home/koraop/nob_dir/sc_transcriptomics/fastq_out/HP1509101_A14.fastq.gz,
HP1509101_A15,/home/koraop/nob_dir/sc_transcriptomics/fastq_out/HP1509101_A15.fastq.gz,
HP1509101_A16,/home/koraop/nob_dir/sc_transcriptomics/fastq_out/HP1509101_A16.fastq.gz,
HP1509101_A17,/home/koraop/nob_dir/sc_transcriptomics/fastq_out/HP1509101_A17.fastq.gz,
HP1509101_A18,/home/koraop/nob_dir/sc_transcriptomics/fastq_out/HP1509101_A18.fastq.gz,
HP1509101_A19,/home/koraop/nob_dir/sc_transcriptomics/fastq_out/HP1509101_A19.fastq.gz,
HP1509101_A2,/home/koraop/nob_dir/sc_transcriptomics/fastq_out/HP1509101_A2.fastq.gz,
HP1509101_A20,/home/koraop/nob_dir/sc_transcriptomics/fastq_out/HP1509101_A20.fastq.gz,
HP1509101_A21,/home/koraop/nob_dir/sc_transcriptomics/fastq_out/HP1509101_A21.fastq.gz,
HP1509101_A22,/home/koraop/nob_dir/sc_transcriptomics/fastq_out/HP1509101_A22.fastq.gz,
HP1509101_A23,/home/koraop/nob_dir/sc_transcriptomics/fastq_out/HP1509101_A23.fastq.gz,
HP1509101_A24,/home/koraop/nob_dir/sc_transcriptomics/fastq_out/HP1509101_A24.fastq.gz,
HP1509101_A3,/home/koraop/nob_dir/sc_transcriptomics/fastq_out/HP1509101_A3.fastq.gz,
HP1509101_A4,/home/koraop/nob_dir/sc_transcriptomics/fastq_out/HP1509101_A4.fastq.gz,
HP1509101_A5,/home/koraop/nob_dir/sc_transcriptomics/fastq_out/HP1509101_A5.fastq.gz,
HP1509101_A6,/home/koraop/nob_dir/sc_transcriptomics/fastq_out/HP1509101_A6.fastq.gz,
HP1509101_A7,/home/koraop/nob_dir/sc_transcriptomics/fastq_out/HP1509101_A7.fastq.gz,
HP1509101_A8,/home/koraop/nob_dir/sc_transcriptomics/fastq_out/HP1509101_A8.fastq.gz,
HP1509101_A9,/home/koraop/nob_dir/sc_transcriptomics/fastq_out/HP1509101_A9.fastq.gz,
HP1509101_B1,/home/koraop/nob_dir/sc_transcriptomics/fastq_out/HP1509101_B1.fastq.gz,
HP1509101_B10,/home/koraop/nob_dir/sc_transcriptomics/fastq_out/HP1509101_B10.fastq.gz,
HP1509101_B11,/home/koraop/nob_dir/sc_transcriptomics/fastq_out/HP1509101_B11.fastq.gz,
HP1509101_B12,/home/koraop/nob_dir/sc_transcriptomics/fastq_out/HP1509101_B12.fastq.gz,
HP1509101_B13,/home/koraop/nob_dir/sc_transcriptomics/fastq_out/HP1509101_B13.fastq.gz,
HP1509101_B14,/home/koraop/nob_dir/sc_transcriptomics/fastq_out/HP1509101_B14.fastq.gz,
HP1509101_B15,/home/koraop/nob_dir/sc_transcriptomics/fastq_out/HP1509101_B15.fastq.gz,
HP1509101_B16,/home/koraop/nob_dir/sc_transcriptomics/fastq_out/HP1509101_B16.fastq.gz,
HP1509101_B17,/home/koraop/nob_dir/sc_transcriptomics/fastq_out/HP1509101_B17.fastq.gz,
HP1509101_B18,/home/koraop/nob_dir/sc_transcriptomics/fastq_out/HP1509101_B18.fastq.gz,
HP1509101_B19,/home/koraop/nob_dir/sc_transcriptomics/fastq_out/HP1509101_B19.fastq.gz,
HP1509101_B2,/home/koraop/nob_dir/sc_transcriptomics/fastq_out/HP1509101_B2.fastq.gz,
HP1509101_B20,/home/koraop/nob_dir/sc_transcriptomics/fastq_out/HP1509101_B20.fastq.gz,
HP1509101_B21,/home/koraop/nob_dir/sc_transcriptomics/fastq_out/HP1509101_B21.fastq.gz,
HP1509101_B22,/home/koraop/nob_dir/sc_transcriptomics/fastq_out/HP1509101_B22.fastq.gz,
HP1509101_B23,/home/koraop/nob_dir/sc_transcriptomics/fastq_out/HP1509101_B23.fastq.gz,
HP1509101_B24,/home/koraop/nob_dir/sc_transcriptomics/fastq_out/HP1509101_B24.fastq.gz,
HP1509101_B3,/home/koraop/nob_dir/sc_transcriptomics/fastq_out/HP1509101_B3.fastq.gz,
HP1509101_B4,/home/koraop/nob_dir/sc_transcriptomics/fastq_out/HP1509101_B4.fastq.gz,
HP1509101_B5,/home/koraop/nob_dir/sc_transcriptomics/fastq_out/HP1509101_B5.fastq.gz,
HP1509101_B6,/home/koraop/nob_dir/sc_transcriptomics/fastq_out/HP1509101_B6.fastq.gz,
HP1509101_B7,/home/koraop/nob_dir/sc_transcriptomics/fastq_out/HP1509101_B7.fastq.gz,
HP1509101_B8,/home/koraop/nob_dir/sc_transcriptomics/fastq_out/HP1509101_B8.fastq.gz,
HP1509101_B9,/home/koraop/nob_dir/sc_transcriptomics/fastq_out/HP1509101_B9.fastq.gz,
HP1509101_C1,/home/koraop/nob_dir/sc_transcriptomics/fastq_out/HP1509101_C1.fastq.gz,
HP1509101_C10,/home/koraop/nob_dir/sc_transcriptomics/fastq_out/HP1509101_C10.fastq.gz,
HP1509101_C11,/home/koraop/nob_dir/sc_transcriptomics/fastq_out/HP1509101_C11.fastq.gz,
HP1509101_C12,/home/koraop/nob_dir/sc_transcriptomics/fastq_out/HP1509101_C12.fastq.gz,
HP1509101_C13,/home/koraop/nob_dir/sc_transcriptomics/fastq_out/HP1509101_C13.fastq.gz,
HP1509101_C14,/home/koraop/nob_dir/sc_transcriptomics/fastq_out/HP1509101_C14.fastq.gz,
HP1509101_C15,/home/koraop/nob_dir/sc_transcriptomics/fastq_out/HP1509101_C15.fastq.gz,
HP1509101_C16,/home/koraop/nob_dir/sc_transcriptomics/fastq_out/HP1509101_C16.fastq.gz,
HP1509101_C17,/home/koraop/nob_dir/sc_transcriptomics/fastq_out/HP1509101_C17.fastq.gz,
HP1509101_C18,/home/koraop/nob_dir/sc_transcriptomics/fastq_out/HP1509101_C18.fastq.gz,
HP1509101_C19,/home/koraop/nob_dir/sc_transcriptomics/fastq_out/HP1509101_C19.fastq.gz,
HP1509101_C2,/home/koraop/nob_dir/sc_transcriptomics/fastq_out/HP1509101_C2.fastq.gz,
HP1509101_C20,/home/koraop/nob_dir/sc_transcriptomics/fastq_out/HP1509101_C20.fastq.gz,
HP1509101_C21,/home/koraop/nob_dir/sc_transcriptomics/fastq_out/HP1509101_C21.fastq.gz,
HP1509101_C22,/home/koraop/nob_dir/sc_transcriptomics/fastq_out/HP1509101_C22.fastq.gz,
HP1509101_C23,/home/koraop/nob_dir/sc_transcriptomics/fastq_out/HP1509101_C23.fastq.gz,
HP1509101_C24,/home/koraop/nob_dir/sc_transcriptomics/fastq_out/HP1509101_C24.fastq.gz,
HP1509101_C3,/home/koraop/nob_dir/sc_transcriptomics/fastq_out/HP1509101_C3.fastq.gz,
HP1509101_C4,/home/koraop/nob_dir/sc_transcriptomics/fastq_out/HP1509101_C4.fastq.gz,
HP1509101_C5,/home/koraop/nob_dir/sc_transcriptomics/fastq_out/HP1509101_C5.fastq.gz,
HP1509101_C6,/home/koraop/nob_dir/sc_transcriptomics/fastq_out/HP1509101_C6.fastq.gz,
HP1509101_C7,/home/koraop/nob_dir/sc_transcriptomics/fastq_out/HP1509101_C7.fastq.gz,
HP1509101_C8,/home/koraop/nob_dir/sc_transcriptomics/fastq_out/HP1509101_C8.fastq.gz,
HP1509101_C9,/home/koraop/nob_dir/sc_transcriptomics/fastq_out/HP1509101_C9.fastq.gz,
HP1509101_D1,/home/koraop/nob_dir/sc_transcriptomics/fastq_out/HP1509101_D1.fastq.gz,
HP1509101_D10,/home/koraop/nob_dir/sc_transcriptomics/fastq_out/HP1509101_D10.fastq.gz,
HP1509101_D11,/home/koraop/nob_dir/sc_transcriptomics/fastq_out/HP1509101_D11.fastq.gz,
HP1509101_D12,/home/koraop/nob_dir/sc_transcriptomics/fastq_out/HP1509101_D12.fastq.gz,
HP1509101_D13,/home/koraop/nob_dir/sc_transcriptomics/fastq_out/HP1509101_D13.fastq.gz,
HP1509101_D14,/home/koraop/nob_dir/sc_transcriptomics/fastq_out/HP1509101_D14.fastq.gz,
HP1509101_D15,/home/koraop/nob_dir/sc_transcriptomics/fastq_out/HP1509101_D15.fastq.gz,
HP1509101_D16,/home/koraop/nob_dir/sc_transcriptomics/fastq_out/HP1509101_D16.fastq.gz,
HP1509101_D17,/home/koraop/nob_dir/sc_transcriptomics/fastq_out/HP1509101_D17.fastq.gz,
HP1509101_D18,/home/koraop/nob_dir/sc_transcriptomics/fastq_out/HP1509101_D18.fastq.gz,
HP1509101_D19,/home/koraop/nob_dir/sc_transcriptomics/fastq_out/HP1509101_D19.fastq.gz,
HP1509101_D2,/home/koraop/nob_dir/sc_transcriptomics/fastq_out/HP1509101_D2.fastq.gz,
HP1509101_D20,/home/koraop/nob_dir/sc_transcriptomics/fastq_out/HP1509101_D20.fastq.gz,
HP1509101_D21,/home/koraop/nob_dir/sc_transcriptomics/fastq_out/HP1509101_D21.fastq.gz,
HP1509101_D22,/home/koraop/nob_dir/sc_transcriptomics/fastq_out/HP1509101_D22.fastq.gz,
HP1509101_D23,/home/koraop/nob_dir/sc_transcriptomics/fastq_out/HP1509101_D23.fastq.gz,
HP1509101_D24,/home/koraop/nob_dir/sc_transcriptomics/fastq_out/HP1509101_D24.fastq.gz,
HP1509101_D3,/home/koraop/nob_dir/sc_transcriptomics/fastq_out/HP1509101_D3.fastq.gz,
HP1509101_D4,/home/koraop/nob_dir/sc_transcriptomics/fastq_out/HP1509101_D4.fastq.gz,
HP1509101_D5,/home/koraop/nob_dir/sc_transcriptomics/fastq_out/HP1509101_D5.fastq.gz,
HP1509101_D6,/home/koraop/nob_dir/sc_transcriptomics/fastq_out/HP1509101_D6.fastq.gz,
HP1509101_D7,/home/koraop/nob_dir/sc_transcriptomics/fastq_out/HP1509101_D7.fastq.gz,
HP1509101_D8,/home/koraop/nob_dir/sc_transcriptomics/fastq_out/HP1509101_D8.fastq.gz,
HP1509101_D9,/home/koraop/nob_dir/sc_transcriptomics/fastq_out/HP1509101_D9.fastq.gz,
HP1509101_E1,/home/koraop/nob_dir/sc_transcriptomics/fastq_out/HP1509101_E1.fastq.gz,
HP1509101_E10,/home/koraop/nob_dir/sc_transcriptomics/fastq_out/HP1509101_E10.fastq.gz,
HP1509101_E11,/home/koraop/nob_dir/sc_transcriptomics/fastq_out/HP1509101_E11.fastq.gz,
HP1509101_E12,/home/koraop/nob_dir/sc_transcriptomics/fastq_out/HP1509101_E12.fastq.gz,
HP1509101_E13,/home/koraop/nob_dir/sc_transcriptomics/fastq_out/HP1509101_E13.fastq.gz,
HP1509101_E14,/home/koraop/nob_dir/sc_transcriptomics/fastq_out/HP1509101_E14.fastq.gz,
HP1509101_E15,/home/koraop/nob_dir/sc_transcriptomics/fastq_out/HP1509101_E15.fastq.gz,
HP1509101_E16,/home/koraop/nob_dir/sc_transcriptomics/fastq_out/HP1509101_E16.fastq.gz,
HP1509101_E17,/home/koraop/nob_dir/sc_transcriptomics/fastq_out/HP1509101_E17.fastq.gz,
HP1509101_E18,/home/koraop/nob_dir/sc_transcriptomics/fastq_out/HP1509101_E18.fastq.gz,
HP1509101_E19,/home/koraop/nob_dir/sc_transcriptomics/fastq_out/HP1509101_E19.fastq.gz,
HP1509101_E2,/home/koraop/nob_dir/sc_transcriptomics/fastq_out/HP1509101_E2.fastq.gz,
HP1509101_E20,/home/koraop/nob_dir/sc_transcriptomics/fastq_out/HP1509101_E20.fastq.gz,
HP1509101_E21,/home/koraop/nob_dir/sc_transcriptomics/fastq_out/HP1509101_E21.fastq.gz,
HP1509101_E22,/home/koraop/nob_dir/sc_transcriptomics/fastq_out/HP1509101_E22.fastq.gz,
HP1509101_E23,/home/koraop/nob_dir/sc_transcriptomics/fastq_out/HP1509101_E23.fastq.gz,
HP1509101_E24,/home/koraop/nob_dir/sc_transcriptomics/fastq_out/HP1509101_E24.fastq.gz,
HP1509101_E3,/home/koraop/nob_dir/sc_transcriptomics/fastq_out/HP1509101_E3.fastq.gz,
HP1509101_E4,/home/koraop/nob_dir/sc_transcriptomics/fastq_out/HP1509101_E4.fastq.gz,
HP1509101_E5,/home/koraop/nob_dir/sc_transcriptomics/fastq_out/HP1509101_E5.fastq.gz,
HP1509101_E6,/home/koraop/nob_dir/sc_transcriptomics/fastq_out/HP1509101_E6.fastq.gz,
HP1509101_E7,/home/koraop/nob_dir/sc_transcriptomics/fastq_out/HP1509101_E7.fastq.gz,
HP1509101_E8,/home/koraop/nob_dir/sc_transcriptomics/fastq_out/HP1509101_E8.fastq.gz,
HP1509101_E9,/home/koraop/nob_dir/sc_transcriptomics/fastq_out/HP1509101_E9.fastq.gz,
HP1509101_F1,/home/koraop/nob_dir/sc_transcriptomics/fastq_out/HP1509101_F1.fastq.gz,
HP1509101_F10,/home/koraop/nob_dir/sc_transcriptomics/fastq_out/HP1509101_F10.fastq.gz,
HP1509101_F11,/home/koraop/nob_dir/sc_transcriptomics/fastq_out/HP1509101_F11.fastq.gz,
HP1509101_F12,/home/koraop/nob_dir/sc_transcriptomics/fastq_out/HP1509101_F12.fastq.gz,
HP1509101_F13,/home/koraop/nob_dir/sc_transcriptomics/fastq_out/HP1509101_F13.fastq.gz,
HP1509101_F14,/home/koraop/nob_dir/sc_transcriptomics/fastq_out/HP1509101_F14.fastq.gz,
HP1509101_F15,/home/koraop/nob_dir/sc_transcriptomics/fastq_out/HP1509101_F15.fastq.gz,
HP1509101_F16,/home/koraop/nob_dir/sc_transcriptomics/fastq_out/HP1509101_F16.fastq.gz,
HP1509101_F17,/home/koraop/nob_dir/sc_transcriptomics/fastq_out/HP1509101_F17.fastq.gz,
HP1509101_F18,/home/koraop/nob_dir/sc_transcriptomics/fastq_out/HP1509101_F18.fastq.gz,
HP1509101_F19,/home/koraop/nob_dir/sc_transcriptomics/fastq_out/HP1509101_F19.fastq.gz,
HP1509101_F2,/home/koraop/nob_dir/sc_transcriptomics/fastq_out/HP1509101_F2.fastq.gz,
HP1509101_F20,/home/koraop/nob_dir/sc_transcriptomics/fastq_out/HP1509101_F20.fastq.gz,
HP1509101_F21,/home/koraop/nob_dir/sc_transcriptomics/fastq_out/HP1509101_F21.fastq.gz,
HP1509101_F22,/home/koraop/nob_dir/sc_transcriptomics/fastq_out/HP1509101_F22.fastq.gz,
HP1509101_F23,/home/koraop/nob_dir/sc_transcriptomics/fastq_out/HP1509101_F23.fastq.gz,
HP1509101_F24,/home/koraop/nob_dir/sc_transcriptomics/fastq_out/HP1509101_F24.fastq.gz,
HP1509101_F3,/home/koraop/nob_dir/sc_transcriptomics/fastq_out/HP1509101_F3.fastq.gz,
HP1509101_F4,/home/koraop/nob_dir/sc_transcriptomics/fastq_out/HP1509101_F4.fastq.gz,
HP1509101_F5,/home/koraop/nob_dir/sc_transcriptomics/fastq_out/HP1509101_F5.fastq.gz,
HP1509101_F6,/home/koraop/nob_dir/sc_transcriptomics/fastq_out/HP1509101_F6.fastq.gz,
HP1509101_F7,/home/koraop/nob_dir/sc_transcriptomics/fastq_out/HP1509101_F7.fastq.gz,
HP1509101_F8,/home/koraop/nob_dir/sc_transcriptomics/fastq_out/HP1509101_F8.fastq.gz,
HP1509101_F9,/home/koraop/nob_dir/sc_transcriptomics/fastq_out/HP1509101_F9.fastq.gz,
HP1509101_G1,/home/koraop/nob_dir/sc_transcriptomics/fastq_out/HP1509101_G1.fastq.gz,
HP1509101_G10,/home/koraop/nob_dir/sc_transcriptomics/fastq_out/HP1509101_G10.fastq.gz,
HP1509101_G11,/home/koraop/nob_dir/sc_transcriptomics/fastq_out/HP1509101_G11.fastq.gz,
HP1509101_G12,/home/koraop/nob_dir/sc_transcriptomics/fastq_out/HP1509101_G12.fastq.gz,
HP1509101_G13,/home/koraop/nob_dir/sc_transcriptomics/fastq_out/HP1509101_G13.fastq.gz,
HP1509101_G14,/home/koraop/nob_dir/sc_transcriptomics/fastq_out/HP1509101_G14.fastq.gz,
HP1509101_G15,/home/koraop/nob_dir/sc_transcriptomics/fastq_out/HP1509101_G15.fastq.gz,
HP1509101_G16,/home/koraop/nob_dir/sc_transcriptomics/fastq_out/HP1509101_G16.fastq.gz,
HP1509101_G17,/home/koraop/nob_dir/sc_transcriptomics/fastq_out/HP1509101_G17.fastq.gz,
HP1509101_G18,/home/koraop/nob_dir/sc_transcriptomics/fastq_out/HP1509101_G18.fastq.gz,
HP1509101_G19,/home/koraop/nob_dir/sc_transcriptomics/fastq_out/HP1509101_G19.fastq.gz,
HP1509101_G2,/home/koraop/nob_dir/sc_transcriptomics/fastq_out/HP1509101_G2.fastq.gz,
HP1509101_G20,/home/koraop/nob_dir/sc_transcriptomics/fastq_out/HP1509101_G20.fastq.gz,
HP1509101_G21,/home/koraop/nob_dir/sc_transcriptomics/fastq_out/HP1509101_G21.fastq.gz,
HP1509101_G22,/home/koraop/nob_dir/sc_transcriptomics/fastq_out/HP1509101_G22.fastq.gz,
HP1509101_G23,/home/koraop/nob_dir/sc_transcriptomics/fastq_out/HP1509101_G23.fastq.gz,
HP1509101_G24,/home/koraop/nob_dir/sc_transcriptomics/fastq_out/HP1509101_G24.fastq.gz,
HP1509101_G3,/home/koraop/nob_dir/sc_transcriptomics/fastq_out/HP1509101_G3.fastq.gz,
HP1509101_G4,/home/koraop/nob_dir/sc_transcriptomics/fastq_out/HP1509101_G4.fastq.gz,
HP1509101_G5,/home/koraop/nob_dir/sc_transcriptomics/fastq_out/HP1509101_G5.fastq.gz,
HP1509101_G6,/home/koraop/nob_dir/sc_transcriptomics/fastq_out/HP1509101_G6.fastq.gz,
HP1509101_G7,/home/koraop/nob_dir/sc_transcriptomics/fastq_out/HP1509101_G7.fastq.gz,
HP1509101_G8,/home/koraop/nob_dir/sc_transcriptomics/fastq_out/HP1509101_G8.fastq.gz,
HP1509101_G9,/home/koraop/nob_dir/sc_transcriptomics/fastq_out/HP1509101_G9.fastq.gz,
HP1509101_H1,/home/koraop/nob_dir/sc_transcriptomics/fastq_out/HP1509101_H1.fastq.gz,
HP1509101_H10,/home/koraop/nob_dir/sc_transcriptomics/fastq_out/HP1509101_H10.fastq.gz,
HP1509101_H11,/home/koraop/nob_dir/sc_transcriptomics/fastq_out/HP1509101_H11.fastq.gz,
HP1509101_H12,/home/koraop/nob_dir/sc_transcriptomics/fastq_out/HP1509101_H12.fastq.gz,
HP1509101_H13,/home/koraop/nob_dir/sc_transcriptomics/fastq_out/HP1509101_H13.fastq.gz,
HP1509101_H14,/home/koraop/nob_dir/sc_transcriptomics/fastq_out/HP1509101_H14.fastq.gz,
HP1509101_H15,/home/koraop/nob_dir/sc_transcriptomics/fastq_out/HP1509101_H15.fastq.gz,
HP1509101_H16,/home/koraop/nob_dir/sc_transcriptomics/fastq_out/HP1509101_H16.fastq.gz,
HP1509101_H17,/home/koraop/nob_dir/sc_transcriptomics/fastq_out/HP1509101_H17.fastq.gz,
HP1509101_H18,/home/koraop/nob_dir/sc_transcriptomics/fastq_out/HP1509101_H18.fastq.gz,
HP1509101_H19,/home/koraop/nob_dir/sc_transcriptomics/fastq_out/HP1509101_H19.fastq.gz,
HP1509101_H2,/home/koraop/nob_dir/sc_transcriptomics/fastq_out/HP1509101_H2.fastq.gz,
HP1509101_H20,/home/koraop/nob_dir/sc_transcriptomics/fastq_out/HP1509101_H20.fastq.gz,
HP1509101_H21,/home/koraop/nob_dir/sc_transcriptomics/fastq_out/HP1509101_H21.fastq.gz,
HP1509101_H22,/home/koraop/nob_dir/sc_transcriptomics/fastq_out/HP1509101_H22.fastq.gz,
HP1509101_H23,/home/koraop/nob_dir/sc_transcriptomics/fastq_out/HP1509101_H23.fastq.gz,
HP1509101_H24,/home/koraop/nob_dir/sc_transcriptomics/fastq_out/HP1509101_H24.fastq.gz,
HP1509101_H3,/home/koraop/nob_dir/sc_transcriptomics/fastq_out/HP1509101_H3.fastq.gz,
HP1509101_H4,/home/koraop/nob_dir/sc_transcriptomics/fastq_out/HP1509101_H4.fastq.gz,
HP1509101_H5,/home/koraop/nob_dir/sc_transcriptomics/fastq_out/HP1509101_H5.fastq.gz,
HP1509101_H6,/home/koraop/nob_dir/sc_transcriptomics/fastq_out/HP1509101_H6.fastq.gz,
HP1509101_H7,/home/koraop/nob_dir/sc_transcriptomics/fastq_out/HP1509101_H7.fastq.gz,
HP1509101_H8,/home/koraop/nob_dir/sc_transcriptomics/fastq_out/HP1509101_H8.fastq.gz,
HP1509101_H9,/home/koraop/nob_dir/sc_transcriptomics/fastq_out/HP1509101_H9.fastq.gz,
HP1509101_I1,/home/koraop/nob_dir/sc_transcriptomics/fastq_out/HP1509101_I1.fastq.gz,
HP1509101_I10,/home/koraop/nob_dir/sc_transcriptomics/fastq_out/HP1509101_I10.fastq.gz,
HP1509101_I11,/home/koraop/nob_dir/sc_transcriptomics/fastq_out/HP1509101_I11.fastq.gz,
HP1509101_I12,/home/koraop/nob_dir/sc_transcriptomics/fastq_out/HP1509101_I12.fastq.gz,
HP1509101_I13,/home/koraop/nob_dir/sc_transcriptomics/fastq_out/HP1509101_I13.fastq.gz,
HP1509101_I14,/home/koraop/nob_dir/sc_transcriptomics/fastq_out/HP1509101_I14.fastq.gz,
HP1509101_I15,/home/koraop/nob_dir/sc_transcriptomics/fastq_out/HP1509101_I15.fastq.gz,
HP1509101_I16,/home/koraop/nob_dir/sc_transcriptomics/fastq_out/HP1509101_I16.fastq.gz,
HP1509101_I17,/home/koraop/nob_dir/sc_transcriptomics/fastq_out/HP1509101_I17.fastq.gz,
HP1509101_I18,/home/koraop/nob_dir/sc_transcriptomics/fastq_out/HP1509101_I18.fastq.gz,
HP1509101_I19,/home/koraop/nob_dir/sc_transcriptomics/fastq_out/HP1509101_I19.fastq.gz,
HP1509101_I2,/home/koraop/nob_dir/sc_transcriptomics/fastq_out/HP1509101_I2.fastq.gz,
HP1509101_I20,/home/koraop/nob_dir/sc_transcriptomics/fastq_out/HP1509101_I20.fastq.gz,
HP1509101_I21,/home/koraop/nob_dir/sc_transcriptomics/fastq_out/HP1509101_I21.fastq.gz,
HP1509101_I22,/home/koraop/nob_dir/sc_transcriptomics/fastq_out/HP1509101_I22.fastq.gz,
HP1509101_I23,/home/koraop/nob_dir/sc_transcriptomics/fastq_out/HP1509101_I23.fastq.gz,
HP1509101_I24,/home/koraop/nob_dir/sc_transcriptomics/fastq_out/HP1509101_I24.fastq.gz,
HP1509101_I3,/home/koraop/nob_dir/sc_transcriptomics/fastq_out/HP1509101_I3.fastq.gz,
HP1509101_I4,/home/koraop/nob_dir/sc_transcriptomics/fastq_out/HP1509101_I4.fastq.gz,
HP1509101_I5,/home/koraop/nob_dir/sc_transcriptomics/fastq_out/HP1509101_I5.fastq.gz,
HP1509101_I6,/home/koraop/nob_dir/sc_transcriptomics/fastq_out/HP1509101_I6.fastq.gz,
HP1509101_I7,/home/koraop/nob_dir/sc_transcriptomics/fastq_out/HP1509101_I7.fastq.gz,
HP1509101_I8,/home/koraop/nob_dir/sc_transcriptomics/fastq_out/HP1509101_I8.fastq.gz,
HP1509101_I9,/home/koraop/nob_dir/sc_transcriptomics/fastq_out/HP1509101_I9.fastq.gz,
HP1509101_J1,/home/koraop/nob_dir/sc_transcriptomics/fastq_out/HP1509101_J1.fastq.gz,
HP1509101_J10,/home/koraop/nob_dir/sc_transcriptomics/fastq_out/HP1509101_J10.fastq.gz,
HP1509101_J11,/home/koraop/nob_dir/sc_transcriptomics/fastq_out/HP1509101_J11.fastq.gz,
HP1509101_J12,/home/koraop/nob_dir/sc_transcriptomics/fastq_out/HP1509101_J12.fastq.gz,
HP1509101_J13,/home/koraop/nob_dir/sc_transcriptomics/fastq_out/HP1509101_J13.fastq.gz,
HP1509101_J14,/home/koraop/nob_dir/sc_transcriptomics/fastq_out/HP1509101_J14.fastq.gz,
HP1509101_J15,/home/koraop/nob_dir/sc_transcriptomics/fastq_out/HP1509101_J15.fastq.gz,
HP1509101_J16,/home/koraop/nob_dir/sc_transcriptomics/fastq_out/HP1509101_J16.fastq.gz,
HP1509101_J17,/home/koraop/nob_dir/sc_transcriptomics/fastq_out/HP1509101_J17.fastq.gz,
HP1509101_J18,/home/koraop/nob_dir/sc_transcriptomics/fastq_out/HP1509101_J18.fastq.gz,
HP1509101_J19,/home/koraop/nob_dir/sc_transcriptomics/fastq_out/HP1509101_J19.fastq.gz,
HP1509101_J2,/home/koraop/nob_dir/sc_transcriptomics/fastq_out/HP1509101_J2.fastq.gz,
HP1509101_J20,/home/koraop/nob_dir/sc_transcriptomics/fastq_out/HP1509101_J20.fastq.gz,
HP1509101_J21,/home/koraop/nob_dir/sc_transcriptomics/fastq_out/HP1509101_J21.fastq.gz,
HP1509101_J22,/home/koraop/nob_dir/sc_transcriptomics/fastq_out/HP1509101_J22.fastq.gz,
HP1509101_J23,/home/koraop/nob_dir/sc_transcriptomics/fastq_out/HP1509101_J23.fastq.gz,
HP1509101_J24,/home/koraop/nob_dir/sc_transcriptomics/fastq_out/HP1509101_J24.fastq.gz,
HP1509101_J3,/home/koraop/nob_dir/sc_transcriptomics/fastq_out/HP1509101_J3.fastq.gz,
HP1509101_J4,/home/koraop/nob_dir/sc_transcriptomics/fastq_out/HP1509101_J4.fastq.gz,
HP1509101_J5,/home/koraop/nob_dir/sc_transcriptomics/fastq_out/HP1509101_J5.fastq.gz,
HP1509101_J6,/home/koraop/nob_dir/sc_transcriptomics/fastq_out/HP1509101_J6.fastq.gz,
HP1509101_J7,/home/koraop/nob_dir/sc_transcriptomics/fastq_out/HP1509101_J7.fastq.gz,
HP1509101_J8,/home/koraop/nob_dir/sc_transcriptomics/fastq_out/HP1509101_J8.fastq.gz,
HP1509101_J9,/home/koraop/nob_dir/sc_transcriptomics/fastq_out/HP1509101_J9.fastq.gz,
HP1509101_K1,/home/koraop/nob_dir/sc_transcriptomics/fastq_out/HP1509101_K1.fastq.gz,
HP1509101_K10,/home/koraop/nob_dir/sc_transcriptomics/fastq_out/HP1509101_K10.fastq.gz,
HP1509101_K11,/home/koraop/nob_dir/sc_transcriptomics/fastq_out/HP1509101_K11.fastq.gz,
HP1509101_K12,/home/koraop/nob_dir/sc_transcriptomics/fastq_out/HP1509101_K12.fastq.gz,
HP1509101_K13,/home/koraop/nob_dir/sc_transcriptomics/fastq_out/HP1509101_K13.fastq.gz,
HP1509101_K14,/home/koraop/nob_dir/sc_transcriptomics/fastq_out/HP1509101_K14.fastq.gz,
HP1509101_K15,/home/koraop/nob_dir/sc_transcriptomics/fastq_out/HP1509101_K15.fastq.gz,
HP1509101_K16,/home/koraop/nob_dir/sc_transcriptomics/fastq_out/HP1509101_K16.fastq.gz,
HP1509101_K17,/home/koraop/nob_dir/sc_transcriptomics/fastq_out/HP1509101_K17.fastq.gz,
HP1509101_K18,/home/koraop/nob_dir/sc_transcriptomics/fastq_out/HP1509101_K18.fastq.gz,
HP1509101_K19,/home/koraop/nob_dir/sc_transcriptomics/fastq_out/HP1509101_K19.fastq.gz,
HP1509101_K2,/home/koraop/nob_dir/sc_transcriptomics/fastq_out/HP1509101_K2.fastq.gz,
HP1509101_K20,/home/koraop/nob_dir/sc_transcriptomics/fastq_out/HP1509101_K20.fastq.gz,
HP1509101_K21,/home/koraop/nob_dir/sc_transcriptomics/fastq_out/HP1509101_K21.fastq.gz,
HP1509101_K22,/home/koraop/nob_dir/sc_transcriptomics/fastq_out/HP1509101_K22.fastq.gz,
HP1509101_K23,/home/koraop/nob_dir/sc_transcriptomics/fastq_out/HP1509101_K23.fastq.gz,
HP1509101_K24,/home/koraop/nob_dir/sc_transcriptomics/fastq_out/HP1509101_K24.fastq.gz,
HP1509101_K3,/home/koraop/nob_dir/sc_transcriptomics/fastq_out/HP1509101_K3.fastq.gz,
HP1509101_K4,/home/koraop/nob_dir/sc_transcriptomics/fastq_out/HP1509101_K4.fastq.gz,
HP1509101_K5,/home/koraop/nob_dir/sc_transcriptomics/fastq_out/HP1509101_K5.fastq.gz,
HP1509101_K6,/home/koraop/nob_dir/sc_transcriptomics/fastq_out/HP1509101_K6.fastq.gz,
HP1509101_K7,/home/koraop/nob_dir/sc_transcriptomics/fastq_out/HP1509101_K7.fastq.gz,
HP1509101_K8,/home/koraop/nob_dir/sc_transcriptomics/fastq_out/HP1509101_K8.fastq.gz,
HP1509101_K9,/home/koraop/nob_dir/sc_transcriptomics/fastq_out/HP1509101_K9.fastq.gz,
HP1509101_L1,/home/koraop/nob_dir/sc_transcriptomics/fastq_out/HP1509101_L1.fastq.gz,
HP1509101_L10,/home/koraop/nob_dir/sc_transcriptomics/fastq_out/HP1509101_L10.fastq.gz,
HP1509101_L11,/home/koraop/nob_dir/sc_transcriptomics/fastq_out/HP1509101_L11.fastq.gz,
HP1509101_L12,/home/koraop/nob_dir/sc_transcriptomics/fastq_out/HP1509101_L12.fastq.gz,
HP1509101_L13,/home/koraop/nob_dir/sc_transcriptomics/fastq_out/HP1509101_L13.fastq.gz,
HP1509101_L14,/home/koraop/nob_dir/sc_transcriptomics/fastq_out/HP1509101_L14.fastq.gz,
HP1509101_L15,/home/koraop/nob_dir/sc_transcriptomics/fastq_out/HP1509101_L15.fastq.gz,
HP1509101_L16,/home/koraop/nob_dir/sc_transcriptomics/fastq_out/HP1509101_L16.fastq.gz,
HP1509101_L17,/home/koraop/nob_dir/sc_transcriptomics/fastq_out/HP1509101_L17.fastq.gz,
HP1509101_L18,/home/koraop/nob_dir/sc_transcriptomics/fastq_out/HP1509101_L18.fastq.gz,
HP1509101_L19,/home/koraop/nob_dir/sc_transcriptomics/fastq_out/HP1509101_L19.fastq.gz,
HP1509101_L2,/home/koraop/nob_dir/sc_transcriptomics/fastq_out/HP1509101_L2.fastq.gz,
HP1509101_L20,/home/koraop/nob_dir/sc_transcriptomics/fastq_out/HP1509101_L20.fastq.gz,
HP1509101_L21,/home/koraop/nob_dir/sc_transcriptomics/fastq_out/HP1509101_L21.fastq.gz,
HP1509101_L22,/home/koraop/nob_dir/sc_transcriptomics/fastq_out/HP1509101_L22.fastq.gz,
HP1509101_L23,/home/koraop/nob_dir/sc_transcriptomics/fastq_out/HP1509101_L23.fastq.gz,
HP1509101_L24,/home/koraop/nob_dir/sc_transcriptomics/fastq_out/HP1509101_L24.fastq.gz,
HP1509101_L3,/home/koraop/nob_dir/sc_transcriptomics/fastq_out/HP1509101_L3.fastq.gz,
HP1509101_L4,/home/koraop/nob_dir/sc_transcriptomics/fastq_out/HP1509101_L4.fastq.gz,
HP1509101_L5,/home/koraop/nob_dir/sc_transcriptomics/fastq_out/HP1509101_L5.fastq.gz,
HP1509101_L6,/home/koraop/nob_dir/sc_transcriptomics/fastq_out/HP1509101_L6.fastq.gz,
HP1509101_L7,/home/koraop/nob_dir/sc_transcriptomics/fastq_out/HP1509101_L7.fastq.gz,
HP1509101_L8,/home/koraop/nob_dir/sc_transcriptomics/fastq_out/HP1509101_L8.fastq.gz,
HP1509101_L9,/home/koraop/nob_dir/sc_transcriptomics/fastq_out/HP1509101_L9.fastq.gz,
HP1509101_M1,/home/koraop/nob_dir/sc_transcriptomics/fastq_out/HP1509101_M1.fastq.gz,
HP1509101_M10,/home/koraop/nob_dir/sc_transcriptomics/fastq_out/HP1509101_M10.fastq.gz,
HP1509101_M11,/home/koraop/nob_dir/sc_transcriptomics/fastq_out/HP1509101_M11.fastq.gz,
HP1509101_M12,/home/koraop/nob_dir/sc_transcriptomics/fastq_out/HP1509101_M12.fastq.gz,
HP1509101_M13,/home/koraop/nob_dir/sc_transcriptomics/fastq_out/HP1509101_M13.fastq.gz,
HP1509101_M14,/home/koraop/nob_dir/sc_transcriptomics/fastq_out/HP1509101_M14.fastq.gz,
HP1509101_M15,/home/koraop/nob_dir/sc_transcriptomics/fastq_out/HP1509101_M15.fastq.gz,
HP1509101_M16,/home/koraop/nob_dir/sc_transcriptomics/fastq_out/HP1509101_M16.fastq.gz,
HP1509101_M17,/home/koraop/nob_dir/sc_transcriptomics/fastq_out/HP1509101_M17.fastq.gz,
HP1509101_M18,/home/koraop/nob_dir/sc_transcriptomics/fastq_out/HP1509101_M18.fastq.gz,
HP1509101_M19,/home/koraop/nob_dir/sc_transcriptomics/fastq_out/HP1509101_M19.fastq.gz,
HP1509101_M2,/home/koraop/nob_dir/sc_transcriptomics/fastq_out/HP1509101_M2.fastq.gz,
HP1509101_M20,/home/koraop/nob_dir/sc_transcriptomics/fastq_out/HP1509101_M20.fastq.gz,
HP1509101_M21,/home/koraop/nob_dir/sc_transcriptomics/fastq_out/HP1509101_M21.fastq.gz,
HP1509101_M22,/home/koraop/nob_dir/sc_transcriptomics/fastq_out/HP1509101_M22.fastq.gz,
HP1509101_M23,/home/koraop/nob_dir/sc_transcriptomics/fastq_out/HP1509101_M23.fastq.gz,
HP1509101_M24,/home/koraop/nob_dir/sc_transcriptomics/fastq_out/HP1509101_M24.fastq.gz,
HP1509101_M3,/home/koraop/nob_dir/sc_transcriptomics/fastq_out/HP1509101_M3.fastq.gz,
HP1509101_M4,/home/koraop/nob_dir/sc_transcriptomics/fastq_out/HP1509101_M4.fastq.gz,
HP1509101_M5,/home/koraop/nob_dir/sc_transcriptomics/fastq_out/HP1509101_M5.fastq.gz,
HP1509101_M6,/home/koraop/nob_dir/sc_transcriptomics/fastq_out/HP1509101_M6.fastq.gz,
HP1509101_M7,/home/koraop/nob_dir/sc_transcriptomics/fastq_out/HP1509101_M7.fastq.gz,
HP1509101_M8,/home/koraop/nob_dir/sc_transcriptomics/fastq_out/HP1509101_M8.fastq.gz,
HP1509101_M9,/home/koraop/nob_dir/sc_transcriptomics/fastq_out/HP1509101_M9.fastq.gz,
HP1509101_N1,/home/koraop/nob_dir/sc_transcriptomics/fastq_out/HP1509101_N1.fastq.gz,
HP1509101_N10,/home/koraop/nob_dir/sc_transcriptomics/fastq_out/HP1509101_N10.fastq.gz,
HP1509101_N11,/home/koraop/nob_dir/sc_transcriptomics/fastq_out/HP1509101_N11.fastq.gz,
HP1509101_N12,/home/koraop/nob_dir/sc_transcriptomics/fastq_out/HP1509101_N12.fastq.gz,
HP1509101_N13,/home/koraop/nob_dir/sc_transcriptomics/fastq_out/HP1509101_N13.fastq.gz,
HP1509101_N14,/home/koraop/nob_dir/sc_transcriptomics/fastq_out/HP1509101_N14.fastq.gz,
HP1509101_N15,/home/koraop/nob_dir/sc_transcriptomics/fastq_out/HP1509101_N15.fastq.gz,
HP1509101_N16,/home/koraop/nob_dir/sc_transcriptomics/fastq_out/HP1509101_N16.fastq.gz,
HP1509101_N17,/home/koraop/nob_dir/sc_transcriptomics/fastq_out/HP1509101_N17.fastq.gz,
HP1509101_N18,/home/koraop/nob_dir/sc_transcriptomics/fastq_out/HP1509101_N18.fastq.gz,
HP1509101_N19,/home/koraop/nob_dir/sc_transcriptomics/fastq_out/HP1509101_N19.fastq.gz,
HP1509101_N2,/home/koraop/nob_dir/sc_transcriptomics/fastq_out/HP1509101_N2.fastq.gz,
HP1509101_N20,/home/koraop/nob_dir/sc_transcriptomics/fastq_out/HP1509101_N20.fastq.gz,
HP1509101_N21,/home/koraop/nob_dir/sc_transcriptomics/fastq_out/HP1509101_N21.fastq.gz,
HP1509101_N22,/home/koraop/nob_dir/sc_transcriptomics/fastq_out/HP1509101_N22.fastq.gz,
HP1509101_N23,/home/koraop/nob_dir/sc_transcriptomics/fastq_out/HP1509101_N23.fastq.gz,
HP1509101_N24,/home/koraop/nob_dir/sc_transcriptomics/fastq_out/HP1509101_N24.fastq.gz,
HP1509101_N3,/home/koraop/nob_dir/sc_transcriptomics/fastq_out/HP1509101_N3.fastq.gz,
HP1509101_N4,/home/koraop/nob_dir/sc_transcriptomics/fastq_out/HP1509101_N4.fastq.gz,
HP1509101_N5,/home/koraop/nob_dir/sc_transcriptomics/fastq_out/HP1509101_N5.fastq.gz,
HP1509101_N6,/home/koraop/nob_dir/sc_transcriptomics/fastq_out/HP1509101_N6.fastq.gz,
HP1509101_N7,/home/koraop/nob_dir/sc_transcriptomics/fastq_out/HP1509101_N7.fastq.gz,
HP1509101_N8,/home/koraop/nob_dir/sc_transcriptomics/fastq_out/HP1509101_N8.fastq.gz,
HP1509101_N9,/home/koraop/nob_dir/sc_transcriptomics/fastq_out/HP1509101_N9.fastq.gz,
HP1509101_O1,/home/koraop/nob_dir/sc_transcriptomics/fastq_out/HP1509101_O1.fastq.gz,
HP1509101_O10,/home/koraop/nob_dir/sc_transcriptomics/fastq_out/HP1509101_O10.fastq.gz,
HP1509101_O11,/home/koraop/nob_dir/sc_transcriptomics/fastq_out/HP1509101_O11.fastq.gz,
HP1509101_O12,/home/koraop/nob_dir/sc_transcriptomics/fastq_out/HP1509101_O12.fastq.gz,
HP1509101_O13,/home/koraop/nob_dir/sc_transcriptomics/fastq_out/HP1509101_O13.fastq.gz,
HP1509101_O14,/home/koraop/nob_dir/sc_transcriptomics/fastq_out/HP1509101_O14.fastq.gz,
HP1509101_O15,/home/koraop/nob_dir/sc_transcriptomics/fastq_out/HP1509101_O15.fastq.gz,
HP1509101_O16,/home/koraop/nob_dir/sc_transcriptomics/fastq_out/HP1509101_O16.fastq.gz,
HP1509101_O17,/home/koraop/nob_dir/sc_transcriptomics/fastq_out/HP1509101_O17.fastq.gz,
HP1509101_O18,/home/koraop/nob_dir/sc_transcriptomics/fastq_out/HP1509101_O18.fastq.gz,
HP1509101_O19,/home/koraop/nob_dir/sc_transcriptomics/fastq_out/HP1509101_O19.fastq.gz,
HP1509101_O2,/home/koraop/nob_dir/sc_transcriptomics/fastq_out/HP1509101_O2.fastq.gz,
HP1509101_O20,/home/koraop/nob_dir/sc_transcriptomics/fastq_out/HP1509101_O20.fastq.gz,
HP1509101_O21,/home/koraop/nob_dir/sc_transcriptomics/fastq_out/HP1509101_O21.fastq.gz,
HP1509101_O22,/home/koraop/nob_dir/sc_transcriptomics/fastq_out/HP1509101_O22.fastq.gz,
HP1509101_O23,/home/koraop/nob_dir/sc_transcriptomics/fastq_out/HP1509101_O23.fastq.gz,
HP1509101_O24,/home/koraop/nob_dir/sc_transcriptomics/fastq_out/HP1509101_O24.fastq.gz,
HP1509101_O3,/home/koraop/nob_dir/sc_transcriptomics/fastq_out/HP1509101_O3.fastq.gz,
HP1509101_O4,/home/koraop/nob_dir/sc_transcriptomics/fastq_out/HP1509101_O4.fastq.gz,
HP1509101_O5,/home/koraop/nob_dir/sc_transcriptomics/fastq_out/HP1509101_O5.fastq.gz,
HP1509101_O6,/home/koraop/nob_dir/sc_transcriptomics/fastq_out/HP1509101_O6.fastq.gz,
HP1509101_O7,/home/koraop/nob_dir/sc_transcriptomics/fastq_out/HP1509101_O7.fastq.gz,
HP1509101_O8,/home/koraop/nob_dir/sc_transcriptomics/fastq_out/HP1509101_O8.fastq.gz,
HP1509101_O9,/home/koraop/nob_dir/sc_transcriptomics/fastq_out/HP1509101_O9.fastq.gz,
HP1509101_P1,/home/koraop/nob_dir/sc_transcriptomics/fastq_out/HP1509101_P1.fastq.gz,
HP1509101_P10,/home/koraop/nob_dir/sc_transcriptomics/fastq_out/HP1509101_P10.fastq.gz,
HP1509101_P11,/home/koraop/nob_dir/sc_transcriptomics/fastq_out/HP1509101_P11.fastq.gz,
HP1509101_P12,/home/koraop/nob_dir/sc_transcriptomics/fastq_out/HP1509101_P12.fastq.gz,
HP1509101_P14,/home/koraop/nob_dir/sc_transcriptomics/fastq_out/HP1509101_P14.fastq.gz,
HP1509101_P15,/home/koraop/nob_dir/sc_transcriptomics/fastq_out/HP1509101_P15.fastq.gz,
HP1509101_P16,/home/koraop/nob_dir/sc_transcriptomics/fastq_out/HP1509101_P16.fastq.gz,
HP1509101_P17,/home/koraop/nob_dir/sc_transcriptomics/fastq_out/HP1509101_P17.fastq.gz,
HP1509101_P18,/home/koraop/nob_dir/sc_transcriptomics/fastq_out/HP1509101_P18.fastq.gz,
HP1509101_P19,/home/koraop/nob_dir/sc_transcriptomics/fastq_out/HP1509101_P19.fastq.gz,
HP1509101_P2,/home/koraop/nob_dir/sc_transcriptomics/fastq_out/HP1509101_P2.fastq.gz,
HP1509101_P20,/home/koraop/nob_dir/sc_transcriptomics/fastq_out/HP1509101_P20.fastq.gz,
HP1509101_P21,/home/koraop/nob_dir/sc_transcriptomics/fastq_out/HP1509101_P21.fastq.gz,
HP1509101_P22,/home/koraop/nob_dir/sc_transcriptomics/fastq_out/HP1509101_P22.fastq.gz,
HP1509101_P23,/home/koraop/nob_dir/sc_transcriptomics/fastq_out/HP1509101_P23.fastq.gz,
HP1509101_P24,/home/koraop/nob_dir/sc_transcriptomics/fastq_out/HP1509101_P24.fastq.gz,
HP1509101_P3,/home/koraop/nob_dir/sc_transcriptomics/fastq_out/HP1509101_P3.fastq.gz,
HP1509101_P4,/home/koraop/nob_dir/sc_transcriptomics/fastq_out/HP1509101_P4.fastq.gz,
HP1509101_P5,/home/koraop/nob_dir/sc_transcriptomics/fastq_out/HP1509101_P5.fastq.gz,
HP1509101_P6,/home/koraop/nob_dir/sc_transcriptomics/fastq_out/HP1509101_P6.fastq.gz,
HP1509101_P7,/home/koraop/nob_dir/sc_transcriptomics/fastq_out/HP1509101_P7.fastq.gz,
HP1509101_P8,/home/koraop/nob_dir/sc_transcriptomics/fastq_out/HP1509101_P8.fastq.gz,
HP1509101_P9,/home/koraop/nob_dir/sc_transcriptomics/fastq_out/HP1509101_P9.fastq.gz,
HP1525301T2D_A1,/home/koraop/nob_dir/sc_transcriptomics/fastq_out/HP1525301T2D_A1.fastq.gz,
HP1525301T2D_A10,/home/koraop/nob_dir/sc_transcriptomics/fastq_out/HP1525301T2D_A10.fastq.gz,
HP1525301T2D_A11,/home/koraop/nob_dir/sc_transcriptomics/fastq_out/HP1525301T2D_A11.fastq.gz,
HP1525301T2D_A12,/home/koraop/nob_dir/sc_transcriptomics/fastq_out/HP1525301T2D_A12.fastq.gz,
HP1525301T2D_A13,/home/koraop/nob_dir/sc_transcriptomics/fastq_out/HP1525301T2D_A13.fastq.gz,
HP1525301T2D_A14,/home/koraop/nob_dir/sc_transcriptomics/fastq_out/HP1525301T2D_A14.fastq.gz,
HP1525301T2D_A15,/home/koraop/nob_dir/sc_transcriptomics/fastq_out/HP1525301T2D_A15.fastq.gz,
HP1525301T2D_A16,/home/koraop/nob_dir/sc_transcriptomics/fastq_out/HP1525301T2D_A16.fastq.gz,
HP1525301T2D_A17,/home/koraop/nob_dir/sc_transcriptomics/fastq_out/HP1525301T2D_A17.fastq.gz,
HP1525301T2D_A18,/home/koraop/nob_dir/sc_transcriptomics/fastq_out/HP1525301T2D_A18.fastq.gz,
HP1525301T2D_A19,/home/koraop/nob_dir/sc_transcriptomics/fastq_out/HP1525301T2D_A19.fastq.gz,
HP1525301T2D_A2,/home/koraop/nob_dir/sc_transcriptomics/fastq_out/HP1525301T2D_A2.fastq.gz,
HP1525301T2D_A20,/home/koraop/nob_dir/sc_transcriptomics/fastq_out/HP1525301T2D_A20.fastq.gz,
HP1525301T2D_A21,/home/koraop/nob_dir/sc_transcriptomics/fastq_out/HP1525301T2D_A21.fastq.gz,
HP1525301T2D_A22,/home/koraop/nob_dir/sc_transcriptomics/fastq_out/HP1525301T2D_A22.fastq.gz,
HP1525301T2D_A23,/home/koraop/nob_dir/sc_transcriptomics/fastq_out/HP1525301T2D_A23.fastq.gz,
HP1525301T2D_A24,/home/koraop/nob_dir/sc_transcriptomics/fastq_out/HP1525301T2D_A24.fastq.gz,
HP1525301T2D_A3,/home/koraop/nob_dir/sc_transcriptomics/fastq_out/HP1525301T2D_A3.fastq.gz,
HP1525301T2D_A4,/home/koraop/nob_dir/sc_transcriptomics/fastq_out/HP1525301T2D_A4.fastq.gz,
HP1525301T2D_A5,/home/koraop/nob_dir/sc_transcriptomics/fastq_out/HP1525301T2D_A5.fastq.gz,
HP1525301T2D_A6,/home/koraop/nob_dir/sc_transcriptomics/fastq_out/HP1525301T2D_A6.fastq.gz,
HP1525301T2D_A7,/home/koraop/nob_dir/sc_transcriptomics/fastq_out/HP1525301T2D_A7.fastq.gz,
HP1525301T2D_A8,/home/koraop/nob_dir/sc_transcriptomics/fastq_out/HP1525301T2D_A8.fastq.gz,
HP1525301T2D_A9,/home/koraop/nob_dir/sc_transcriptomics/fastq_out/HP1525301T2D_A9.fastq.gz,
HP1525301T2D_B1,/home/koraop/nob_dir/sc_transcriptomics/fastq_out/HP1525301T2D_B1.fastq.gz,
HP1525301T2D_B10,/home/koraop/nob_dir/sc_transcriptomics/fastq_out/HP1525301T2D_B10.fastq.gz,
HP1525301T2D_B11,/home/koraop/nob_dir/sc_transcriptomics/fastq_out/HP1525301T2D_B11.fastq.gz,
HP1525301T2D_B12,/home/koraop/nob_dir/sc_transcriptomics/fastq_out/HP1525301T2D_B12.fastq.gz,
HP1525301T2D_B13,/home/koraop/nob_dir/sc_transcriptomics/fastq_out/HP1525301T2D_B13.fastq.gz,
HP1525301T2D_B14,/home/koraop/nob_dir/sc_transcriptomics/fastq_out/HP1525301T2D_B14.fastq.gz,
HP1525301T2D_B15,/home/koraop/nob_dir/sc_transcriptomics/fastq_out/HP1525301T2D_B15.fastq.gz,
HP1525301T2D_B16,/home/koraop/nob_dir/sc_transcriptomics/fastq_out/HP1525301T2D_B16.fastq.gz,
HP1525301T2D_B17,/home/koraop/nob_dir/sc_transcriptomics/fastq_out/HP1525301T2D_B17.fastq.gz,
HP1525301T2D_B18,/home/koraop/nob_dir/sc_transcriptomics/fastq_out/HP1525301T2D_B18.fastq.gz,
HP1525301T2D_B19,/home/koraop/nob_dir/sc_transcriptomics/fastq_out/HP1525301T2D_B19.fastq.gz,
HP1525301T2D_B2,/home/koraop/nob_dir/sc_transcriptomics/fastq_out/HP1525301T2D_B2.fastq.gz,
HP1525301T2D_B20,/home/koraop/nob_dir/sc_transcriptomics/fastq_out/HP1525301T2D_B20.fastq.gz,
HP1525301T2D_B21,/home/koraop/nob_dir/sc_transcriptomics/fastq_out/HP1525301T2D_B21.fastq.gz,
HP1525301T2D_B22,/home/koraop/nob_dir/sc_transcriptomics/fastq_out/HP1525301T2D_B22.fastq.gz,
HP1525301T2D_B23,/home/koraop/nob_dir/sc_transcriptomics/fastq_out/HP1525301T2D_B23.fastq.gz,
HP1525301T2D_B24,/home/koraop/nob_dir/sc_transcriptomics/fastq_out/HP1525301T2D_B24.fastq.gz,
HP1525301T2D_B3,/home/koraop/nob_dir/sc_transcriptomics/fastq_out/HP1525301T2D_B3.fastq.gz,
HP1525301T2D_B4,/home/koraop/nob_dir/sc_transcriptomics/fastq_out/HP1525301T2D_B4.fastq.gz,
HP1525301T2D_B5,/home/koraop/nob_dir/sc_transcriptomics/fastq_out/HP1525301T2D_B5.fastq.gz,
HP1525301T2D_B6,/home/koraop/nob_dir/sc_transcriptomics/fastq_out/HP1525301T2D_B6.fastq.gz,
HP1525301T2D_B7,/home/koraop/nob_dir/sc_transcriptomics/fastq_out/HP1525301T2D_B7.fastq.gz,
HP1525301T2D_B8,/home/koraop/nob_dir/sc_transcriptomics/fastq_out/HP1525301T2D_B8.fastq.gz,
HP1525301T2D_B9,/home/koraop/nob_dir/sc_transcriptomics/fastq_out/HP1525301T2D_B9.fastq.gz,
HP1525301T2D_C1,/home/koraop/nob_dir/sc_transcriptomics/fastq_out/HP1525301T2D_C1.fastq.gz,
HP1525301T2D_C10,/home/koraop/nob_dir/sc_transcriptomics/fastq_out/HP1525301T2D_C10.fastq.gz,
HP1525301T2D_C11,/home/koraop/nob_dir/sc_transcriptomics/fastq_out/HP1525301T2D_C11.fastq.gz,
HP1525301T2D_C12,/home/koraop/nob_dir/sc_transcriptomics/fastq_out/HP1525301T2D_C12.fastq.gz,
HP1525301T2D_C13,/home/koraop/nob_dir/sc_transcriptomics/fastq_out/HP1525301T2D_C13.fastq.gz,
HP1525301T2D_C14,/home/koraop/nob_dir/sc_transcriptomics/fastq_out/HP1525301T2D_C14.fastq.gz,
HP1525301T2D_C15,/home/koraop/nob_dir/sc_transcriptomics/fastq_out/HP1525301T2D_C15.fastq.gz,
HP1525301T2D_C16,/home/koraop/nob_dir/sc_transcriptomics/fastq_out/HP1525301T2D_C16.fastq.gz,
HP1525301T2D_C17,/home/koraop/nob_dir/sc_transcriptomics/fastq_out/HP1525301T2D_C17.fastq.gz,
HP1525301T2D_C18,/home/koraop/nob_dir/sc_transcriptomics/fastq_out/HP1525301T2D_C18.fastq.gz,
HP1525301T2D_C19,/home/koraop/nob_dir/sc_transcriptomics/fastq_out/HP1525301T2D_C19.fastq.gz,
HP1525301T2D_C2,/home/koraop/nob_dir/sc_transcriptomics/fastq_out/HP1525301T2D_C2.fastq.gz,
HP1525301T2D_C20,/home/koraop/nob_dir/sc_transcriptomics/fastq_out/HP1525301T2D_C20.fastq.gz,
HP1525301T2D_C21,/home/koraop/nob_dir/sc_transcriptomics/fastq_out/HP1525301T2D_C21.fastq.gz,
HP1525301T2D_C22,/home/koraop/nob_dir/sc_transcriptomics/fastq_out/HP1525301T2D_C22.fastq.gz,
HP1525301T2D_C23,/home/koraop/nob_dir/sc_transcriptomics/fastq_out/HP1525301T2D_C23.fastq.gz,
HP1525301T2D_C24,/home/koraop/nob_dir/sc_transcriptomics/fastq_out/HP1525301T2D_C24.fastq.gz,
HP1525301T2D_C3,/home/koraop/nob_dir/sc_transcriptomics/fastq_out/HP1525301T2D_C3.fastq.gz,
HP1525301T2D_C4,/home/koraop/nob_dir/sc_transcriptomics/fastq_out/HP1525301T2D_C4.fastq.gz,
HP1525301T2D_C5,/home/koraop/nob_dir/sc_transcriptomics/fastq_out/HP1525301T2D_C5.fastq.gz,
HP1525301T2D_C6,/home/koraop/nob_dir/sc_transcriptomics/fastq_out/HP1525301T2D_C6.fastq.gz,
HP1525301T2D_C7,/home/koraop/nob_dir/sc_transcriptomics/fastq_out/HP1525301T2D_C7.fastq.gz,
HP1525301T2D_C8,/home/koraop/nob_dir/sc_transcriptomics/fastq_out/HP1525301T2D_C8.fastq.gz,
HP1525301T2D_C9,/home/koraop/nob_dir/sc_transcriptomics/fastq_out/HP1525301T2D_C9.fastq.gz,
HP1525301T2D_D1,/home/koraop/nob_dir/sc_transcriptomics/fastq_out/HP1525301T2D_D1.fastq.gz,
HP1525301T2D_D10,/home/koraop/nob_dir/sc_transcriptomics/fastq_out/HP1525301T2D_D10.fastq.gz,
HP1525301T2D_D11,/home/koraop/nob_dir/sc_transcriptomics/fastq_out/HP1525301T2D_D11.fastq.gz,
HP1525301T2D_D12,/home/koraop/nob_dir/sc_transcriptomics/fastq_out/HP1525301T2D_D12.fastq.gz,
HP1525301T2D_D13,/home/koraop/nob_dir/sc_transcriptomics/fastq_out/HP1525301T2D_D13.fastq.gz,
HP1525301T2D_D14,/home/koraop/nob_dir/sc_transcriptomics/fastq_out/HP1525301T2D_D14.fastq.gz,
HP1525301T2D_D15,/home/koraop/nob_dir/sc_transcriptomics/fastq_out/HP1525301T2D_D15.fastq.gz,
HP1525301T2D_D16,/home/koraop/nob_dir/sc_transcriptomics/fastq_out/HP1525301T2D_D16.fastq.gz,
HP1525301T2D_D17,/home/koraop/nob_dir/sc_transcriptomics/fastq_out/HP1525301T2D_D17.fastq.gz,
HP1525301T2D_D18,/home/koraop/nob_dir/sc_transcriptomics/fastq_out/HP1525301T2D_D18.fastq.gz,
HP1525301T2D_D19,/home/koraop/nob_dir/sc_transcriptomics/fastq_out/HP1525301T2D_D19.fastq.gz,
HP1525301T2D_D2,/home/koraop/nob_dir/sc_transcriptomics/fastq_out/HP1525301T2D_D2.fastq.gz,
HP1525301T2D_D20,/home/koraop/nob_dir/sc_transcriptomics/fastq_out/HP1525301T2D_D20.fastq.gz,
HP1525301T2D_D21,/home/koraop/nob_dir/sc_transcriptomics/fastq_out/HP1525301T2D_D21.fastq.gz,
HP1525301T2D_D22,/home/koraop/nob_dir/sc_transcriptomics/fastq_out/HP1525301T2D_D22.fastq.gz,
HP1525301T2D_D23,/home/koraop/nob_dir/sc_transcriptomics/fastq_out/HP1525301T2D_D23.fastq.gz,
HP1525301T2D_D24,/home/koraop/nob_dir/sc_transcriptomics/fastq_out/HP1525301T2D_D24.fastq.gz,
HP1525301T2D_D3,/home/koraop/nob_dir/sc_transcriptomics/fastq_out/HP1525301T2D_D3.fastq.gz,
HP1525301T2D_D4,/home/koraop/nob_dir/sc_transcriptomics/fastq_out/HP1525301T2D_D4.fastq.gz,
HP1525301T2D_D5,/home/koraop/nob_dir/sc_transcriptomics/fastq_out/HP1525301T2D_D5.fastq.gz,
HP1525301T2D_D6,/home/koraop/nob_dir/sc_transcriptomics/fastq_out/HP1525301T2D_D6.fastq.gz,
HP1525301T2D_D7,/home/koraop/nob_dir/sc_transcriptomics/fastq_out/HP1525301T2D_D7.fastq.gz,
HP1525301T2D_D8,/home/koraop/nob_dir/sc_transcriptomics/fastq_out/HP1525301T2D_D8.fastq.gz,
HP1525301T2D_D9,/home/koraop/nob_dir/sc_transcriptomics/fastq_out/HP1525301T2D_D9.fastq.gz,
HP1525301T2D_E1,/home/koraop/nob_dir/sc_transcriptomics/fastq_out/HP1525301T2D_E1.fastq.gz,
HP1525301T2D_E10,/home/koraop/nob_dir/sc_transcriptomics/fastq_out/HP1525301T2D_E10.fastq.gz,
HP1525301T2D_E11,/home/koraop/nob_dir/sc_transcriptomics/fastq_out/HP1525301T2D_E11.fastq.gz,
HP1525301T2D_E12,/home/koraop/nob_dir/sc_transcriptomics/fastq_out/HP1525301T2D_E12.fastq.gz,
HP1525301T2D_E13,/home/koraop/nob_dir/sc_transcriptomics/fastq_out/HP1525301T2D_E13.fastq.gz,
HP1525301T2D_E14,/home/koraop/nob_dir/sc_transcriptomics/fastq_out/HP1525301T2D_E14.fastq.gz,
HP1525301T2D_E15,/home/koraop/nob_dir/sc_transcriptomics/fastq_out/HP1525301T2D_E15.fastq.gz,
HP1525301T2D_E16,/home/koraop/nob_dir/sc_transcriptomics/fastq_out/HP1525301T2D_E16.fastq.gz,
HP1525301T2D_E17,/home/koraop/nob_dir/sc_transcriptomics/fastq_out/HP1525301T2D_E17.fastq.gz,
HP1525301T2D_E18,/home/koraop/nob_dir/sc_transcriptomics/fastq_out/HP1525301T2D_E18.fastq.gz,
HP1525301T2D_E19,/home/koraop/nob_dir/sc_transcriptomics/fastq_out/HP1525301T2D_E19.fastq.gz,
HP1525301T2D_E2,/home/koraop/nob_dir/sc_transcriptomics/fastq_out/HP1525301T2D_E2.fastq.gz,
HP1525301T2D_E20,/home/koraop/nob_dir/sc_transcriptomics/fastq_out/HP1525301T2D_E20.fastq.gz,
HP1525301T2D_E21,/home/koraop/nob_dir/sc_transcriptomics/fastq_out/HP1525301T2D_E21.fastq.gz,
HP1525301T2D_E22,/home/koraop/nob_dir/sc_transcriptomics/fastq_out/HP1525301T2D_E22.fastq.gz,
HP1525301T2D_E23,/home/koraop/nob_dir/sc_transcriptomics/fastq_out/HP1525301T2D_E23.fastq.gz,
HP1525301T2D_E24,/home/koraop/nob_dir/sc_transcriptomics/fastq_out/HP1525301T2D_E24.fastq.gz,
HP1525301T2D_E3,/home/koraop/nob_dir/sc_transcriptomics/fastq_out/HP1525301T2D_E3.fastq.gz,
HP1525301T2D_E4,/home/koraop/nob_dir/sc_transcriptomics/fastq_out/HP1525301T2D_E4.fastq.gz,
HP1525301T2D_E5,/home/koraop/nob_dir/sc_transcriptomics/fastq_out/HP1525301T2D_E5.fastq.gz,
HP1525301T2D_E6,/home/koraop/nob_dir/sc_transcriptomics/fastq_out/HP1525301T2D_E6.fastq.gz,
HP1525301T2D_E7,/home/koraop/nob_dir/sc_transcriptomics/fastq_out/HP1525301T2D_E7.fastq.gz,
HP1525301T2D_E8,/home/koraop/nob_dir/sc_transcriptomics/fastq_out/HP1525301T2D_E8.fastq.gz,
HP1525301T2D_E9,/home/koraop/nob_dir/sc_transcriptomics/fastq_out/HP1525301T2D_E9.fastq.gz,
HP1525301T2D_F1,/home/koraop/nob_dir/sc_transcriptomics/fastq_out/HP1525301T2D_F1.fastq.gz,
HP1525301T2D_F10,/home/koraop/nob_dir/sc_transcriptomics/fastq_out/HP1525301T2D_F10.fastq.gz,
HP1525301T2D_F11,/home/koraop/nob_dir/sc_transcriptomics/fastq_out/HP1525301T2D_F11.fastq.gz,
HP1525301T2D_F12,/home/koraop/nob_dir/sc_transcriptomics/fastq_out/HP1525301T2D_F12.fastq.gz,
HP1525301T2D_F13,/home/koraop/nob_dir/sc_transcriptomics/fastq_out/HP1525301T2D_F13.fastq.gz,
HP1525301T2D_F14,/home/koraop/nob_dir/sc_transcriptomics/fastq_out/HP1525301T2D_F14.fastq.gz,
HP1525301T2D_F15,/home/koraop/nob_dir/sc_transcriptomics/fastq_out/HP1525301T2D_F15.fastq.gz,
HP1525301T2D_F16,/home/koraop/nob_dir/sc_transcriptomics/fastq_out/HP1525301T2D_F16.fastq.gz,
HP1525301T2D_F17,/home/koraop/nob_dir/sc_transcriptomics/fastq_out/HP1525301T2D_F17.fastq.gz,
HP1525301T2D_F18,/home/koraop/nob_dir/sc_transcriptomics/fastq_out/HP1525301T2D_F18.fastq.gz,
HP1525301T2D_F19,/home/koraop/nob_dir/sc_transcriptomics/fastq_out/HP1525301T2D_F19.fastq.gz,
HP1525301T2D_F2,/home/koraop/nob_dir/sc_transcriptomics/fastq_out/HP1525301T2D_F2.fastq.gz,
HP1525301T2D_F20,/home/koraop/nob_dir/sc_transcriptomics/fastq_out/HP1525301T2D_F20.fastq.gz,
HP1525301T2D_F21,/home/koraop/nob_dir/sc_transcriptomics/fastq_out/HP1525301T2D_F21.fastq.gz,
HP1525301T2D_F22,/home/koraop/nob_dir/sc_transcriptomics/fastq_out/HP1525301T2D_F22.fastq.gz,
HP1525301T2D_F23,/home/koraop/nob_dir/sc_transcriptomics/fastq_out/HP1525301T2D_F23.fastq.gz,
HP1525301T2D_F24,/home/koraop/nob_dir/sc_transcriptomics/fastq_out/HP1525301T2D_F24.fastq.gz,
HP1525301T2D_F3,/home/koraop/nob_dir/sc_transcriptomics/fastq_out/HP1525301T2D_F3.fastq.gz,
HP1525301T2D_F4,/home/koraop/nob_dir/sc_transcriptomics/fastq_out/HP1525301T2D_F4.fastq.gz,
HP1525301T2D_F5,/home/koraop/nob_dir/sc_transcriptomics/fastq_out/HP1525301T2D_F5.fastq.gz,
HP1525301T2D_F6,/home/koraop/nob_dir/sc_transcriptomics/fastq_out/HP1525301T2D_F6.fastq.gz,
HP1525301T2D_F7,/home/koraop/nob_dir/sc_transcriptomics/fastq_out/HP1525301T2D_F7.fastq.gz,
HP1525301T2D_F8,/home/koraop/nob_dir/sc_transcriptomics/fastq_out/HP1525301T2D_F8.fastq.gz,
HP1525301T2D_F9,/home/koraop/nob_dir/sc_transcriptomics/fastq_out/HP1525301T2D_F9.fastq.gz,
HP1525301T2D_G1,/home/koraop/nob_dir/sc_transcriptomics/fastq_out/HP1525301T2D_G1.fastq.gz,
HP1525301T2D_G10,/home/koraop/nob_dir/sc_transcriptomics/fastq_out/HP1525301T2D_G10.fastq.gz,
HP1525301T2D_G11,/home/koraop/nob_dir/sc_transcriptomics/fastq_out/HP1525301T2D_G11.fastq.gz,
HP1525301T2D_G12,/home/koraop/nob_dir/sc_transcriptomics/fastq_out/HP1525301T2D_G12.fastq.gz,
HP1525301T2D_G13,/home/koraop/nob_dir/sc_transcriptomics/fastq_out/HP1525301T2D_G13.fastq.gz,
HP1525301T2D_G14,/home/koraop/nob_dir/sc_transcriptomics/fastq_out/HP1525301T2D_G14.fastq.gz,
HP1525301T2D_G15,/home/koraop/nob_dir/sc_transcriptomics/fastq_out/HP1525301T2D_G15.fastq.gz,
HP1525301T2D_G16,/home/koraop/nob_dir/sc_transcriptomics/fastq_out/HP1525301T2D_G16.fastq.gz,
HP1525301T2D_G17,/home/koraop/nob_dir/sc_transcriptomics/fastq_out/HP1525301T2D_G17.fastq.gz,
HP1525301T2D_G18,/home/koraop/nob_dir/sc_transcriptomics/fastq_out/HP1525301T2D_G18.fastq.gz,
HP1525301T2D_G19,/home/koraop/nob_dir/sc_transcriptomics/fastq_out/HP1525301T2D_G19.fastq.gz,
HP1525301T2D_G2,/home/koraop/nob_dir/sc_transcriptomics/fastq_out/HP1525301T2D_G2.fastq.gz,
HP1525301T2D_G20,/home/koraop/nob_dir/sc_transcriptomics/fastq_out/HP1525301T2D_G20.fastq.gz,
HP1525301T2D_G21,/home/koraop/nob_dir/sc_transcriptomics/fastq_out/HP1525301T2D_G21.fastq.gz,
HP1525301T2D_G22,/home/koraop/nob_dir/sc_transcriptomics/fastq_out/HP1525301T2D_G22.fastq.gz,
HP1525301T2D_G23,/home/koraop/nob_dir/sc_transcriptomics/fastq_out/HP1525301T2D_G23.fastq.gz,
HP1525301T2D_G24,/home/koraop/nob_dir/sc_transcriptomics/fastq_out/HP1525301T2D_G24.fastq.gz,
HP1525301T2D_G3,/home/koraop/nob_dir/sc_transcriptomics/fastq_out/HP1525301T2D_G3.fastq.gz,
HP1525301T2D_G4,/home/koraop/nob_dir/sc_transcriptomics/fastq_out/HP1525301T2D_G4.fastq.gz,
HP1525301T2D_G5,/home/koraop/nob_dir/sc_transcriptomics/fastq_out/HP1525301T2D_G5.fastq.gz,
HP1525301T2D_G6,/home/koraop/nob_dir/sc_transcriptomics/fastq_out/HP1525301T2D_G6.fastq.gz,
HP1525301T2D_G7,/home/koraop/nob_dir/sc_transcriptomics/fastq_out/HP1525301T2D_G7.fastq.gz,
HP1525301T2D_G8,/home/koraop/nob_dir/sc_transcriptomics/fastq_out/HP1525301T2D_G8.fastq.gz,
HP1525301T2D_G9,/home/koraop/nob_dir/sc_transcriptomics/fastq_out/HP1525301T2D_G9.fastq.gz,
HP1525301T2D_H1,/home/koraop/nob_dir/sc_transcriptomics/fastq_out/HP1525301T2D_H1.fastq.gz,
HP1525301T2D_H10,/home/koraop/nob_dir/sc_transcriptomics/fastq_out/HP1525301T2D_H10.fastq.gz,
HP1525301T2D_H11,/home/koraop/nob_dir/sc_transcriptomics/fastq_out/HP1525301T2D_H11.fastq.gz,
HP1525301T2D_H12,/home/koraop/nob_dir/sc_transcriptomics/fastq_out/HP1525301T2D_H12.fastq.gz,
HP1525301T2D_H13,/home/koraop/nob_dir/sc_transcriptomics/fastq_out/HP1525301T2D_H13.fastq.gz,
HP1525301T2D_H14,/home/koraop/nob_dir/sc_transcriptomics/fastq_out/HP1525301T2D_H14.fastq.gz,
HP1525301T2D_H15,/home/koraop/nob_dir/sc_transcriptomics/fastq_out/HP1525301T2D_H15.fastq.gz,
HP1525301T2D_H16,/home/koraop/nob_dir/sc_transcriptomics/fastq_out/HP1525301T2D_H16.fastq.gz,
HP1525301T2D_H17,/home/koraop/nob_dir/sc_transcriptomics/fastq_out/HP1525301T2D_H17.fastq.gz,
HP1525301T2D_H18,/home/koraop/nob_dir/sc_transcriptomics/fastq_out/HP1525301T2D_H18.fastq.gz,
HP1525301T2D_H19,/home/koraop/nob_dir/sc_transcriptomics/fastq_out/HP1525301T2D_H19.fastq.gz,
HP1525301T2D_H2,/home/koraop/nob_dir/sc_transcriptomics/fastq_out/HP1525301T2D_H2.fastq.gz,
HP1525301T2D_H20,/home/koraop/nob_dir/sc_transcriptomics/fastq_out/HP1525301T2D_H20.fastq.gz,
HP1525301T2D_H21,/home/koraop/nob_dir/sc_transcriptomics/fastq_out/HP1525301T2D_H21.fastq.gz,
HP1525301T2D_H22,/home/koraop/nob_dir/sc_transcriptomics/fastq_out/HP1525301T2D_H22.fastq.gz,
HP1525301T2D_H23,/home/koraop/nob_dir/sc_transcriptomics/fastq_out/HP1525301T2D_H23.fastq.gz,
HP1525301T2D_H24,/home/koraop/nob_dir/sc_transcriptomics/fastq_out/HP1525301T2D_H24.fastq.gz,
HP1525301T2D_H3,/home/koraop/nob_dir/sc_transcriptomics/fastq_out/HP1525301T2D_H3.fastq.gz,
HP1525301T2D_H4,/home/koraop/nob_dir/sc_transcriptomics/fastq_out/HP1525301T2D_H4.fastq.gz,
HP1525301T2D_H5,/home/koraop/nob_dir/sc_transcriptomics/fastq_out/HP1525301T2D_H5.fastq.gz,
HP1525301T2D_H6,/home/koraop/nob_dir/sc_transcriptomics/fastq_out/HP1525301T2D_H6.fastq.gz,
HP1525301T2D_H7,/home/koraop/nob_dir/sc_transcriptomics/fastq_out/HP1525301T2D_H7.fastq.gz,
HP1525301T2D_H8,/home/koraop/nob_dir/sc_transcriptomics/fastq_out/HP1525301T2D_H8.fastq.gz,
HP1525301T2D_H9,/home/koraop/nob_dir/sc_transcriptomics/fastq_out/HP1525301T2D_H9.fastq.gz,
HP1525301T2D_I1,/home/koraop/nob_dir/sc_transcriptomics/fastq_out/HP1525301T2D_I1.fastq.gz,
HP1525301T2D_I10,/home/koraop/nob_dir/sc_transcriptomics/fastq_out/HP1525301T2D_I10.fastq.gz,
HP1525301T2D_I11,/home/koraop/nob_dir/sc_transcriptomics/fastq_out/HP1525301T2D_I11.fastq.gz,
HP1525301T2D_I12,/home/koraop/nob_dir/sc_transcriptomics/fastq_out/HP1525301T2D_I12.fastq.gz,
HP1525301T2D_I13,/home/koraop/nob_dir/sc_transcriptomics/fastq_out/HP1525301T2D_I13.fastq.gz,
HP1525301T2D_I14,/home/koraop/nob_dir/sc_transcriptomics/fastq_out/HP1525301T2D_I14.fastq.gz,
HP1525301T2D_I15,/home/koraop/nob_dir/sc_transcriptomics/fastq_out/HP1525301T2D_I15.fastq.gz,
HP1525301T2D_I16,/home/koraop/nob_dir/sc_transcriptomics/fastq_out/HP1525301T2D_I16.fastq.gz,
HP1525301T2D_I17,/home/koraop/nob_dir/sc_transcriptomics/fastq_out/HP1525301T2D_I17.fastq.gz,
HP1525301T2D_I18,/home/koraop/nob_dir/sc_transcriptomics/fastq_out/HP1525301T2D_I18.fastq.gz,
HP1525301T2D_I19,/home/koraop/nob_dir/sc_transcriptomics/fastq_out/HP1525301T2D_I19.fastq.gz,
HP1525301T2D_I2,/home/koraop/nob_dir/sc_transcriptomics/fastq_out/HP1525301T2D_I2.fastq.gz,
HP1525301T2D_I20,/home/koraop/nob_dir/sc_transcriptomics/fastq_out/HP1525301T2D_I20.fastq.gz,
HP1525301T2D_I21,/home/koraop/nob_dir/sc_transcriptomics/fastq_out/HP1525301T2D_I21.fastq.gz,
HP1525301T2D_I22,/home/koraop/nob_dir/sc_transcriptomics/fastq_out/HP1525301T2D_I22.fastq.gz,
HP1525301T2D_I23,/home/koraop/nob_dir/sc_transcriptomics/fastq_out/HP1525301T2D_I23.fastq.gz,
HP1525301T2D_I24,/home/koraop/nob_dir/sc_transcriptomics/fastq_out/HP1525301T2D_I24.fastq.gz,
HP1525301T2D_I3,/home/koraop/nob_dir/sc_transcriptomics/fastq_out/HP1525301T2D_I3.fastq.gz,
HP1525301T2D_I4,/home/koraop/nob_dir/sc_transcriptomics/fastq_out/HP1525301T2D_I4.fastq.gz,
HP1525301T2D_I5,/home/koraop/nob_dir/sc_transcriptomics/fastq_out/HP1525301T2D_I5.fastq.gz,
HP1525301T2D_I6,/home/koraop/nob_dir/sc_transcriptomics/fastq_out/HP1525301T2D_I6.fastq.gz,
HP1525301T2D_I7,/home/koraop/nob_dir/sc_transcriptomics/fastq_out/HP1525301T2D_I7.fastq.gz,
HP1525301T2D_I8,/home/koraop/nob_dir/sc_transcriptomics/fastq_out/HP1525301T2D_I8.fastq.gz,
HP1525301T2D_I9,/home/koraop/nob_dir/sc_transcriptomics/fastq_out/HP1525301T2D_I9.fastq.gz,
HP1525301T2D_J1,/home/koraop/nob_dir/sc_transcriptomics/fastq_out/HP1525301T2D_J1.fastq.gz,
HP1525301T2D_J10,/home/koraop/nob_dir/sc_transcriptomics/fastq_out/HP1525301T2D_J10.fastq.gz,
HP1525301T2D_J11,/home/koraop/nob_dir/sc_transcriptomics/fastq_out/HP1525301T2D_J11.fastq.gz,
HP1525301T2D_J12,/home/koraop/nob_dir/sc_transcriptomics/fastq_out/HP1525301T2D_J12.fastq.gz,
HP1525301T2D_J13,/home/koraop/nob_dir/sc_transcriptomics/fastq_out/HP1525301T2D_J13.fastq.gz,
HP1525301T2D_J14,/home/koraop/nob_dir/sc_transcriptomics/fastq_out/HP1525301T2D_J14.fastq.gz,
HP1525301T2D_J15,/home/koraop/nob_dir/sc_transcriptomics/fastq_out/HP1525301T2D_J15.fastq.gz,
HP1525301T2D_J16,/home/koraop/nob_dir/sc_transcriptomics/fastq_out/HP1525301T2D_J16.fastq.gz,
HP1525301T2D_J17,/home/koraop/nob_dir/sc_transcriptomics/fastq_out/HP1525301T2D_J17.fastq.gz,
HP1525301T2D_J18,/home/koraop/nob_dir/sc_transcriptomics/fastq_out/HP1525301T2D_J18.fastq.gz,
HP1525301T2D_J19,/home/koraop/nob_dir/sc_transcriptomics/fastq_out/HP1525301T2D_J19.fastq.gz,
HP1525301T2D_J2,/home/koraop/nob_dir/sc_transcriptomics/fastq_out/HP1525301T2D_J2.fastq.gz,
HP1525301T2D_J20,/home/koraop/nob_dir/sc_transcriptomics/fastq_out/HP1525301T2D_J20.fastq.gz,
HP1525301T2D_J21,/home/koraop/nob_dir/sc_transcriptomics/fastq_out/HP1525301T2D_J21.fastq.gz,
HP1525301T2D_J22,/home/koraop/nob_dir/sc_transcriptomics/fastq_out/HP1525301T2D_J22.fastq.gz,
HP1525301T2D_J23,/home/koraop/nob_dir/sc_transcriptomics/fastq_out/HP1525301T2D_J23.fastq.gz,
HP1525301T2D_J24,/home/koraop/nob_dir/sc_transcriptomics/fastq_out/HP1525301T2D_J24.fastq.gz,
HP1525301T2D_J3,/home/koraop/nob_dir/sc_transcriptomics/fastq_out/HP1525301T2D_J3.fastq.gz,
HP1525301T2D_J4,/home/koraop/nob_dir/sc_transcriptomics/fastq_out/HP1525301T2D_J4.fastq.gz,
HP1525301T2D_J5,/home/koraop/nob_dir/sc_transcriptomics/fastq_out/HP1525301T2D_J5.fastq.gz,
HP1525301T2D_J6,/home/koraop/nob_dir/sc_transcriptomics/fastq_out/HP1525301T2D_J6.fastq.gz,
HP1525301T2D_J7,/home/koraop/nob_dir/sc_transcriptomics/fastq_out/HP1525301T2D_J7.fastq.gz,
HP1525301T2D_J8,/home/koraop/nob_dir/sc_transcriptomics/fastq_out/HP1525301T2D_J8.fastq.gz,
HP1525301T2D_J9,/home/koraop/nob_dir/sc_transcriptomics/fastq_out/HP1525301T2D_J9.fastq.gz,
HP1525301T2D_K1,/home/koraop/nob_dir/sc_transcriptomics/fastq_out/HP1525301T2D_K1.fastq.gz,
HP1525301T2D_K10,/home/koraop/nob_dir/sc_transcriptomics/fastq_out/HP1525301T2D_K10.fastq.gz,
HP1525301T2D_K11,/home/koraop/nob_dir/sc_transcriptomics/fastq_out/HP1525301T2D_K11.fastq.gz,
HP1525301T2D_K12,/home/koraop/nob_dir/sc_transcriptomics/fastq_out/HP1525301T2D_K12.fastq.gz,
HP1525301T2D_K13,/home/koraop/nob_dir/sc_transcriptomics/fastq_out/HP1525301T2D_K13.fastq.gz,
HP1525301T2D_K14,/home/koraop/nob_dir/sc_transcriptomics/fastq_out/HP1525301T2D_K14.fastq.gz,
HP1525301T2D_K15,/home/koraop/nob_dir/sc_transcriptomics/fastq_out/HP1525301T2D_K15.fastq.gz,
HP1525301T2D_K16,/home/koraop/nob_dir/sc_transcriptomics/fastq_out/HP1525301T2D_K16.fastq.gz,
HP1525301T2D_K17,/home/koraop/nob_dir/sc_transcriptomics/fastq_out/HP1525301T2D_K17.fastq.gz,
HP1525301T2D_K18,/home/koraop/nob_dir/sc_transcriptomics/fastq_out/HP1525301T2D_K18.fastq.gz,
HP1525301T2D_K19,/home/koraop/nob_dir/sc_transcriptomics/fastq_out/HP1525301T2D_K19.fastq.gz,
HP1525301T2D_K2,/home/koraop/nob_dir/sc_transcriptomics/fastq_out/HP1525301T2D_K2.fastq.gz,
HP1525301T2D_K20,/home/koraop/nob_dir/sc_transcriptomics/fastq_out/HP1525301T2D_K20.fastq.gz,
HP1525301T2D_K21,/home/koraop/nob_dir/sc_transcriptomics/fastq_out/HP1525301T2D_K21.fastq.gz,
HP1525301T2D_K22,/home/koraop/nob_dir/sc_transcriptomics/fastq_out/HP1525301T2D_K22.fastq.gz,
HP1525301T2D_K23,/home/koraop/nob_dir/sc_transcriptomics/fastq_out/HP1525301T2D_K23.fastq.gz,
HP1525301T2D_K24,/home/koraop/nob_dir/sc_transcriptomics/fastq_out/HP1525301T2D_K24.fastq.gz,
HP1525301T2D_K3,/home/koraop/nob_dir/sc_transcriptomics/fastq_out/HP1525301T2D_K3.fastq.gz,
HP1525301T2D_K4,/home/koraop/nob_dir/sc_transcriptomics/fastq_out/HP1525301T2D_K4.fastq.gz,
HP1525301T2D_K5,/home/koraop/nob_dir/sc_transcriptomics/fastq_out/HP1525301T2D_K5.fastq.gz,
HP1525301T2D_K6,/home/koraop/nob_dir/sc_transcriptomics/fastq_out/HP1525301T2D_K6.fastq.gz,
HP1525301T2D_K7,/home/koraop/nob_dir/sc_transcriptomics/fastq_out/HP1525301T2D_K7.fastq.gz,
HP1525301T2D_K8,/home/koraop/nob_dir/sc_transcriptomics/fastq_out/HP1525301T2D_K8.fastq.gz,
HP1525301T2D_K9,/home/koraop/nob_dir/sc_transcriptomics/fastq_out/HP1525301T2D_K9.fastq.gz,
HP1525301T2D_L1,/home/koraop/nob_dir/sc_transcriptomics/fastq_out/HP1525301T2D_L1.fastq.gz,
HP1525301T2D_L10,/home/koraop/nob_dir/sc_transcriptomics/fastq_out/HP1525301T2D_L10.fastq.gz,
HP1525301T2D_L11,/home/koraop/nob_dir/sc_transcriptomics/fastq_out/HP1525301T2D_L11.fastq.gz,
HP1525301T2D_L12,/home/koraop/nob_dir/sc_transcriptomics/fastq_out/HP1525301T2D_L12.fastq.gz,
HP1525301T2D_L13,/home/koraop/nob_dir/sc_transcriptomics/fastq_out/HP1525301T2D_L13.fastq.gz,
HP1525301T2D_L14,/home/koraop/nob_dir/sc_transcriptomics/fastq_out/HP1525301T2D_L14.fastq.gz,
HP1525301T2D_L15,/home/koraop/nob_dir/sc_transcriptomics/fastq_out/HP1525301T2D_L15.fastq.gz,
HP1525301T2D_L16,/home/koraop/nob_dir/sc_transcriptomics/fastq_out/HP1525301T2D_L16.fastq.gz,
HP1525301T2D_L17,/home/koraop/nob_dir/sc_transcriptomics/fastq_out/HP1525301T2D_L17.fastq.gz,
HP1525301T2D_L18,/home/koraop/nob_dir/sc_transcriptomics/fastq_out/HP1525301T2D_L18.fastq.gz,
HP1525301T2D_L19,/home/koraop/nob_dir/sc_transcriptomics/fastq_out/HP1525301T2D_L19.fastq.gz,
HP1525301T2D_L2,/home/koraop/nob_dir/sc_transcriptomics/fastq_out/HP1525301T2D_L2.fastq.gz,
HP1525301T2D_L20,/home/koraop/nob_dir/sc_transcriptomics/fastq_out/HP1525301T2D_L20.fastq.gz,
HP1525301T2D_L21,/home/koraop/nob_dir/sc_transcriptomics/fastq_out/HP1525301T2D_L21.fastq.gz,
HP1525301T2D_L22,/home/koraop/nob_dir/sc_transcriptomics/fastq_out/HP1525301T2D_L22.fastq.gz,
HP1525301T2D_L23,/home/koraop/nob_dir/sc_transcriptomics/fastq_out/HP1525301T2D_L23.fastq.gz,
HP1525301T2D_L24,/home/koraop/nob_dir/sc_transcriptomics/fastq_out/HP1525301T2D_L24.fastq.gz,
HP1525301T2D_L3,/home/koraop/nob_dir/sc_transcriptomics/fastq_out/HP1525301T2D_L3.fastq.gz,
HP1525301T2D_L4,/home/koraop/nob_dir/sc_transcriptomics/fastq_out/HP1525301T2D_L4.fastq.gz,
HP1525301T2D_L5,/home/koraop/nob_dir/sc_transcriptomics/fastq_out/HP1525301T2D_L5.fastq.gz,
HP1525301T2D_L6,/home/koraop/nob_dir/sc_transcriptomics/fastq_out/HP1525301T2D_L6.fastq.gz,
HP1525301T2D_L7,/home/koraop/nob_dir/sc_transcriptomics/fastq_out/HP1525301T2D_L7.fastq.gz,
HP1525301T2D_L8,/home/koraop/nob_dir/sc_transcriptomics/fastq_out/HP1525301T2D_L8.fastq.gz,
HP1525301T2D_L9,/home/koraop/nob_dir/sc_transcriptomics/fastq_out/HP1525301T2D_L9.fastq.gz,
HP1525301T2D_M1,/home/koraop/nob_dir/sc_transcriptomics/fastq_out/HP1525301T2D_M1.fastq.gz,
HP1525301T2D_M10,/home/koraop/nob_dir/sc_transcriptomics/fastq_out/HP1525301T2D_M10.fastq.gz,
HP1525301T2D_M11,/home/koraop/nob_dir/sc_transcriptomics/fastq_out/HP1525301T2D_M11.fastq.gz,
HP1525301T2D_M12,/home/koraop/nob_dir/sc_transcriptomics/fastq_out/HP1525301T2D_M12.fastq.gz,
HP1525301T2D_M13,/home/koraop/nob_dir/sc_transcriptomics/fastq_out/HP1525301T2D_M13.fastq.gz,
HP1525301T2D_M14,/home/koraop/nob_dir/sc_transcriptomics/fastq_out/HP1525301T2D_M14.fastq.gz,
HP1525301T2D_M15,/home/koraop/nob_dir/sc_transcriptomics/fastq_out/HP1525301T2D_M15.fastq.gz,
HP1525301T2D_M16,/home/koraop/nob_dir/sc_transcriptomics/fastq_out/HP1525301T2D_M16.fastq.gz,
HP1525301T2D_M17,/home/koraop/nob_dir/sc_transcriptomics/fastq_out/HP1525301T2D_M17.fastq.gz,
HP1525301T2D_M18,/home/koraop/nob_dir/sc_transcriptomics/fastq_out/HP1525301T2D_M18.fastq.gz,
HP1525301T2D_M19,/home/koraop/nob_dir/sc_transcriptomics/fastq_out/HP1525301T2D_M19.fastq.gz,
HP1525301T2D_M2,/home/koraop/nob_dir/sc_transcriptomics/fastq_out/HP1525301T2D_M2.fastq.gz,
HP1525301T2D_M20,/home/koraop/nob_dir/sc_transcriptomics/fastq_out/HP1525301T2D_M20.fastq.gz,
HP1525301T2D_M21,/home/koraop/nob_dir/sc_transcriptomics/fastq_out/HP1525301T2D_M21.fastq.gz,
HP1525301T2D_M22,/home/koraop/nob_dir/sc_transcriptomics/fastq_out/HP1525301T2D_M22.fastq.gz,
HP1525301T2D_M23,/home/koraop/nob_dir/sc_transcriptomics/fastq_out/HP1525301T2D_M23.fastq.gz,
HP1525301T2D_M24,/home/koraop/nob_dir/sc_transcriptomics/fastq_out/HP1525301T2D_M24.fastq.gz,
HP1525301T2D_M3,/home/koraop/nob_dir/sc_transcriptomics/fastq_out/HP1525301T2D_M3.fastq.gz,
HP1525301T2D_M4,/home/koraop/nob_dir/sc_transcriptomics/fastq_out/HP1525301T2D_M4.fastq.gz,
HP1525301T2D_M5,/home/koraop/nob_dir/sc_transcriptomics/fastq_out/HP1525301T2D_M5.fastq.gz,
HP1525301T2D_M6,/home/koraop/nob_dir/sc_transcriptomics/fastq_out/HP1525301T2D_M6.fastq.gz,
HP1525301T2D_M7,/home/koraop/nob_dir/sc_transcriptomics/fastq_out/HP1525301T2D_M7.fastq.gz,
HP1525301T2D_M8,/home/koraop/nob_dir/sc_transcriptomics/fastq_out/HP1525301T2D_M8.fastq.gz,
HP1525301T2D_M9,/home/koraop/nob_dir/sc_transcriptomics/fastq_out/HP1525301T2D_M9.fastq.gz,
HP1525301T2D_N1,/home/koraop/nob_dir/sc_transcriptomics/fastq_out/HP1525301T2D_N1.fastq.gz,
HP1525301T2D_N10,/home/koraop/nob_dir/sc_transcriptomics/fastq_out/HP1525301T2D_N10.fastq.gz,
HP1525301T2D_N11,/home/koraop/nob_dir/sc_transcriptomics/fastq_out/HP1525301T2D_N11.fastq.gz,
HP1525301T2D_N12,/home/koraop/nob_dir/sc_transcriptomics/fastq_out/HP1525301T2D_N12.fastq.gz,
HP1525301T2D_N13,/home/koraop/nob_dir/sc_transcriptomics/fastq_out/HP1525301T2D_N13.fastq.gz,
HP1525301T2D_N14,/home/koraop/nob_dir/sc_transcriptomics/fastq_out/HP1525301T2D_N14.fastq.gz,
HP1525301T2D_N15,/home/koraop/nob_dir/sc_transcriptomics/fastq_out/HP1525301T2D_N15.fastq.gz,
HP1525301T2D_N16,/home/koraop/nob_dir/sc_transcriptomics/fastq_out/HP1525301T2D_N16.fastq.gz,
HP1525301T2D_N17,/home/koraop/nob_dir/sc_transcriptomics/fastq_out/HP1525301T2D_N17.fastq.gz,
HP1525301T2D_N18,/home/koraop/nob_dir/sc_transcriptomics/fastq_out/HP1525301T2D_N18.fastq.gz,
HP1525301T2D_N19,/home/koraop/nob_dir/sc_transcriptomics/fastq_out/HP1525301T2D_N19.fastq.gz,
HP1525301T2D_N2,/home/koraop/nob_dir/sc_transcriptomics/fastq_out/HP1525301T2D_N2.fastq.gz,
HP1525301T2D_N20,/home/koraop/nob_dir/sc_transcriptomics/fastq_out/HP1525301T2D_N20.fastq.gz,
HP1525301T2D_N21,/home/koraop/nob_dir/sc_transcriptomics/fastq_out/HP1525301T2D_N21.fastq.gz,
HP1525301T2D_N22,/home/koraop/nob_dir/sc_transcriptomics/fastq_out/HP1525301T2D_N22.fastq.gz,
HP1525301T2D_N23,/home/koraop/nob_dir/sc_transcriptomics/fastq_out/HP1525301T2D_N23.fastq.gz,
HP1525301T2D_N24,/home/koraop/nob_dir/sc_transcriptomics/fastq_out/HP1525301T2D_N24.fastq.gz,
HP1525301T2D_N3,/home/koraop/nob_dir/sc_transcriptomics/fastq_out/HP1525301T2D_N3.fastq.gz,
HP1525301T2D_N4,/home/koraop/nob_dir/sc_transcriptomics/fastq_out/HP1525301T2D_N4.fastq.gz,
HP1525301T2D_N5,/home/koraop/nob_dir/sc_transcriptomics/fastq_out/HP1525301T2D_N5.fastq.gz,
HP1525301T2D_N6,/home/koraop/nob_dir/sc_transcriptomics/fastq_out/HP1525301T2D_N6.fastq.gz,
HP1525301T2D_N7,/home/koraop/nob_dir/sc_transcriptomics/fastq_out/HP1525301T2D_N7.fastq.gz,
HP1525301T2D_N8,/home/koraop/nob_dir/sc_transcriptomics/fastq_out/HP1525301T2D_N8.fastq.gz,
HP1525301T2D_N9,/home/koraop/nob_dir/sc_transcriptomics/fastq_out/HP1525301T2D_N9.fastq.gz,
HP1525301T2D_O1,/home/koraop/nob_dir/sc_transcriptomics/fastq_out/HP1525301T2D_O1.fastq.gz,
HP1525301T2D_O10,/home/koraop/nob_dir/sc_transcriptomics/fastq_out/HP1525301T2D_O10.fastq.gz,
HP1525301T2D_O11,/home/koraop/nob_dir/sc_transcriptomics/fastq_out/HP1525301T2D_O11.fastq.gz,
HP1525301T2D_O12,/home/koraop/nob_dir/sc_transcriptomics/fastq_out/HP1525301T2D_O12.fastq.gz,
HP1525301T2D_O13,/home/koraop/nob_dir/sc_transcriptomics/fastq_out/HP1525301T2D_O13.fastq.gz,
HP1525301T2D_O14,/home/koraop/nob_dir/sc_transcriptomics/fastq_out/HP1525301T2D_O14.fastq.gz,
HP1525301T2D_O15,/home/koraop/nob_dir/sc_transcriptomics/fastq_out/HP1525301T2D_O15.fastq.gz,
HP1525301T2D_O16,/home/koraop/nob_dir/sc_transcriptomics/fastq_out/HP1525301T2D_O16.fastq.gz,
HP1525301T2D_O17,/home/koraop/nob_dir/sc_transcriptomics/fastq_out/HP1525301T2D_O17.fastq.gz,
HP1525301T2D_O18,/home/koraop/nob_dir/sc_transcriptomics/fastq_out/HP1525301T2D_O18.fastq.gz,
HP1525301T2D_O19,/home/koraop/nob_dir/sc_transcriptomics/fastq_out/HP1525301T2D_O19.fastq.gz,
HP1525301T2D_O2,/home/koraop/nob_dir/sc_transcriptomics/fastq_out/HP1525301T2D_O2.fastq.gz,
HP1525301T2D_O20,/home/koraop/nob_dir/sc_transcriptomics/fastq_out/HP1525301T2D_O20.fastq.gz,
HP1525301T2D_O21,/home/koraop/nob_dir/sc_transcriptomics/fastq_out/HP1525301T2D_O21.fastq.gz,
HP1525301T2D_O22,/home/koraop/nob_dir/sc_transcriptomics/fastq_out/HP1525301T2D_O22.fastq.gz,
HP1525301T2D_O23,/home/koraop/nob_dir/sc_transcriptomics/fastq_out/HP1525301T2D_O23.fastq.gz,
HP1525301T2D_O24,/home/koraop/nob_dir/sc_transcriptomics/fastq_out/HP1525301T2D_O24.fastq.gz,
HP1525301T2D_O3,/home/koraop/nob_dir/sc_transcriptomics/fastq_out/HP1525301T2D_O3.fastq.gz,
HP1525301T2D_O4,/home/koraop/nob_dir/sc_transcriptomics/fastq_out/HP1525301T2D_O4.fastq.gz,
HP1525301T2D_O5,/home/koraop/nob_dir/sc_transcriptomics/fastq_out/HP1525301T2D_O5.fastq.gz,
HP1525301T2D_O6,/home/koraop/nob_dir/sc_transcriptomics/fastq_out/HP1525301T2D_O6.fastq.gz,
HP1525301T2D_O7,/home/koraop/nob_dir/sc_transcriptomics/fastq_out/HP1525301T2D_O7.fastq.gz,
HP1525301T2D_O8,/home/koraop/nob_dir/sc_transcriptomics/fastq_out/HP1525301T2D_O8.fastq.gz,
HP1525301T2D_O9,/home/koraop/nob_dir/sc_transcriptomics/fastq_out/HP1525301T2D_O9.fastq.gz,
HP1525301T2D_P1,/home/koraop/nob_dir/sc_transcriptomics/fastq_out/HP1525301T2D_P1.fastq.gz,
HP1525301T2D_P10,/home/koraop/nob_dir/sc_transcriptomics/fastq_out/HP1525301T2D_P10.fastq.gz,
HP1525301T2D_P11,/home/koraop/nob_dir/sc_transcriptomics/fastq_out/HP1525301T2D_P11.fastq.gz,
HP1525301T2D_P12,/home/koraop/nob_dir/sc_transcriptomics/fastq_out/HP1525301T2D_P12.fastq.gz,
HP1525301T2D_P13,/home/koraop/nob_dir/sc_transcriptomics/fastq_out/HP1525301T2D_P13.fastq.gz,
HP1525301T2D_P14,/home/koraop/nob_dir/sc_transcriptomics/fastq_out/HP1525301T2D_P14.fastq.gz,
HP1525301T2D_P15,/home/koraop/nob_dir/sc_transcriptomics/fastq_out/HP1525301T2D_P15.fastq.gz,
HP1525301T2D_P16,/home/koraop/nob_dir/sc_transcriptomics/fastq_out/HP1525301T2D_P16.fastq.gz,
HP1525301T2D_P17,/home/koraop/nob_dir/sc_transcriptomics/fastq_out/HP1525301T2D_P17.fastq.gz,
HP1525301T2D_P18,/home/koraop/nob_dir/sc_transcriptomics/fastq_out/HP1525301T2D_P18.fastq.gz,
HP1525301T2D_P19,/home/koraop/nob_dir/sc_transcriptomics/fastq_out/HP1525301T2D_P19.fastq.gz,
HP1525301T2D_P2,/home/koraop/nob_dir/sc_transcriptomics/fastq_out/HP1525301T2D_P2.fastq.gz,
HP1525301T2D_P20,/home/koraop/nob_dir/sc_transcriptomics/fastq_out/HP1525301T2D_P20.fastq.gz,
HP1525301T2D_P21,/home/koraop/nob_dir/sc_transcriptomics/fastq_out/HP1525301T2D_P21.fastq.gz,
HP1525301T2D_P22,/home/koraop/nob_dir/sc_transcriptomics/fastq_out/HP1525301T2D_P22.fastq.gz,
HP1525301T2D_P23,/home/koraop/nob_dir/sc_transcriptomics/fastq_out/HP1525301T2D_P23.fastq.gz,
HP1525301T2D_P24,/home/koraop/nob_dir/sc_transcriptomics/fastq_out/HP1525301T2D_P24.fastq.gz,
HP1525301T2D_P3,/home/koraop/nob_dir/sc_transcriptomics/fastq_out/HP1525301T2D_P3.fastq.gz,
HP1525301T2D_P4,/home/koraop/nob_dir/sc_transcriptomics/fastq_out/HP1525301T2D_P4.fastq.gz,
HP1525301T2D_P5,/home/koraop/nob_dir/sc_transcriptomics/fastq_out/HP1525301T2D_P5.fastq.gz,
HP1525301T2D_P6,/home/koraop/nob_dir/sc_transcriptomics/fastq_out/HP1525301T2D_P6.fastq.gz,
HP1525301T2D_P7,/home/koraop/nob_dir/sc_transcriptomics/fastq_out/HP1525301T2D_P7.fastq.gz,
HP1525301T2D_P8,/home/koraop/nob_dir/sc_transcriptomics/fastq_out/HP1525301T2D_P8.fastq.gz,
HP1525301T2D_P9,/home/koraop/nob_dir/sc_transcriptomics/fastq_out/HP1525301T2D_P9.fastq.gz,
HP1526901T2D_A1,/home/koraop/nob_dir/sc_transcriptomics/fastq_out/HP1526901T2D_A1.fastq.gz,
HP1526901T2D_A10,/home/koraop/nob_dir/sc_transcriptomics/fastq_out/HP1526901T2D_A10.fastq.gz,
HP1526901T2D_A11,/home/koraop/nob_dir/sc_transcriptomics/fastq_out/HP1526901T2D_A11.fastq.gz,
HP1526901T2D_A12,/home/koraop/nob_dir/sc_transcriptomics/fastq_out/HP1526901T2D_A12.fastq.gz,
HP1526901T2D_A13,/home/koraop/nob_dir/sc_transcriptomics/fastq_out/HP1526901T2D_A13.fastq.gz,
HP1526901T2D_A14,/home/koraop/nob_dir/sc_transcriptomics/fastq_out/HP1526901T2D_A14.fastq.gz,
HP1526901T2D_A15,/home/koraop/nob_dir/sc_transcriptomics/fastq_out/HP1526901T2D_A15.fastq.gz,
HP1526901T2D_A16,/home/koraop/nob_dir/sc_transcriptomics/fastq_out/HP1526901T2D_A16.fastq.gz,
HP1526901T2D_A17,/home/koraop/nob_dir/sc_transcriptomics/fastq_out/HP1526901T2D_A17.fastq.gz,
HP1526901T2D_A18,/home/koraop/nob_dir/sc_transcriptomics/fastq_out/HP1526901T2D_A18.fastq.gz,
HP1526901T2D_A19,/home/koraop/nob_dir/sc_transcriptomics/fastq_out/HP1526901T2D_A19.fastq.gz,
HP1526901T2D_A2,/home/koraop/nob_dir/sc_transcriptomics/fastq_out/HP1526901T2D_A2.fastq.gz,
HP1526901T2D_A20,/home/koraop/nob_dir/sc_transcriptomics/fastq_out/HP1526901T2D_A20.fastq.gz,
HP1526901T2D_A21,/home/koraop/nob_dir/sc_transcriptomics/fastq_out/HP1526901T2D_A21.fastq.gz,
HP1526901T2D_A22,/home/koraop/nob_dir/sc_transcriptomics/fastq_out/HP1526901T2D_A22.fastq.gz,
HP1526901T2D_A23,/home/koraop/nob_dir/sc_transcriptomics/fastq_out/HP1526901T2D_A23.fastq.gz,
HP1526901T2D_A24,/home/koraop/nob_dir/sc_transcriptomics/fastq_out/HP1526901T2D_A24.fastq.gz,
HP1526901T2D_A3,/home/koraop/nob_dir/sc_transcriptomics/fastq_out/HP1526901T2D_A3.fastq.gz,
HP1526901T2D_A4,/home/koraop/nob_dir/sc_transcriptomics/fastq_out/HP1526901T2D_A4.fastq.gz,
HP1526901T2D_A5,/home/koraop/nob_dir/sc_transcriptomics/fastq_out/HP1526901T2D_A5.fastq.gz,
HP1526901T2D_A6,/home/koraop/nob_dir/sc_transcriptomics/fastq_out/HP1526901T2D_A6.fastq.gz,
HP1526901T2D_A7,/home/koraop/nob_dir/sc_transcriptomics/fastq_out/HP1526901T2D_A7.fastq.gz,
HP1526901T2D_A8,/home/koraop/nob_dir/sc_transcriptomics/fastq_out/HP1526901T2D_A8.fastq.gz,
HP1526901T2D_A9,/home/koraop/nob_dir/sc_transcriptomics/fastq_out/HP1526901T2D_A9.fastq.gz,
HP1526901T2D_B1,/home/koraop/nob_dir/sc_transcriptomics/fastq_out/HP1526901T2D_B1.fastq.gz,
HP1526901T2D_B10,/home/koraop/nob_dir/sc_transcriptomics/fastq_out/HP1526901T2D_B10.fastq.gz,
HP1526901T2D_B11,/home/koraop/nob_dir/sc_transcriptomics/fastq_out/HP1526901T2D_B11.fastq.gz,
HP1526901T2D_B12,/home/koraop/nob_dir/sc_transcriptomics/fastq_out/HP1526901T2D_B12.fastq.gz,
HP1526901T2D_B13,/home/koraop/nob_dir/sc_transcriptomics/fastq_out/HP1526901T2D_B13.fastq.gz,
HP1526901T2D_B14,/home/koraop/nob_dir/sc_transcriptomics/fastq_out/HP1526901T2D_B14.fastq.gz,
HP1526901T2D_B15,/home/koraop/nob_dir/sc_transcriptomics/fastq_out/HP1526901T2D_B15.fastq.gz,
HP1526901T2D_B16,/home/koraop/nob_dir/sc_transcriptomics/fastq_out/HP1526901T2D_B16.fastq.gz,
HP1526901T2D_B17,/home/koraop/nob_dir/sc_transcriptomics/fastq_out/HP1526901T2D_B17.fastq.gz,
HP1526901T2D_B18,/home/koraop/nob_dir/sc_transcriptomics/fastq_out/HP1526901T2D_B18.fastq.gz,
HP1526901T2D_B19,/home/koraop/nob_dir/sc_transcriptomics/fastq_out/HP1526901T2D_B19.fastq.gz,
HP1526901T2D_B2,/home/koraop/nob_dir/sc_transcriptomics/fastq_out/HP1526901T2D_B2.fastq.gz,
HP1526901T2D_B20,/home/koraop/nob_dir/sc_transcriptomics/fastq_out/HP1526901T2D_B20.fastq.gz,
HP1526901T2D_B21,/home/koraop/nob_dir/sc_transcriptomics/fastq_out/HP1526901T2D_B21.fastq.gz,
HP1526901T2D_B22,/home/koraop/nob_dir/sc_transcriptomics/fastq_out/HP1526901T2D_B22.fastq.gz,
HP1526901T2D_B23,/home/koraop/nob_dir/sc_transcriptomics/fastq_out/HP1526901T2D_B23.fastq.gz,
HP1526901T2D_B24,/home/koraop/nob_dir/sc_transcriptomics/fastq_out/HP1526901T2D_B24.fastq.gz,
HP1526901T2D_B3,/home/koraop/nob_dir/sc_transcriptomics/fastq_out/HP1526901T2D_B3.fastq.gz,
HP1526901T2D_B4,/home/koraop/nob_dir/sc_transcriptomics/fastq_out/HP1526901T2D_B4.fastq.gz,
HP1526901T2D_B5,/home/koraop/nob_dir/sc_transcriptomics/fastq_out/HP1526901T2D_B5.fastq.gz,
HP1526901T2D_B6,/home/koraop/nob_dir/sc_transcriptomics/fastq_out/HP1526901T2D_B6.fastq.gz,
HP1526901T2D_B7,/home/koraop/nob_dir/sc_transcriptomics/fastq_out/HP1526901T2D_B7.fastq.gz,
HP1526901T2D_B8,/home/koraop/nob_dir/sc_transcriptomics/fastq_out/HP1526901T2D_B8.fastq.gz,
HP1526901T2D_B9,/home/koraop/nob_dir/sc_transcriptomics/fastq_out/HP1526901T2D_B9.fastq.gz,
HP1526901T2D_C1,/home/koraop/nob_dir/sc_transcriptomics/fastq_out/HP1526901T2D_C1.fastq.gz,
HP1526901T2D_C10,/home/koraop/nob_dir/sc_transcriptomics/fastq_out/HP1526901T2D_C10.fastq.gz,
HP1526901T2D_C11,/home/koraop/nob_dir/sc_transcriptomics/fastq_out/HP1526901T2D_C11.fastq.gz,
HP1526901T2D_C12,/home/koraop/nob_dir/sc_transcriptomics/fastq_out/HP1526901T2D_C12.fastq.gz,
HP1526901T2D_C13,/home/koraop/nob_dir/sc_transcriptomics/fastq_out/HP1526901T2D_C13.fastq.gz,
HP1526901T2D_C14,/home/koraop/nob_dir/sc_transcriptomics/fastq_out/HP1526901T2D_C14.fastq.gz,
HP1526901T2D_C15,/home/koraop/nob_dir/sc_transcriptomics/fastq_out/HP1526901T2D_C15.fastq.gz,
HP1526901T2D_C16,/home/koraop/nob_dir/sc_transcriptomics/fastq_out/HP1526901T2D_C16.fastq.gz,
HP1526901T2D_C17,/home/koraop/nob_dir/sc_transcriptomics/fastq_out/HP1526901T2D_C17.fastq.gz,
HP1526901T2D_C18,/home/koraop/nob_dir/sc_transcriptomics/fastq_out/HP1526901T2D_C18.fastq.gz,
HP1526901T2D_C19,/home/koraop/nob_dir/sc_transcriptomics/fastq_out/HP1526901T2D_C19.fastq.gz,
HP1526901T2D_C2,/home/koraop/nob_dir/sc_transcriptomics/fastq_out/HP1526901T2D_C2.fastq.gz,
HP1526901T2D_C20,/home/koraop/nob_dir/sc_transcriptomics/fastq_out/HP1526901T2D_C20.fastq.gz,
HP1526901T2D_C21,/home/koraop/nob_dir/sc_transcriptomics/fastq_out/HP1526901T2D_C21.fastq.gz,
HP1526901T2D_C22,/home/koraop/nob_dir/sc_transcriptomics/fastq_out/HP1526901T2D_C22.fastq.gz,
HP1526901T2D_C23,/home/koraop/nob_dir/sc_transcriptomics/fastq_out/HP1526901T2D_C23.fastq.gz,
HP1526901T2D_C24,/home/koraop/nob_dir/sc_transcriptomics/fastq_out/HP1526901T2D_C24.fastq.gz,
HP1526901T2D_C3,/home/koraop/nob_dir/sc_transcriptomics/fastq_out/HP1526901T2D_C3.fastq.gz,
HP1526901T2D_C4,/home/koraop/nob_dir/sc_transcriptomics/fastq_out/HP1526901T2D_C4.fastq.gz,
HP1526901T2D_C5,/home/koraop/nob_dir/sc_transcriptomics/fastq_out/HP1526901T2D_C5.fastq.gz,
HP1526901T2D_C6,/home/koraop/nob_dir/sc_transcriptomics/fastq_out/HP1526901T2D_C6.fastq.gz,
HP1526901T2D_C7,/home/koraop/nob_dir/sc_transcriptomics/fastq_out/HP1526901T2D_C7.fastq.gz,
HP1526901T2D_C8,/home/koraop/nob_dir/sc_transcriptomics/fastq_out/HP1526901T2D_C8.fastq.gz,
HP1526901T2D_C9,/home/koraop/nob_dir/sc_transcriptomics/fastq_out/HP1526901T2D_C9.fastq.gz,
HP1526901T2D_D1,/home/koraop/nob_dir/sc_transcriptomics/fastq_out/HP1526901T2D_D1.fastq.gz,
HP1526901T2D_D10,/home/koraop/nob_dir/sc_transcriptomics/fastq_out/HP1526901T2D_D10.fastq.gz,
HP1526901T2D_D11,/home/koraop/nob_dir/sc_transcriptomics/fastq_out/HP1526901T2D_D11.fastq.gz,
HP1526901T2D_D12,/home/koraop/nob_dir/sc_transcriptomics/fastq_out/HP1526901T2D_D12.fastq.gz,
HP1526901T2D_D13,/home/koraop/nob_dir/sc_transcriptomics/fastq_out/HP1526901T2D_D13.fastq.gz,
HP1526901T2D_D14,/home/koraop/nob_dir/sc_transcriptomics/fastq_out/HP1526901T2D_D14.fastq.gz,
HP1526901T2D_D15,/home/koraop/nob_dir/sc_transcriptomics/fastq_out/HP1526901T2D_D15.fastq.gz,
HP1526901T2D_D16,/home/koraop/nob_dir/sc_transcriptomics/fastq_out/HP1526901T2D_D16.fastq.gz,
HP1526901T2D_D17,/home/koraop/nob_dir/sc_transcriptomics/fastq_out/HP1526901T2D_D17.fastq.gz,
HP1526901T2D_D18,/home/koraop/nob_dir/sc_transcriptomics/fastq_out/HP1526901T2D_D18.fastq.gz,
HP1526901T2D_D19,/home/koraop/nob_dir/sc_transcriptomics/fastq_out/HP1526901T2D_D19.fastq.gz,
HP1526901T2D_D2,/home/koraop/nob_dir/sc_transcriptomics/fastq_out/HP1526901T2D_D2.fastq.gz,
HP1526901T2D_D20,/home/koraop/nob_dir/sc_transcriptomics/fastq_out/HP1526901T2D_D20.fastq.gz,
HP1526901T2D_D21,/home/koraop/nob_dir/sc_transcriptomics/fastq_out/HP1526901T2D_D21.fastq.gz,
HP1526901T2D_D22,/home/koraop/nob_dir/sc_transcriptomics/fastq_out/HP1526901T2D_D22.fastq.gz,
HP1526901T2D_D23,/home/koraop/nob_dir/sc_transcriptomics/fastq_out/HP1526901T2D_D23.fastq.gz,
HP1526901T2D_D24,/home/koraop/nob_dir/sc_transcriptomics/fastq_out/HP1526901T2D_D24.fastq.gz,
HP1526901T2D_D3,/home/koraop/nob_dir/sc_transcriptomics/fastq_out/HP1526901T2D_D3.fastq.gz,
HP1526901T2D_D4,/home/koraop/nob_dir/sc_transcriptomics/fastq_out/HP1526901T2D_D4.fastq.gz,
HP1526901T2D_D5,/home/koraop/nob_dir/sc_transcriptomics/fastq_out/HP1526901T2D_D5.fastq.gz,
HP1526901T2D_D6,/home/koraop/nob_dir/sc_transcriptomics/fastq_out/HP1526901T2D_D6.fastq.gz,
HP1526901T2D_D7,/home/koraop/nob_dir/sc_transcriptomics/fastq_out/HP1526901T2D_D7.fastq.gz,
HP1526901T2D_D8,/home/koraop/nob_dir/sc_transcriptomics/fastq_out/HP1526901T2D_D8.fastq.gz,
HP1526901T2D_D9,/home/koraop/nob_dir/sc_transcriptomics/fastq_out/HP1526901T2D_D9.fastq.gz,
HP1526901T2D_E1,/home/koraop/nob_dir/sc_transcriptomics/fastq_out/HP1526901T2D_E1.fastq.gz,
HP1526901T2D_E10,/home/koraop/nob_dir/sc_transcriptomics/fastq_out/HP1526901T2D_E10.fastq.gz,
HP1526901T2D_E11,/home/koraop/nob_dir/sc_transcriptomics/fastq_out/HP1526901T2D_E11.fastq.gz,
HP1526901T2D_E12,/home/koraop/nob_dir/sc_transcriptomics/fastq_out/HP1526901T2D_E12.fastq.gz,
HP1526901T2D_E13,/home/koraop/nob_dir/sc_transcriptomics/fastq_out/HP1526901T2D_E13.fastq.gz,
HP1526901T2D_E14,/home/koraop/nob_dir/sc_transcriptomics/fastq_out/HP1526901T2D_E14.fastq.gz,
HP1526901T2D_E15,/home/koraop/nob_dir/sc_transcriptomics/fastq_out/HP1526901T2D_E15.fastq.gz,
HP1526901T2D_E16,/home/koraop/nob_dir/sc_transcriptomics/fastq_out/HP1526901T2D_E16.fastq.gz,
HP1526901T2D_E17,/home/koraop/nob_dir/sc_transcriptomics/fastq_out/HP1526901T2D_E17.fastq.gz,
HP1526901T2D_E18,/home/koraop/nob_dir/sc_transcriptomics/fastq_out/HP1526901T2D_E18.fastq.gz,
HP1526901T2D_E19,/home/koraop/nob_dir/sc_transcriptomics/fastq_out/HP1526901T2D_E19.fastq.gz,
HP1526901T2D_E2,/home/koraop/nob_dir/sc_transcriptomics/fastq_out/HP1526901T2D_E2.fastq.gz,
HP1526901T2D_E20,/home/koraop/nob_dir/sc_transcriptomics/fastq_out/HP1526901T2D_E20.fastq.gz,
HP1526901T2D_E21,/home/koraop/nob_dir/sc_transcriptomics/fastq_out/HP1526901T2D_E21.fastq.gz,
HP1526901T2D_E22,/home/koraop/nob_dir/sc_transcriptomics/fastq_out/HP1526901T2D_E22.fastq.gz,
HP1526901T2D_E23,/home/koraop/nob_dir/sc_transcriptomics/fastq_out/HP1526901T2D_E23.fastq.gz,
HP1526901T2D_E24,/home/koraop/nob_dir/sc_transcriptomics/fastq_out/HP1526901T2D_E24.fastq.gz,
HP1526901T2D_E3,/home/koraop/nob_dir/sc_transcriptomics/fastq_out/HP1526901T2D_E3.fastq.gz,
HP1526901T2D_E4,/home/koraop/nob_dir/sc_transcriptomics/fastq_out/HP1526901T2D_E4.fastq.gz,
HP1526901T2D_E5,/home/koraop/nob_dir/sc_transcriptomics/fastq_out/HP1526901T2D_E5.fastq.gz,
HP1526901T2D_E6,/home/koraop/nob_dir/sc_transcriptomics/fastq_out/HP1526901T2D_E6.fastq.gz,
HP1526901T2D_E7,/home/koraop/nob_dir/sc_transcriptomics/fastq_out/HP1526901T2D_E7.fastq.gz,
HP1526901T2D_E8,/home/koraop/nob_dir/sc_transcriptomics/fastq_out/HP1526901T2D_E8.fastq.gz,
HP1526901T2D_E9,/home/koraop/nob_dir/sc_transcriptomics/fastq_out/HP1526901T2D_E9.fastq.gz,
HP1526901T2D_F1,/home/koraop/nob_dir/sc_transcriptomics/fastq_out/HP1526901T2D_F1.fastq.gz,
HP1526901T2D_F10,/home/koraop/nob_dir/sc_transcriptomics/fastq_out/HP1526901T2D_F10.fastq.gz,
HP1526901T2D_F11,/home/koraop/nob_dir/sc_transcriptomics/fastq_out/HP1526901T2D_F11.fastq.gz,
HP1526901T2D_F12,/home/koraop/nob_dir/sc_transcriptomics/fastq_out/HP1526901T2D_F12.fastq.gz,
HP1526901T2D_F13,/home/koraop/nob_dir/sc_transcriptomics/fastq_out/HP1526901T2D_F13.fastq.gz,
HP1526901T2D_F14,/home/koraop/nob_dir/sc_transcriptomics/fastq_out/HP1526901T2D_F14.fastq.gz,
HP1526901T2D_F15,/home/koraop/nob_dir/sc_transcriptomics/fastq_out/HP1526901T2D_F15.fastq.gz,
HP1526901T2D_F16,/home/koraop/nob_dir/sc_transcriptomics/fastq_out/HP1526901T2D_F16.fastq.gz,
HP1526901T2D_F17,/home/koraop/nob_dir/sc_transcriptomics/fastq_out/HP1526901T2D_F17.fastq.gz,
HP1526901T2D_F18,/home/koraop/nob_dir/sc_transcriptomics/fastq_out/HP1526901T2D_F18.fastq.gz,
HP1526901T2D_F19,/home/koraop/nob_dir/sc_transcriptomics/fastq_out/HP1526901T2D_F19.fastq.gz,
HP1526901T2D_F2,/home/koraop/nob_dir/sc_transcriptomics/fastq_out/HP1526901T2D_F2.fastq.gz,
HP1526901T2D_F20,/home/koraop/nob_dir/sc_transcriptomics/fastq_out/HP1526901T2D_F20.fastq.gz,
HP1526901T2D_F21,/home/koraop/nob_dir/sc_transcriptomics/fastq_out/HP1526901T2D_F21.fastq.gz,
HP1526901T2D_F22,/home/koraop/nob_dir/sc_transcriptomics/fastq_out/HP1526901T2D_F22.fastq.gz,
HP1526901T2D_F23,/home/koraop/nob_dir/sc_transcriptomics/fastq_out/HP1526901T2D_F23.fastq.gz,
HP1526901T2D_F24,/home/koraop/nob_dir/sc_transcriptomics/fastq_out/HP1526901T2D_F24.fastq.gz,
HP1526901T2D_F3,/home/koraop/nob_dir/sc_transcriptomics/fastq_out/HP1526901T2D_F3.fastq.gz,
HP1526901T2D_F4,/home/koraop/nob_dir/sc_transcriptomics/fastq_out/HP1526901T2D_F4.fastq.gz,
HP1526901T2D_F5,/home/koraop/nob_dir/sc_transcriptomics/fastq_out/HP1526901T2D_F5.fastq.gz,
HP1526901T2D_F6,/home/koraop/nob_dir/sc_transcriptomics/fastq_out/HP1526901T2D_F6.fastq.gz,
HP1526901T2D_F7,/home/koraop/nob_dir/sc_transcriptomics/fastq_out/HP1526901T2D_F7.fastq.gz,
HP1526901T2D_F8,/home/koraop/nob_dir/sc_transcriptomics/fastq_out/HP1526901T2D_F8.fastq.gz,
HP1526901T2D_F9,/home/koraop/nob_dir/sc_transcriptomics/fastq_out/HP1526901T2D_F9.fastq.gz,
HP1526901T2D_G1,/home/koraop/nob_dir/sc_transcriptomics/fastq_out/HP1526901T2D_G1.fastq.gz,
HP1526901T2D_G10,/home/koraop/nob_dir/sc_transcriptomics/fastq_out/HP1526901T2D_G10.fastq.gz,
HP1526901T2D_G11,/home/koraop/nob_dir/sc_transcriptomics/fastq_out/HP1526901T2D_G11.fastq.gz,
HP1526901T2D_G12,/home/koraop/nob_dir/sc_transcriptomics/fastq_out/HP1526901T2D_G12.fastq.gz,
HP1526901T2D_G13,/home/koraop/nob_dir/sc_transcriptomics/fastq_out/HP1526901T2D_G13.fastq.gz,
HP1526901T2D_G14,/home/koraop/nob_dir/sc_transcriptomics/fastq_out/HP1526901T2D_G14.fastq.gz,
HP1526901T2D_G15,/home/koraop/nob_dir/sc_transcriptomics/fastq_out/HP1526901T2D_G15.fastq.gz,
HP1526901T2D_G16,/home/koraop/nob_dir/sc_transcriptomics/fastq_out/HP1526901T2D_G16.fastq.gz,
HP1526901T2D_G17,/home/koraop/nob_dir/sc_transcriptomics/fastq_out/HP1526901T2D_G17.fastq.gz,
HP1526901T2D_G18,/home/koraop/nob_dir/sc_transcriptomics/fastq_out/HP1526901T2D_G18.fastq.gz,
HP1526901T2D_G19,/home/koraop/nob_dir/sc_transcriptomics/fastq_out/HP1526901T2D_G19.fastq.gz,
HP1526901T2D_G2,/home/koraop/nob_dir/sc_transcriptomics/fastq_out/HP1526901T2D_G2.fastq.gz,
HP1526901T2D_G20,/home/koraop/nob_dir/sc_transcriptomics/fastq_out/HP1526901T2D_G20.fastq.gz,
HP1526901T2D_G21,/home/koraop/nob_dir/sc_transcriptomics/fastq_out/HP1526901T2D_G21.fastq.gz,
HP1526901T2D_G22,/home/koraop/nob_dir/sc_transcriptomics/fastq_out/HP1526901T2D_G22.fastq.gz,
HP1526901T2D_G23,/home/koraop/nob_dir/sc_transcriptomics/fastq_out/HP1526901T2D_G23.fastq.gz,
HP1526901T2D_G24,/home/koraop/nob_dir/sc_transcriptomics/fastq_out/HP1526901T2D_G24.fastq.gz,
HP1526901T2D_G3,/home/koraop/nob_dir/sc_transcriptomics/fastq_out/HP1526901T2D_G3.fastq.gz,
HP1526901T2D_G4,/home/koraop/nob_dir/sc_transcriptomics/fastq_out/HP1526901T2D_G4.fastq.gz,
HP1526901T2D_G5,/home/koraop/nob_dir/sc_transcriptomics/fastq_out/HP1526901T2D_G5.fastq.gz,
HP1526901T2D_G6,/home/koraop/nob_dir/sc_transcriptomics/fastq_out/HP1526901T2D_G6.fastq.gz,
HP1526901T2D_G7,/home/koraop/nob_dir/sc_transcriptomics/fastq_out/HP1526901T2D_G7.fastq.gz,
HP1526901T2D_G8,/home/koraop/nob_dir/sc_transcriptomics/fastq_out/HP1526901T2D_G8.fastq.gz,
HP1526901T2D_G9,/home/koraop/nob_dir/sc_transcriptomics/fastq_out/HP1526901T2D_G9.fastq.gz,
HP1526901T2D_H1,/home/koraop/nob_dir/sc_transcriptomics/fastq_out/HP1526901T2D_H1.fastq.gz,
HP1526901T2D_H10,/home/koraop/nob_dir/sc_transcriptomics/fastq_out/HP1526901T2D_H10.fastq.gz,
HP1526901T2D_H11,/home/koraop/nob_dir/sc_transcriptomics/fastq_out/HP1526901T2D_H11.fastq.gz,
HP1526901T2D_H12,/home/koraop/nob_dir/sc_transcriptomics/fastq_out/HP1526901T2D_H12.fastq.gz,
HP1526901T2D_H13,/home/koraop/nob_dir/sc_transcriptomics/fastq_out/HP1526901T2D_H13.fastq.gz,
HP1526901T2D_H14,/home/koraop/nob_dir/sc_transcriptomics/fastq_out/HP1526901T2D_H14.fastq.gz,
HP1526901T2D_H15,/home/koraop/nob_dir/sc_transcriptomics/fastq_out/HP1526901T2D_H15.fastq.gz,
HP1526901T2D_H16,/home/koraop/nob_dir/sc_transcriptomics/fastq_out/HP1526901T2D_H16.fastq.gz,
HP1526901T2D_H17,/home/koraop/nob_dir/sc_transcriptomics/fastq_out/HP1526901T2D_H17.fastq.gz,
HP1526901T2D_H18,/home/koraop/nob_dir/sc_transcriptomics/fastq_out/HP1526901T2D_H18.fastq.gz,
HP1526901T2D_H19,/home/koraop/nob_dir/sc_transcriptomics/fastq_out/HP1526901T2D_H19.fastq.gz,
HP1526901T2D_H2,/home/koraop/nob_dir/sc_transcriptomics/fastq_out/HP1526901T2D_H2.fastq.gz,
HP1526901T2D_H20,/home/koraop/nob_dir/sc_transcriptomics/fastq_out/HP1526901T2D_H20.fastq.gz,
HP1526901T2D_H21,/home/koraop/nob_dir/sc_transcriptomics/fastq_out/HP1526901T2D_H21.fastq.gz,
HP1526901T2D_H22,/home/koraop/nob_dir/sc_transcriptomics/fastq_out/HP1526901T2D_H22.fastq.gz,
HP1526901T2D_H23,/home/koraop/nob_dir/sc_transcriptomics/fastq_out/HP1526901T2D_H23.fastq.gz,
HP1526901T2D_H24,/home/koraop/nob_dir/sc_transcriptomics/fastq_out/HP1526901T2D_H24.fastq.gz,
HP1526901T2D_H3,/home/koraop/nob_dir/sc_transcriptomics/fastq_out/HP1526901T2D_H3.fastq.gz,
HP1526901T2D_H4,/home/koraop/nob_dir/sc_transcriptomics/fastq_out/HP1526901T2D_H4.fastq.gz,
HP1526901T2D_H5,/home/koraop/nob_dir/sc_transcriptomics/fastq_out/HP1526901T2D_H5.fastq.gz,
HP1526901T2D_H6,/home/koraop/nob_dir/sc_transcriptomics/fastq_out/HP1526901T2D_H6.fastq.gz,
HP1526901T2D_H7,/home/koraop/nob_dir/sc_transcriptomics/fastq_out/HP1526901T2D_H7.fastq.gz,
HP1526901T2D_H8,/home/koraop/nob_dir/sc_transcriptomics/fastq_out/HP1526901T2D_H8.fastq.gz,
HP1526901T2D_H9,/home/koraop/nob_dir/sc_transcriptomics/fastq_out/HP1526901T2D_H9.fastq.gz,
HP1526901T2D_I1,/home/koraop/nob_dir/sc_transcriptomics/fastq_out/HP1526901T2D_I1.fastq.gz,
HP1526901T2D_I10,/home/koraop/nob_dir/sc_transcriptomics/fastq_out/HP1526901T2D_I10.fastq.gz,
HP1526901T2D_I11,/home/koraop/nob_dir/sc_transcriptomics/fastq_out/HP1526901T2D_I11.fastq.gz,
HP1526901T2D_I12,/home/koraop/nob_dir/sc_transcriptomics/fastq_out/HP1526901T2D_I12.fastq.gz,
HP1526901T2D_I13,/home/koraop/nob_dir/sc_transcriptomics/fastq_out/HP1526901T2D_I13.fastq.gz,
HP1526901T2D_I14,/home/koraop/nob_dir/sc_transcriptomics/fastq_out/HP1526901T2D_I14.fastq.gz,
HP1526901T2D_I15,/home/koraop/nob_dir/sc_transcriptomics/fastq_out/HP1526901T2D_I15.fastq.gz,
HP1526901T2D_I16,/home/koraop/nob_dir/sc_transcriptomics/fastq_out/HP1526901T2D_I16.fastq.gz,
HP1526901T2D_I17,/home/koraop/nob_dir/sc_transcriptomics/fastq_out/HP1526901T2D_I17.fastq.gz,
HP1526901T2D_I18,/home/koraop/nob_dir/sc_transcriptomics/fastq_out/HP1526901T2D_I18.fastq.gz,
HP1526901T2D_I19,/home/koraop/nob_dir/sc_transcriptomics/fastq_out/HP1526901T2D_I19.fastq.gz,
HP1526901T2D_I2,/home/koraop/nob_dir/sc_transcriptomics/fastq_out/HP1526901T2D_I2.fastq.gz,
HP1526901T2D_I20,/home/koraop/nob_dir/sc_transcriptomics/fastq_out/HP1526901T2D_I20.fastq.gz,
HP1526901T2D_I21,/home/koraop/nob_dir/sc_transcriptomics/fastq_out/HP1526901T2D_I21.fastq.gz,
HP1526901T2D_I22,/home/koraop/nob_dir/sc_transcriptomics/fastq_out/HP1526901T2D_I22.fastq.gz,
HP1526901T2D_I23,/home/koraop/nob_dir/sc_transcriptomics/fastq_out/HP1526901T2D_I23.fastq.gz,
HP1526901T2D_I24,/home/koraop/nob_dir/sc_transcriptomics/fastq_out/HP1526901T2D_I24.fastq.gz,
HP1526901T2D_I3,/home/koraop/nob_dir/sc_transcriptomics/fastq_out/HP1526901T2D_I3.fastq.gz,
HP1526901T2D_I4,/home/koraop/nob_dir/sc_transcriptomics/fastq_out/HP1526901T2D_I4.fastq.gz,
HP1526901T2D_I5,/home/koraop/nob_dir/sc_transcriptomics/fastq_out/HP1526901T2D_I5.fastq.gz,
HP1526901T2D_I6,/home/koraop/nob_dir/sc_transcriptomics/fastq_out/HP1526901T2D_I6.fastq.gz,
HP1526901T2D_I7,/home/koraop/nob_dir/sc_transcriptomics/fastq_out/HP1526901T2D_I7.fastq.gz,
HP1526901T2D_I8,/home/koraop/nob_dir/sc_transcriptomics/fastq_out/HP1526901T2D_I8.fastq.gz,
HP1526901T2D_I9,/home/koraop/nob_dir/sc_transcriptomics/fastq_out/HP1526901T2D_I9.fastq.gz,
HP1526901T2D_J1,/home/koraop/nob_dir/sc_transcriptomics/fastq_out/HP1526901T2D_J1.fastq.gz,
HP1526901T2D_J10,/home/koraop/nob_dir/sc_transcriptomics/fastq_out/HP1526901T2D_J10.fastq.gz,
HP1526901T2D_J11,/home/koraop/nob_dir/sc_transcriptomics/fastq_out/HP1526901T2D_J11.fastq.gz,
HP1526901T2D_J12,/home/koraop/nob_dir/sc_transcriptomics/fastq_out/HP1526901T2D_J12.fastq.gz,
HP1526901T2D_J13,/home/koraop/nob_dir/sc_transcriptomics/fastq_out/HP1526901T2D_J13.fastq.gz,
HP1526901T2D_J14,/home/koraop/nob_dir/sc_transcriptomics/fastq_out/HP1526901T2D_J14.fastq.gz,
HP1526901T2D_J15,/home/koraop/nob_dir/sc_transcriptomics/fastq_out/HP1526901T2D_J15.fastq.gz,
HP1526901T2D_J16,/home/koraop/nob_dir/sc_transcriptomics/fastq_out/HP1526901T2D_J16.fastq.gz,
HP1526901T2D_J17,/home/koraop/nob_dir/sc_transcriptomics/fastq_out/HP1526901T2D_J17.fastq.gz,
HP1526901T2D_J18,/home/koraop/nob_dir/sc_transcriptomics/fastq_out/HP1526901T2D_J18.fastq.gz,
HP1526901T2D_J19,/home/koraop/nob_dir/sc_transcriptomics/fastq_out/HP1526901T2D_J19.fastq.gz,
HP1526901T2D_J2,/home/koraop/nob_dir/sc_transcriptomics/fastq_out/HP1526901T2D_J2.fastq.gz,
HP1526901T2D_J20,/home/koraop/nob_dir/sc_transcriptomics/fastq_out/HP1526901T2D_J20.fastq.gz,
HP1526901T2D_J21,/home/koraop/nob_dir/sc_transcriptomics/fastq_out/HP1526901T2D_J21.fastq.gz,
HP1526901T2D_J22,/home/koraop/nob_dir/sc_transcriptomics/fastq_out/HP1526901T2D_J22.fastq.gz,
HP1526901T2D_J23,/home/koraop/nob_dir/sc_transcriptomics/fastq_out/HP1526901T2D_J23.fastq.gz,
HP1526901T2D_J24,/home/koraop/nob_dir/sc_transcriptomics/fastq_out/HP1526901T2D_J24.fastq.gz,
HP1526901T2D_J3,/home/koraop/nob_dir/sc_transcriptomics/fastq_out/HP1526901T2D_J3.fastq.gz,
HP1526901T2D_J4,/home/koraop/nob_dir/sc_transcriptomics/fastq_out/HP1526901T2D_J4.fastq.gz,
HP1526901T2D_J5,/home/koraop/nob_dir/sc_transcriptomics/fastq_out/HP1526901T2D_J5.fastq.gz,
HP1526901T2D_J6,/home/koraop/nob_dir/sc_transcriptomics/fastq_out/HP1526901T2D_J6.fastq.gz,
HP1526901T2D_J7,/home/koraop/nob_dir/sc_transcriptomics/fastq_out/HP1526901T2D_J7.fastq.gz,
HP1526901T2D_J8,/home/koraop/nob_dir/sc_transcriptomics/fastq_out/HP1526901T2D_J8.fastq.gz,
HP1526901T2D_J9,/home/koraop/nob_dir/sc_transcriptomics/fastq_out/HP1526901T2D_J9.fastq.gz,
HP1526901T2D_K1,/home/koraop/nob_dir/sc_transcriptomics/fastq_out/HP1526901T2D_K1.fastq.gz,
HP1526901T2D_K10,/home/koraop/nob_dir/sc_transcriptomics/fastq_out/HP1526901T2D_K10.fastq.gz,
HP1526901T2D_K11,/home/koraop/nob_dir/sc_transcriptomics/fastq_out/HP1526901T2D_K11.fastq.gz,
HP1526901T2D_K12,/home/koraop/nob_dir/sc_transcriptomics/fastq_out/HP1526901T2D_K12.fastq.gz,
HP1526901T2D_K13,/home/koraop/nob_dir/sc_transcriptomics/fastq_out/HP1526901T2D_K13.fastq.gz,
HP1526901T2D_K14,/home/koraop/nob_dir/sc_transcriptomics/fastq_out/HP1526901T2D_K14.fastq.gz,
HP1526901T2D_K15,/home/koraop/nob_dir/sc_transcriptomics/fastq_out/HP1526901T2D_K15.fastq.gz,
HP1526901T2D_K16,/home/koraop/nob_dir/sc_transcriptomics/fastq_out/HP1526901T2D_K16.fastq.gz,
HP1526901T2D_K17,/home/koraop/nob_dir/sc_transcriptomics/fastq_out/HP1526901T2D_K17.fastq.gz,
HP1526901T2D_K18,/home/koraop/nob_dir/sc_transcriptomics/fastq_out/HP1526901T2D_K18.fastq.gz,
HP1526901T2D_K19,/home/koraop/nob_dir/sc_transcriptomics/fastq_out/HP1526901T2D_K19.fastq.gz,
HP1526901T2D_K2,/home/koraop/nob_dir/sc_transcriptomics/fastq_out/HP1526901T2D_K2.fastq.gz,
HP1526901T2D_K20,/home/koraop/nob_dir/sc_transcriptomics/fastq_out/HP1526901T2D_K20.fastq.gz,
HP1526901T2D_K21,/home/koraop/nob_dir/sc_transcriptomics/fastq_out/HP1526901T2D_K21.fastq.gz,
HP1526901T2D_K22,/home/koraop/nob_dir/sc_transcriptomics/fastq_out/HP1526901T2D_K22.fastq.gz,
HP1526901T2D_K23,/home/koraop/nob_dir/sc_transcriptomics/fastq_out/HP1526901T2D_K23.fastq.gz,
HP1526901T2D_K24,/home/koraop/nob_dir/sc_transcriptomics/fastq_out/HP1526901T2D_K24.fastq.gz,
HP1526901T2D_K3,/home/koraop/nob_dir/sc_transcriptomics/fastq_out/HP1526901T2D_K3.fastq.gz,
HP1526901T2D_K4,/home/koraop/nob_dir/sc_transcriptomics/fastq_out/HP1526901T2D_K4.fastq.gz,
HP1526901T2D_K5,/home/koraop/nob_dir/sc_transcriptomics/fastq_out/HP1526901T2D_K5.fastq.gz,
HP1526901T2D_K6,/home/koraop/nob_dir/sc_transcriptomics/fastq_out/HP1526901T2D_K6.fastq.gz,
HP1526901T2D_K7,/home/koraop/nob_dir/sc_transcriptomics/fastq_out/HP1526901T2D_K7.fastq.gz,
HP1526901T2D_K8,/home/koraop/nob_dir/sc_transcriptomics/fastq_out/HP1526901T2D_K8.fastq.gz,
HP1526901T2D_K9,/home/koraop/nob_dir/sc_transcriptomics/fastq_out/HP1526901T2D_K9.fastq.gz,
HP1526901T2D_L1,/home/koraop/nob_dir/sc_transcriptomics/fastq_out/HP1526901T2D_L1.fastq.gz,
HP1526901T2D_L10,/home/koraop/nob_dir/sc_transcriptomics/fastq_out/HP1526901T2D_L10.fastq.gz,
HP1526901T2D_L11,/home/koraop/nob_dir/sc_transcriptomics/fastq_out/HP1526901T2D_L11.fastq.gz,
HP1526901T2D_L12,/home/koraop/nob_dir/sc_transcriptomics/fastq_out/HP1526901T2D_L12.fastq.gz,
HP1526901T2D_L13,/home/koraop/nob_dir/sc_transcriptomics/fastq_out/HP1526901T2D_L13.fastq.gz,
HP1526901T2D_L14,/home/koraop/nob_dir/sc_transcriptomics/fastq_out/HP1526901T2D_L14.fastq.gz,
HP1526901T2D_L15,/home/koraop/nob_dir/sc_transcriptomics/fastq_out/HP1526901T2D_L15.fastq.gz,
HP1526901T2D_L16,/home/koraop/nob_dir/sc_transcriptomics/fastq_out/HP1526901T2D_L16.fastq.gz,
HP1526901T2D_L17,/home/koraop/nob_dir/sc_transcriptomics/fastq_out/HP1526901T2D_L17.fastq.gz,
HP1526901T2D_L18,/home/koraop/nob_dir/sc_transcriptomics/fastq_out/HP1526901T2D_L18.fastq.gz,
HP1526901T2D_L19,/home/koraop/nob_dir/sc_transcriptomics/fastq_out/HP1526901T2D_L19.fastq.gz,
HP1526901T2D_L2,/home/koraop/nob_dir/sc_transcriptomics/fastq_out/HP1526901T2D_L2.fastq.gz,
HP1526901T2D_L20,/home/koraop/nob_dir/sc_transcriptomics/fastq_out/HP1526901T2D_L20.fastq.gz,
HP1526901T2D_L21,/home/koraop/nob_dir/sc_transcriptomics/fastq_out/HP1526901T2D_L21.fastq.gz,
HP1526901T2D_L22,/home/koraop/nob_dir/sc_transcriptomics/fastq_out/HP1526901T2D_L22.fastq.gz,
HP1526901T2D_L23,/home/koraop/nob_dir/sc_transcriptomics/fastq_out/HP1526901T2D_L23.fastq.gz,
HP1526901T2D_L24,/home/koraop/nob_dir/sc_transcriptomics/fastq_out/HP1526901T2D_L24.fastq.gz,
HP1526901T2D_L3,/home/koraop/nob_dir/sc_transcriptomics/fastq_out/HP1526901T2D_L3.fastq.gz,
HP1526901T2D_L4,/home/koraop/nob_dir/sc_transcriptomics/fastq_out/HP1526901T2D_L4.fastq.gz,
HP1526901T2D_L5,/home/koraop/nob_dir/sc_transcriptomics/fastq_out/HP1526901T2D_L5.fastq.gz,
HP1526901T2D_L6,/home/koraop/nob_dir/sc_transcriptomics/fastq_out/HP1526901T2D_L6.fastq.gz,
HP1526901T2D_L7,/home/koraop/nob_dir/sc_transcriptomics/fastq_out/HP1526901T2D_L7.fastq.gz,
HP1526901T2D_L8,/home/koraop/nob_dir/sc_transcriptomics/fastq_out/HP1526901T2D_L8.fastq.gz,
HP1526901T2D_L9,/home/koraop/nob_dir/sc_transcriptomics/fastq_out/HP1526901T2D_L9.fastq.gz,
HP1526901T2D_M1,/home/koraop/nob_dir/sc_transcriptomics/fastq_out/HP1526901T2D_M1.fastq.gz,
HP1526901T2D_M10,/home/koraop/nob_dir/sc_transcriptomics/fastq_out/HP1526901T2D_M10.fastq.gz,
HP1526901T2D_M11,/home/koraop/nob_dir/sc_transcriptomics/fastq_out/HP1526901T2D_M11.fastq.gz,
HP1526901T2D_M12,/home/koraop/nob_dir/sc_transcriptomics/fastq_out/HP1526901T2D_M12.fastq.gz,
HP1526901T2D_M13,/home/koraop/nob_dir/sc_transcriptomics/fastq_out/HP1526901T2D_M13.fastq.gz,
HP1526901T2D_M14,/home/koraop/nob_dir/sc_transcriptomics/fastq_out/HP1526901T2D_M14.fastq.gz,
HP1526901T2D_M15,/home/koraop/nob_dir/sc_transcriptomics/fastq_out/HP1526901T2D_M15.fastq.gz,
HP1526901T2D_M16,/home/koraop/nob_dir/sc_transcriptomics/fastq_out/HP1526901T2D_M16.fastq.gz,
HP1526901T2D_M17,/home/koraop/nob_dir/sc_transcriptomics/fastq_out/HP1526901T2D_M17.fastq.gz,
HP1526901T2D_M18,/home/koraop/nob_dir/sc_transcriptomics/fastq_out/HP1526901T2D_M18.fastq.gz,
HP1526901T2D_M19,/home/koraop/nob_dir/sc_transcriptomics/fastq_out/HP1526901T2D_M19.fastq.gz,
HP1526901T2D_M2,/home/koraop/nob_dir/sc_transcriptomics/fastq_out/HP1526901T2D_M2.fastq.gz,
HP1526901T2D_M20,/home/koraop/nob_dir/sc_transcriptomics/fastq_out/HP1526901T2D_M20.fastq.gz,
HP1526901T2D_M21,/home/koraop/nob_dir/sc_transcriptomics/fastq_out/HP1526901T2D_M21.fastq.gz,
HP1526901T2D_M22,/home/koraop/nob_dir/sc_transcriptomics/fastq_out/HP1526901T2D_M22.fastq.gz,
HP1526901T2D_M23,/home/koraop/nob_dir/sc_transcriptomics/fastq_out/HP1526901T2D_M23.fastq.gz,
HP1526901T2D_M24,/home/koraop/nob_dir/sc_transcriptomics/fastq_out/HP1526901T2D_M24.fastq.gz,
HP1526901T2D_M3,/home/koraop/nob_dir/sc_transcriptomics/fastq_out/HP1526901T2D_M3.fastq.gz,
HP1526901T2D_M4,/home/koraop/nob_dir/sc_transcriptomics/fastq_out/HP1526901T2D_M4.fastq.gz,
HP1526901T2D_M5,/home/koraop/nob_dir/sc_transcriptomics/fastq_out/HP1526901T2D_M5.fastq.gz,
HP1526901T2D_M6,/home/koraop/nob_dir/sc_transcriptomics/fastq_out/HP1526901T2D_M6.fastq.gz,
HP1526901T2D_M7,/home/koraop/nob_dir/sc_transcriptomics/fastq_out/HP1526901T2D_M7.fastq.gz,
HP1526901T2D_M8,/home/koraop/nob_dir/sc_transcriptomics/fastq_out/HP1526901T2D_M8.fastq.gz,
HP1526901T2D_M9,/home/koraop/nob_dir/sc_transcriptomics/fastq_out/HP1526901T2D_M9.fastq.gz,
HP1526901T2D_N1,/home/koraop/nob_dir/sc_transcriptomics/fastq_out/HP1526901T2D_N1.fastq.gz,
HP1526901T2D_N10,/home/koraop/nob_dir/sc_transcriptomics/fastq_out/HP1526901T2D_N10.fastq.gz,
HP1526901T2D_N11,/home/koraop/nob_dir/sc_transcriptomics/fastq_out/HP1526901T2D_N11.fastq.gz,
HP1526901T2D_N12,/home/koraop/nob_dir/sc_transcriptomics/fastq_out/HP1526901T2D_N12.fastq.gz,
HP1526901T2D_N13,/home/koraop/nob_dir/sc_transcriptomics/fastq_out/HP1526901T2D_N13.fastq.gz,
HP1526901T2D_N14,/home/koraop/nob_dir/sc_transcriptomics/fastq_out/HP1526901T2D_N14.fastq.gz,
HP1526901T2D_N15,/home/koraop/nob_dir/sc_transcriptomics/fastq_out/HP1526901T2D_N15.fastq.gz,
HP1526901T2D_N16,/home/koraop/nob_dir/sc_transcriptomics/fastq_out/HP1526901T2D_N16.fastq.gz,
HP1526901T2D_N17,/home/koraop/nob_dir/sc_transcriptomics/fastq_out/HP1526901T2D_N17.fastq.gz,
HP1526901T2D_N18,/home/koraop/nob_dir/sc_transcriptomics/fastq_out/HP1526901T2D_N18.fastq.gz,
HP1526901T2D_N19,/home/koraop/nob_dir/sc_transcriptomics/fastq_out/HP1526901T2D_N19.fastq.gz,
HP1526901T2D_N2,/home/koraop/nob_dir/sc_transcriptomics/fastq_out/HP1526901T2D_N2.fastq.gz,
HP1526901T2D_N20,/home/koraop/nob_dir/sc_transcriptomics/fastq_out/HP1526901T2D_N20.fastq.gz,
HP1526901T2D_N21,/home/koraop/nob_dir/sc_transcriptomics/fastq_out/HP1526901T2D_N21.fastq.gz,
HP1526901T2D_N22,/home/koraop/nob_dir/sc_transcriptomics/fastq_out/HP1526901T2D_N22.fastq.gz,
HP1526901T2D_N23,/home/koraop/nob_dir/sc_transcriptomics/fastq_out/HP1526901T2D_N23.fastq.gz,
HP1526901T2D_N24,/home/koraop/nob_dir/sc_transcriptomics/fastq_out/HP1526901T2D_N24.fastq.gz,
HP1526901T2D_N3,/home/koraop/nob_dir/sc_transcriptomics/fastq_out/HP1526901T2D_N3.fastq.gz,
HP1526901T2D_N4,/home/koraop/nob_dir/sc_transcriptomics/fastq_out/HP1526901T2D_N4.fastq.gz,
HP1526901T2D_N5,/home/koraop/nob_dir/sc_transcriptomics/fastq_out/HP1526901T2D_N5.fastq.gz,
HP1526901T2D_N6,/home/koraop/nob_dir/sc_transcriptomics/fastq_out/HP1526901T2D_N6.fastq.gz,
HP1526901T2D_N7,/home/koraop/nob_dir/sc_transcriptomics/fastq_out/HP1526901T2D_N7.fastq.gz,
HP1526901T2D_N8,/home/koraop/nob_dir/sc_transcriptomics/fastq_out/HP1526901T2D_N8.fastq.gz,
HP1526901T2D_N9,/home/koraop/nob_dir/sc_transcriptomics/fastq_out/HP1526901T2D_N9.fastq.gz,
HP1526901T2D_O1,/home/koraop/nob_dir/sc_transcriptomics/fastq_out/HP1526901T2D_O1.fastq.gz,
HP1526901T2D_O10,/home/koraop/nob_dir/sc_transcriptomics/fastq_out/HP1526901T2D_O10.fastq.gz,
HP1526901T2D_O11,/home/koraop/nob_dir/sc_transcriptomics/fastq_out/HP1526901T2D_O11.fastq.gz,
HP1526901T2D_O12,/home/koraop/nob_dir/sc_transcriptomics/fastq_out/HP1526901T2D_O12.fastq.gz,
HP1526901T2D_O13,/home/koraop/nob_dir/sc_transcriptomics/fastq_out/HP1526901T2D_O13.fastq.gz,
HP1526901T2D_O14,/home/koraop/nob_dir/sc_transcriptomics/fastq_out/HP1526901T2D_O14.fastq.gz,
HP1526901T2D_O15,/home/koraop/nob_dir/sc_transcriptomics/fastq_out/HP1526901T2D_O15.fastq.gz,
HP1526901T2D_O16,/home/koraop/nob_dir/sc_transcriptomics/fastq_out/HP1526901T2D_O16.fastq.gz,
HP1526901T2D_O17,/home/koraop/nob_dir/sc_transcriptomics/fastq_out/HP1526901T2D_O17.fastq.gz,
HP1526901T2D_O18,/home/koraop/nob_dir/sc_transcriptomics/fastq_out/HP1526901T2D_O18.fastq.gz,
HP1526901T2D_O19,/home/koraop/nob_dir/sc_transcriptomics/fastq_out/HP1526901T2D_O19.fastq.gz,
HP1526901T2D_O2,/home/koraop/nob_dir/sc_transcriptomics/fastq_out/HP1526901T2D_O2.fastq.gz,
HP1526901T2D_O20,/home/koraop/nob_dir/sc_transcriptomics/fastq_out/HP1526901T2D_O20.fastq.gz,
HP1526901T2D_O21,/home/koraop/nob_dir/sc_transcriptomics/fastq_out/HP1526901T2D_O21.fastq.gz,
HP1526901T2D_O22,/home/koraop/nob_dir/sc_transcriptomics/fastq_out/HP1526901T2D_O22.fastq.gz,
HP1526901T2D_O23,/home/koraop/nob_dir/sc_transcriptomics/fastq_out/HP1526901T2D_O23.fastq.gz,
HP1526901T2D_O24,/home/koraop/nob_dir/sc_transcriptomics/fastq_out/HP1526901T2D_O24.fastq.gz,
HP1526901T2D_O3,/home/koraop/nob_dir/sc_transcriptomics/fastq_out/HP1526901T2D_O3.fastq.gz,
HP1526901T2D_O4,/home/koraop/nob_dir/sc_transcriptomics/fastq_out/HP1526901T2D_O4.fastq.gz,
HP1526901T2D_O5,/home/koraop/nob_dir/sc_transcriptomics/fastq_out/HP1526901T2D_O5.fastq.gz,
HP1526901T2D_O6,/home/koraop/nob_dir/sc_transcriptomics/fastq_out/HP1526901T2D_O6.fastq.gz,
HP1526901T2D_O7,/home/koraop/nob_dir/sc_transcriptomics/fastq_out/HP1526901T2D_O7.fastq.gz,
HP1526901T2D_O8,/home/koraop/nob_dir/sc_transcriptomics/fastq_out/HP1526901T2D_O8.fastq.gz,
HP1526901T2D_O9,/home/koraop/nob_dir/sc_transcriptomics/fastq_out/HP1526901T2D_O9.fastq.gz,
HP1526901T2D_P1,/home/koraop/nob_dir/sc_transcriptomics/fastq_out/HP1526901T2D_P1.fastq.gz,
HP1526901T2D_P10,/home/koraop/nob_dir/sc_transcriptomics/fastq_out/HP1526901T2D_P10.fastq.gz,
HP1526901T2D_P11,/home/koraop/nob_dir/sc_transcriptomics/fastq_out/HP1526901T2D_P11.fastq.gz,
HP1526901T2D_P12,/home/koraop/nob_dir/sc_transcriptomics/fastq_out/HP1526901T2D_P12.fastq.gz,
HP1526901T2D_P13,/home/koraop/nob_dir/sc_transcriptomics/fastq_out/HP1526901T2D_P13.fastq.gz,
HP1526901T2D_P14,/home/koraop/nob_dir/sc_transcriptomics/fastq_out/HP1526901T2D_P14.fastq.gz,
HP1526901T2D_P15,/home/koraop/nob_dir/sc_transcriptomics/fastq_out/HP1526901T2D_P15.fastq.gz,
HP1526901T2D_P16,/home/koraop/nob_dir/sc_transcriptomics/fastq_out/HP1526901T2D_P16.fastq.gz,
HP1526901T2D_P17,/home/koraop/nob_dir/sc_transcriptomics/fastq_out/HP1526901T2D_P17.fastq.gz,
HP1526901T2D_P18,/home/koraop/nob_dir/sc_transcriptomics/fastq_out/HP1526901T2D_P18.fastq.gz,
HP1526901T2D_P19,/home/koraop/nob_dir/sc_transcriptomics/fastq_out/HP1526901T2D_P19.fastq.gz,
HP1526901T2D_P2,/home/koraop/nob_dir/sc_transcriptomics/fastq_out/HP1526901T2D_P2.fastq.gz,
HP1526901T2D_P20,/home/koraop/nob_dir/sc_transcriptomics/fastq_out/HP1526901T2D_P20.fastq.gz,
HP1526901T2D_P21,/home/koraop/nob_dir/sc_transcriptomics/fastq_out/HP1526901T2D_P21.fastq.gz,
HP1526901T2D_P22,/home/koraop/nob_dir/sc_transcriptomics/fastq_out/HP1526901T2D_P22.fastq.gz,
HP1526901T2D_P23,/home/koraop/nob_dir/sc_transcriptomics/fastq_out/HP1526901T2D_P23.fastq.gz,
HP1526901T2D_P24,/home/koraop/nob_dir/sc_transcriptomics/fastq_out/HP1526901T2D_P24.fastq.gz,
HP1526901T2D_P3,/home/koraop/nob_dir/sc_transcriptomics/fastq_out/HP1526901T2D_P3.fastq.gz,
HP1526901T2D_P4,/home/koraop/nob_dir/sc_transcriptomics/fastq_out/HP1526901T2D_P4.fastq.gz,
HP1526901T2D_P5,/home/koraop/nob_dir/sc_transcriptomics/fastq_out/HP1526901T2D_P5.fastq.gz,
HP1526901T2D_P6,/home/koraop/nob_dir/sc_transcriptomics/fastq_out/HP1526901T2D_P6.fastq.gz,
HP1526901T2D_P7,/home/koraop/nob_dir/sc_transcriptomics/fastq_out/HP1526901T2D_P7.fastq.gz,
HP1526901T2D_P8,/home/koraop/nob_dir/sc_transcriptomics/fastq_out/HP1526901T2D_P8.fastq.gz,
HP1526901T2D_P9,/home/koraop/nob_dir/sc_transcriptomics/fastq_out/HP1526901T2D_P9.fastq.gz,
